{"type":"FeatureCollection","source":"https://services.arcgis.com/KTcxiTD9dsQw4r7Z/arcgis/rest/services/Texas_Water_Bodies/FeatureServer","query":"layer 0; where ACRES > 1000 AND BODY_TYP is not Stream/River or Dam/Weir; outSR 4326; maxAllowableOffset 0.0002; geometryPrecision 5; retrieved 2026-09-24; kept if any vertex falls inside the eleven counties","features":[{"type":"Feature","id":67691,"geometry":{"type":"Polygon","coordinates":[[[-97.92173,33.2246],[-97.92323,33.22452],[-97.92423,33.22395],[-97.92452,33.22424],[-97.92418,33.22478],[-97.92436,33.22526],[-97.92601,33.22628],[-97.92788,33.22824],[-97.93484,33.22547],[-97.9361,33.2256],[-97.93744,33.22516],[-97.93837,33.22566],[-97.93885,33.2254],[-97.93938,33.22557],[-97.94067,33.22463],[-97.93961,33.22581],[-97.93682,33.2259],[-97.93539,33.22644],[-97.93741,33.22615],[-97.93942,33.22643],[-97.94061,33.22693],[-97.94114,33.22659],[-97.94122,33.22575],[-97.94211,33.22525],[-97.94258,33.22436],[-97.94431,33.22452],[-97.94437,33.22397],[-97.94564,33.22329],[-97.94584,33.22248],[-97.94532,33.22066],[-97.94583,33.22004],[-97.94532,33.21964],[-97.9453,33.21876],[-97.94563,33.2184],[-97.94623,33.21863],[-97.94863,33.21777],[-97.94896,33.2168],[-97.94786,33.21572],[-97.94861,33.21506],[-97.94813,33.21574],[-97.94905,33.21637],[-97.9492,33.21683],[-97.94888,33.21772],[-97.94628,33.21882],[-97.94556,33.21879],[-97.94546,33.2192],[-97.94607,33.21995],[-97.94555,33.22066],[-97.94626,33.22284],[-97.94666,33.2231],[-97.94695,33.22275],[-97.94854,33.22308],[-97.94677,33.22369],[-97.94676,33.22334],[-97.94612,33.22321],[-97.94483,33.22396],[-97.9444,33.22484],[-97.94263,33.22478],[-97.94239,33.22549],[-97.9415,33.22606],[-97.94185,33.22676],[-97.94086,33.22713],[-97.94143,33.22799],[-97.94088,33.22799],[-97.94044,33.22734],[-97.93924,33.2266],[-97.93698,33.22631],[-97.93745,33.22693],[-97.93685,33.22741],[-97.93772,33.22748],[-97.93719,33.22789],[-97.93444,33.22743],[-97.92815,33.23005],[-97.92879,33.23083],[-97.93036,33.23173],[-97.93267,33.23188],[-97.93352,33.23225],[-97.94066,33.23003],[-97.94296,33.23006],[-97.94485,33.23081],[-97.9447,33.23014],[-97.94525,33.22925],[-97.94623,33.23018],[-97.94807,33.23035],[-97.94867,33.22995],[-97.94888,33.22881],[-97.94944,33.22813],[-97.94948,33.2287],[-97.95066,33.23015],[-97.95202,33.22995],[-97.95308,33.22886],[-97.95239,33.22986],[-97.95236,33.23112],[-97.95155,33.23107],[-97.95156,33.23151],[-97.95074,33.23227],[-97.9503,33.23215],[-97.94905,33.23309],[-97.94973,33.23502],[-97.9491,33.2367],[-97.94977,33.23911],[-97.94964,33.2401],[-97.9487,33.2407],[-97.94749,33.24329],[-97.94767,33.24372],[-97.94824,33.24377],[-97.9476,33.2439],[-97.94748,33.24432],[-97.94837,33.2449],[-97.94826,33.24517],[-97.94763,33.24498],[-97.94718,33.24544],[-97.94724,33.24484],[-97.94695,33.24479],[-97.94661,33.24542],[-97.94552,33.24536],[-97.94553,33.24595],[-97.94501,33.24577],[-97.94493,33.24523],[-97.94397,33.2451],[-97.94379,33.24448],[-97.94194,33.24556],[-97.94281,33.24499],[-97.94302,33.24416],[-97.94088,33.24517],[-97.94008,33.24656],[-97.93991,33.24852],[-97.9392,33.2486],[-97.9385,33.24762],[-97.93756,33.24848],[-97.93779,33.24909],[-97.93901,33.24941],[-97.94113,33.25134],[-97.94106,33.25168],[-97.94053,33.25181],[-97.93898,33.25134],[-97.93861,33.25184],[-97.93879,33.25247],[-97.93991,33.25382],[-97.94138,33.25445],[-97.94625,33.25463],[-97.95033,33.25274],[-97.95123,33.25346],[-97.95308,33.25414],[-97.95378,33.25486],[-97.95436,33.25652],[-97.95537,33.25776],[-97.95492,33.26027],[-97.95537,33.26192],[-97.95426,33.26373],[-97.95429,33.26472],[-97.95536,33.26624],[-97.95662,33.26584],[-97.95785,33.26624],[-97.95855,33.26826],[-97.9589,33.26844],[-97.95955,33.26829],[-97.9603,33.26736],[-97.96077,33.26334],[-97.96161,33.26187],[-97.96248,33.26111],[-97.96331,33.25925],[-97.96423,33.25861],[-97.96486,33.25741],[-97.96563,33.2578],[-97.96601,33.25904],[-97.9693,33.26472],[-97.97371,33.26665],[-97.97497,33.26632],[-97.97619,33.26681],[-97.97904,33.26563],[-97.98055,33.26236],[-97.9809,33.26064],[-97.97956,33.26005],[-97.9795,33.25967],[-97.98,33.25911],[-97.97879,33.25767],[-97.97825,33.25785],[-97.97892,33.25754],[-97.98018,33.25902],[-97.97961,33.25969],[-97.97971,33.26001],[-97.98088,33.26037],[-97.98107,33.26077],[-97.97973,33.26474],[-97.97899,33.26582],[-97.97757,33.26617],[-97.97643,33.26691],[-97.97507,33.2664],[-97.97379,33.26681],[-97.96937,33.26488],[-97.9659,33.25918],[-97.96554,33.25787],[-97.96495,33.25754],[-97.96427,33.25873],[-97.96344,33.25928],[-97.96261,33.26106],[-97.96074,33.26364],[-97.96048,33.26712],[-97.95989,33.26819],[-97.96013,33.26847],[-97.95855,33.2684],[-97.95741,33.2661],[-97.95505,33.26623],[-97.95402,33.26422],[-97.95517,33.26201],[-97.95473,33.25983],[-97.95521,33.25782],[-97.95471,33.25711],[-97.95417,33.25738],[-97.95437,33.25701],[-97.95329,33.25458],[-97.95104,33.25354],[-97.95035,33.25285],[-97.94741,33.25446],[-97.94619,33.25478],[-97.9433,33.25484],[-97.94262,33.25443],[-97.94051,33.25446],[-97.93857,33.25258],[-97.93836,33.25176],[-97.93889,33.25108],[-97.94038,33.25153],[-97.9407,33.25127],[-97.93891,33.24971],[-97.9377,33.24939],[-97.93712,33.24865],[-97.93656,33.24887],[-97.93728,33.24817],[-97.93637,33.24763],[-97.93705,33.24676],[-97.93764,33.24777],[-97.93853,33.2474],[-97.9397,33.24835],[-97.94,33.24559],[-97.94277,33.24375],[-97.9429,33.24308],[-97.94177,33.24204],[-97.94125,33.24247],[-97.94131,33.24181],[-97.94093,33.24134],[-97.94069,33.24198],[-97.94027,33.24189],[-97.94038,33.24282],[-97.93961,33.24318],[-97.93984,33.24385],[-97.93876,33.24372],[-97.93904,33.24326],[-97.93871,33.24311],[-97.93823,33.24365],[-97.9377,33.24273],[-97.93789,33.24238],[-97.93705,33.24245],[-97.93663,33.24206],[-97.93589,33.24311],[-97.93497,33.2436],[-97.93446,33.243],[-97.93412,33.2433],[-97.93382,33.24272],[-97.93332,33.24277],[-97.93409,33.24234],[-97.93368,33.24212],[-97.93414,33.24142],[-97.93508,33.2417],[-97.93451,33.2412],[-97.93473,33.24073],[-97.93635,33.24015],[-97.93873,33.23643],[-97.94039,33.23511],[-97.94074,33.23369],[-97.94038,33.23284],[-97.93917,33.23235],[-97.93798,33.23251],[-97.93503,33.23342],[-97.93488,33.23401],[-97.93437,33.23428],[-97.93016,33.23409],[-97.92657,33.23165],[-97.9254,33.22857],[-97.92289,33.22727],[-97.92162,33.22702],[-97.92123,33.22765],[-97.92147,33.2317],[-97.92125,33.23367],[-97.91848,33.23764],[-97.91847,33.23823],[-97.9155,33.23972],[-97.91389,33.23978],[-97.9106,33.23913],[-97.90963,33.23977],[-97.91039,33.24101],[-97.91121,33.24129],[-97.91123,33.24201],[-97.91193,33.24281],[-97.9121,33.24441],[-97.91343,33.24474],[-97.91518,33.24418],[-97.91465,33.24483],[-97.9151,33.24538],[-97.914,33.2453],[-97.9137,33.24556],[-97.91341,33.24657],[-97.91362,33.24758],[-97.91285,33.24822],[-97.91209,33.24972],[-97.91189,33.24937],[-97.91157,33.24967],[-97.91174,33.24923],[-97.91221,33.24905],[-97.91219,33.24868],[-97.9119,33.24875],[-97.91238,33.24824],[-97.91236,33.24651],[-97.91174,33.2463],[-97.91251,33.24571],[-97.91112,33.24465],[-97.91099,33.24332],[-97.91021,33.24279],[-97.90931,33.2429],[-97.90609,33.24534],[-97.90528,33.24551],[-97.90287,33.24517],[-97.90244,33.24653],[-97.90066,33.24674],[-97.9016,33.2466],[-97.9019,33.24615],[-97.90131,33.245],[-97.90156,33.24455],[-97.90055,33.24355],[-97.89983,33.24218],[-97.89872,33.2373],[-97.89656,33.23617],[-97.89637,33.23574],[-97.894,33.23397],[-97.89226,33.23329],[-97.89103,33.23478],[-97.88969,33.23797],[-97.88858,33.23965],[-97.88864,33.24153],[-97.88934,33.24221],[-97.88841,33.24245],[-97.88845,33.24377],[-97.88985,33.24449],[-97.88827,33.24535],[-97.88732,33.24401],[-97.88563,33.24402],[-97.88466,33.24481],[-97.88559,33.24634],[-97.88758,33.24768],[-97.88841,33.24757],[-97.88851,33.24831],[-97.88655,33.24813],[-97.88398,33.24737],[-97.8833,33.24784],[-97.88296,33.24904],[-97.88236,33.2485],[-97.88186,33.2463],[-97.87783,33.24333],[-97.87954,33.2505],[-97.87902,33.25163],[-97.87735,33.25197],[-97.87666,33.25249],[-97.87629,33.25335],[-97.87627,33.25536],[-97.87691,33.25686],[-97.87782,33.25751],[-97.87845,33.25751],[-97.87852,33.25792],[-97.87932,33.25856],[-97.87747,33.2581],[-97.87632,33.2583],[-97.8754,33.26046],[-97.874,33.26253],[-97.8746,33.26245],[-97.87574,33.26312],[-97.87623,33.26275],[-97.87641,33.26189],[-97.87747,33.26176],[-97.877,33.262],[-97.87702,33.26308],[-97.87634,33.26421],[-97.87639,33.26476],[-97.87682,33.2651],[-97.87953,33.26486],[-97.88042,33.26408],[-97.88231,33.26435],[-97.88227,33.26468],[-97.88471,33.26404],[-97.88563,33.26434],[-97.8862,33.26403],[-97.88665,33.26326],[-97.88636,33.26434],[-97.88693,33.26461],[-97.88635,33.26489],[-97.88445,33.26474],[-97.88233,33.26547],[-97.88091,33.26485],[-97.8796,33.26595],[-97.87832,33.26602],[-97.8797,33.26846],[-97.88152,33.26883],[-97.88027,33.26883],[-97.87938,33.26962],[-97.88064,33.2703],[-97.88134,33.27159],[-97.87992,33.27054],[-97.87995,33.27163],[-97.87938,33.27147],[-97.87908,33.27194],[-97.87876,33.27135],[-97.87825,33.2714],[-97.87893,33.27085],[-97.8789,33.27031],[-97.87831,33.26981],[-97.87893,33.26868],[-97.87797,33.2672],[-97.87696,33.26639],[-97.8758,33.26624],[-97.87507,33.26694],[-97.87527,33.26865],[-97.87471,33.26957],[-97.87427,33.26627],[-97.8734,33.26531],[-97.87205,33.26669],[-97.86979,33.268],[-97.86947,33.2677],[-97.86857,33.26785],[-97.8667,33.26892],[-97.86631,33.26995],[-97.86674,33.27137],[-97.86648,33.27258],[-97.86508,33.27356],[-97.86626,33.27372],[-97.86784,33.27345],[-97.86649,33.27418],[-97.86659,33.27478],[-97.86582,33.27455],[-97.86575,33.2751],[-97.86512,33.27496],[-97.8649,33.27423],[-97.86422,33.27438],[-97.86278,33.27374],[-97.86139,33.27396],[-97.86221,33.2762],[-97.86302,33.2763],[-97.86292,33.27773],[-97.86337,33.27866],[-97.86215,33.28025],[-97.86263,33.28052],[-97.86176,33.28175],[-97.86195,33.28282],[-97.86272,33.28315],[-97.86319,33.2825],[-97.86477,33.28236],[-97.86387,33.28391],[-97.86383,33.28491],[-97.86469,33.28512],[-97.86665,33.2842],[-97.86724,33.28464],[-97.86816,33.28471],[-97.86914,33.2845],[-97.87012,33.28364],[-97.87118,33.2843],[-97.87374,33.28397],[-97.87288,33.28475],[-97.87105,33.28534],[-97.87103,33.28722],[-97.86986,33.28829],[-97.86982,33.28916],[-97.87396,33.28844],[-97.87627,33.28955],[-97.87651,33.28865],[-97.87732,33.28927],[-97.87817,33.28881],[-97.87756,33.28951],[-97.87762,33.28992],[-97.87709,33.28964],[-97.87657,33.29011],[-97.87636,33.28995],[-97.876,33.29098],[-97.87597,33.29026],[-97.8754,33.29187],[-97.87576,33.29276],[-97.8749,33.29374],[-97.87508,33.29392],[-97.87456,33.29379],[-97.8742,33.29445],[-97.87424,33.29371],[-97.87355,33.29286],[-97.87302,33.29269],[-97.87057,33.29263],[-97.86893,33.29308],[-97.86845,33.2943],[-97.86901,33.29642],[-97.87488,33.29867],[-97.87514,33.30022],[-97.87433,33.30139],[-97.87587,33.30215],[-97.87632,33.30282],[-97.88219,33.30356],[-97.88241,33.30276],[-97.88007,33.30144],[-97.87986,33.30088],[-97.88146,33.30229],[-97.88249,33.30265],[-97.88233,33.30362],[-97.87627,33.30301],[-97.87577,33.3024],[-97.87413,33.30144],[-97.8742,33.30088],[-97.87496,33.29988],[-97.87463,33.29881],[-97.86941,33.29696],[-97.86876,33.29648],[-97.86821,33.29399],[-97.86908,33.2926],[-97.87215,33.29228],[-97.87346,33.2925],[-97.87451,33.2932],[-97.87534,33.29286],[-97.87505,33.29191],[-97.87574,33.28994],[-97.87467,33.28897],[-97.87279,33.28892],[-97.8716,33.28952],[-97.87318,33.28941],[-97.87434,33.28997],[-97.87156,33.28991],[-97.86976,33.29041],[-97.86824,33.29044],[-97.8674,33.28982],[-97.86446,33.28962],[-97.86091,33.29091],[-97.86066,33.29134],[-97.86123,33.29178],[-97.86053,33.292],[-97.86001,33.29094],[-97.85952,33.29078],[-97.85984,33.29058],[-97.8598,33.29004],[-97.85933,33.28988],[-97.85776,33.28777],[-97.85573,33.28747],[-97.85585,33.28714],[-97.85474,33.28677],[-97.85613,33.2863],[-97.85539,33.28561],[-97.85538,33.2852],[-97.85596,33.28473],[-97.85569,33.28416],[-97.85498,33.28428],[-97.85396,33.28524],[-97.85296,33.28536],[-97.85182,33.28427],[-97.85163,33.28374],[-97.852,33.28309],[-97.85149,33.28292],[-97.85021,33.28331],[-97.84964,33.28524],[-97.84975,33.28584],[-97.84889,33.28576],[-97.84947,33.28687],[-97.84907,33.28749],[-97.84914,33.28817],[-97.84849,33.28824],[-97.84834,33.28905],[-97.84769,33.28869],[-97.84816,33.28785],[-97.84734,33.28864],[-97.84747,33.28937],[-97.84707,33.28897],[-97.84638,33.28898],[-97.84676,33.28855],[-97.84622,33.28855],[-97.84585,33.28987],[-97.84623,33.29005],[-97.84722,33.28974],[-97.84749,33.29057],[-97.8473,33.2912],[-97.84667,33.29151],[-97.84473,33.2914],[-97.84425,33.29175],[-97.84475,33.29125],[-97.8469,33.29113],[-97.84716,33.29066],[-97.84709,33.29],[-97.84635,33.29037],[-97.84559,33.29015],[-97.84556,33.28875],[-97.84619,33.2881],[-97.84748,33.28789],[-97.848,33.28683],[-97.84718,33.28777],[-97.8467,33.287],[-97.84678,33.28628],[-97.84535,33.28586],[-97.84665,33.28557],[-97.84635,33.28522],[-97.84673,33.28523],[-97.8467,33.28478],[-97.84621,33.28396],[-97.84687,33.28406],[-97.84674,33.28252],[-97.84698,33.282],[-97.84636,33.28188],[-97.84795,33.28143],[-97.84853,33.27971],[-97.84883,33.28043],[-97.85005,33.28038],[-97.85193,33.27901],[-97.85257,33.27889],[-97.85331,33.27929],[-97.85397,33.28036],[-97.85417,33.28198],[-97.8553,33.28075],[-97.85661,33.28026],[-97.85759,33.27929],[-97.8561,33.27838],[-97.85468,33.27843],[-97.85343,33.27672],[-97.852,33.27684],[-97.85156,33.27655],[-97.85145,33.27594],[-97.85188,33.27644],[-97.85483,33.27552],[-97.85516,33.27633],[-97.85579,33.27671],[-97.85658,33.27648],[-97.85896,33.27711],[-97.86003,33.27685],[-97.85999,33.27619],[-97.85894,33.27406],[-97.85804,33.27351],[-97.85762,33.27244],[-97.85839,33.27287],[-97.85896,33.27279],[-97.85907,33.27128],[-97.86,33.27177],[-97.8625,33.27211],[-97.86286,33.27176],[-97.86382,33.27208],[-97.86416,33.27154],[-97.86419,33.27056],[-97.86381,33.26841],[-97.86625,33.26665],[-97.87023,33.26522],[-97.8676,33.26501],[-97.86755,33.26462],[-97.86836,33.26417],[-97.8684,33.26386],[-97.86738,33.26284],[-97.86629,33.26253],[-97.86529,33.26041],[-97.86513,33.25901],[-97.86442,33.25841],[-97.86322,33.25824],[-97.86248,33.25866],[-97.86295,33.26088],[-97.86139,33.25967],[-97.86104,33.25893],[-97.8614,33.25782],[-97.86273,33.257],[-97.86299,33.25651],[-97.86199,33.25569],[-97.86083,33.25594],[-97.85992,33.25524],[-97.85855,33.25508],[-97.85759,33.25563],[-97.85683,33.25547],[-97.85327,33.25614],[-97.85241,33.25858],[-97.8525,33.2592],[-97.85323,33.25935],[-97.85268,33.26011],[-97.85273,33.26103],[-97.8525,33.26117],[-97.85167,33.26052],[-97.85095,33.26127],[-97.85051,33.26029],[-97.8497,33.26061],[-97.84889,33.26033],[-97.84876,33.25922],[-97.84954,33.25963],[-97.84949,33.25862],[-97.84995,33.25817],[-97.84983,33.2579],[-97.84611,33.25743],[-97.84511,33.25666],[-97.84354,33.25621],[-97.84177,33.25452],[-97.84017,33.2513],[-97.83923,33.25136],[-97.83843,33.25301],[-97.83817,33.25197],[-97.83889,33.24924],[-97.83815,33.24847],[-97.83693,33.24852],[-97.83757,33.24804],[-97.83878,33.24783],[-97.83928,33.2473],[-97.83806,33.24698],[-97.83787,33.24609],[-97.8362,33.24614],[-97.83769,33.24546],[-97.83794,33.2445],[-97.83832,33.24467],[-97.83851,33.24444],[-97.83815,33.24284],[-97.8373,33.24117],[-97.83783,33.24072],[-97.83716,33.24009],[-97.83674,33.2401],[-97.83683,33.23964],[-97.83647,33.23918],[-97.83661,33.23876],[-97.83724,33.23847],[-97.83747,33.23746],[-97.83771,33.23502],[-97.83708,33.23354],[-97.83742,33.23141],[-97.83901,33.23027],[-97.83529,33.23135],[-97.83357,33.23129],[-97.83365,33.23104],[-97.83502,33.23094],[-97.83874,33.22966],[-97.83683,33.22989],[-97.83551,33.22849],[-97.83693,33.22752],[-97.83514,33.22804],[-97.83492,33.22782],[-97.83744,33.22678],[-97.83696,33.226],[-97.83697,33.2252],[-97.83541,33.22471],[-97.8372,33.22491],[-97.83778,33.22426],[-97.83744,33.22318],[-97.83827,33.22266],[-97.83882,33.22158],[-97.83855,33.22133],[-97.83777,33.22201],[-97.83528,33.22303],[-97.8324,33.22309],[-97.83036,33.21985],[-97.82995,33.21983],[-97.82979,33.2194],[-97.8307,33.2189],[-97.83148,33.21756],[-97.83115,33.21718],[-97.83192,33.21644],[-97.83297,33.21756],[-97.83322,33.21611],[-97.83276,33.21516],[-97.83249,33.21298],[-97.83263,33.21261],[-97.83312,33.21353],[-97.83364,33.21365],[-97.83358,33.21114],[-97.83469,33.20836],[-97.83459,33.20817],[-97.83327,33.20863],[-97.83163,33.20863],[-97.83296,33.20782],[-97.8328,33.20677],[-97.83383,33.20649],[-97.83396,33.20553],[-97.83324,33.20494],[-97.83251,33.20491],[-97.83305,33.2041],[-97.83245,33.20443],[-97.83048,33.20387],[-97.83216,33.20372],[-97.83269,33.20329],[-97.83316,33.20377],[-97.83262,33.20249],[-97.83467,33.20357],[-97.836,33.20308],[-97.83808,33.20573],[-97.83827,33.20472],[-97.83964,33.2052],[-97.84027,33.20482],[-97.8403,33.20444],[-97.83914,33.20405],[-97.83844,33.2034],[-97.83903,33.20255],[-97.83893,33.20219],[-97.83684,33.20137],[-97.83521,33.20017],[-97.83517,33.19958],[-97.83844,33.19964],[-97.83698,33.19933],[-97.83664,33.19821],[-97.83584,33.19794],[-97.83552,33.19698],[-97.83637,33.19719],[-97.83759,33.19612],[-97.83817,33.19753],[-97.83919,33.19842],[-97.83826,33.1992],[-97.8402,33.19803],[-97.84008,33.19694],[-97.84035,33.19632],[-97.8394,33.19461],[-97.83907,33.19301],[-97.84049,33.1929],[-97.84087,33.19166],[-97.8398,33.19103],[-97.83966,33.19056],[-97.84114,33.19005],[-97.84091,33.18894],[-97.84209,33.18906],[-97.84258,33.18883],[-97.84325,33.18647],[-97.84132,33.18483],[-97.84327,33.1849],[-97.84406,33.18464],[-97.84416,33.18402],[-97.84521,33.18383],[-97.84548,33.18327],[-97.84618,33.18294],[-97.84724,33.18062],[-97.84803,33.18007],[-97.84924,33.17821],[-97.85031,33.17808],[-97.85037,33.1762],[-97.85258,33.17524],[-97.85228,33.175],[-97.84994,33.17584],[-97.84956,33.17543],[-97.85011,33.17531],[-97.84926,33.17505],[-97.84892,33.1757],[-97.84838,33.1755],[-97.84856,33.17421],[-97.85115,33.17328],[-97.85146,33.17081],[-97.85116,33.17004],[-97.85195,33.16746],[-97.85162,33.16673],[-97.85035,33.16594],[-97.84937,33.16422],[-97.84836,33.16372],[-97.84927,33.16358],[-97.84987,33.16383],[-97.85215,33.16574],[-97.85272,33.16551],[-97.85289,33.16507],[-97.8538,33.16486],[-97.85411,33.16553],[-97.85366,33.16615],[-97.85385,33.16675],[-97.8544,33.16771],[-97.85502,33.16779],[-97.85549,33.16761],[-97.85562,33.16673],[-97.85896,33.16521],[-97.85884,33.16449],[-97.85974,33.16441],[-97.86092,33.16271],[-97.86273,33.16105],[-97.86252,33.16082],[-97.86012,33.161],[-97.85941,33.16078],[-97.85886,33.15975],[-97.85895,33.15848],[-97.85813,33.1572],[-97.85904,33.1567],[-97.85591,33.15619],[-97.85867,33.15631],[-97.85799,33.15574],[-97.85787,33.15525],[-97.86026,33.15708],[-97.86092,33.15951],[-97.86231,33.15914],[-97.86185,33.1584],[-97.86281,33.15854],[-97.86351,33.1591],[-97.86394,33.15903],[-97.86394,33.15852],[-97.86449,33.15911],[-97.86606,33.15985],[-97.8667,33.1607],[-97.86661,33.15984],[-97.86515,33.15894],[-97.86475,33.15832],[-97.86497,33.15749],[-97.86631,33.15562],[-97.86623,33.15362],[-97.86706,33.15424],[-97.86756,33.15522],[-97.86982,33.15484],[-97.87032,33.15504],[-97.87198,33.1546],[-97.87348,33.15284],[-97.87322,33.15218],[-97.87178,33.15225],[-97.87155,33.15156],[-97.87073,33.15146],[-97.8698,33.15002],[-97.8697,33.14908],[-97.86996,33.14834],[-97.87058,33.1482],[-97.87034,33.14677],[-97.87237,33.14626],[-97.87295,33.14512],[-97.87292,33.14581],[-97.87226,33.14651],[-97.87053,33.14695],[-97.87081,33.14815],[-97.86989,33.14906],[-97.87002,33.15],[-97.87083,33.1512],[-97.8717,33.15127],[-97.87195,33.15199],[-97.8727,33.15174],[-97.8745,33.1521],[-97.87338,33.15062],[-97.87362,33.14962],[-97.87422,33.15013],[-97.8764,33.15095],[-97.87901,33.15091],[-97.87927,33.15041],[-97.88156,33.14984],[-97.88274,33.15005],[-97.88331,33.15098],[-97.88448,33.15096],[-97.88727,33.14868],[-97.88784,33.14903],[-97.89033,33.14944],[-97.89101,33.14802],[-97.89043,33.14953],[-97.88775,33.14916],[-97.88739,33.14878],[-97.88686,33.14943],[-97.88597,33.1497],[-97.88489,33.1511],[-97.88514,33.15159],[-97.88465,33.15131],[-97.88317,33.1521],[-97.87976,33.15297],[-97.87995,33.15348],[-97.87855,33.15303],[-97.87757,33.15331],[-97.87479,33.15584],[-97.8738,33.15625],[-97.87438,33.15648],[-97.87496,33.15624],[-97.87496,33.1568],[-97.87434,33.15721],[-97.87341,33.15696],[-97.87055,33.15813],[-97.87017,33.15876],[-97.87126,33.16023],[-97.87205,33.15986],[-97.87148,33.16057],[-97.87265,33.16421],[-97.87072,33.16443],[-97.87134,33.16455],[-97.87164,33.16517],[-97.87263,33.16537],[-97.87131,33.16614],[-97.87082,33.16552],[-97.87024,33.1655],[-97.87003,33.16648],[-97.86896,33.16699],[-97.86959,33.16596],[-97.86956,33.16506],[-97.87029,33.16448],[-97.86941,33.16487],[-97.86844,33.16465],[-97.86689,33.16507],[-97.86641,33.16637],[-97.86598,33.16667],[-97.86655,33.16651],[-97.86769,33.16717],[-97.86862,33.16696],[-97.86905,33.16757],[-97.86864,33.16853],[-97.8675,33.169],[-97.8666,33.16877],[-97.86639,33.16916],[-97.86621,33.16842],[-97.86543,33.16774],[-97.86568,33.16683],[-97.86522,33.16754],[-97.86434,33.16796],[-97.86413,33.16927],[-97.86377,33.17012],[-97.86326,33.1704],[-97.86325,33.17094],[-97.86202,33.17156],[-97.85998,33.17155],[-97.85939,33.1721],[-97.85796,33.1723],[-97.85801,33.17274],[-97.85715,33.17282],[-97.85639,33.17373],[-97.85687,33.17434],[-97.85788,33.17446],[-97.86068,33.17357],[-97.86151,33.17393],[-97.86074,33.17347],[-97.85754,33.17429],[-97.85749,33.17375],[-97.85922,33.17315],[-97.86102,33.17281],[-97.86211,33.17366],[-97.86266,33.1729],[-97.86345,33.17333],[-97.86334,33.17375],[-97.86282,33.17422],[-97.8617,33.17431],[-97.86415,33.17542],[-97.86435,33.17526],[-97.86462,33.1759],[-97.86533,33.17631],[-97.8702,33.17669],[-97.87071,33.17633],[-97.87164,33.17692],[-97.87211,33.17555],[-97.87177,33.17507],[-97.87195,33.17469],[-97.87197,33.17512],[-97.87243,33.17548],[-97.8732,33.17497],[-97.87329,33.17539],[-97.87383,33.17543],[-97.87315,33.17568],[-97.87336,33.17713],[-97.87448,33.17753],[-97.87577,33.17713],[-97.87648,33.17562],[-97.8774,33.17599],[-97.87899,33.17481],[-97.8794,33.17504],[-97.87918,33.17596],[-97.8797,33.17877],[-97.8808,33.1797],[-97.88072,33.18006],[-97.88133,33.18104],[-97.88396,33.18103],[-97.88436,33.18051],[-97.8851,33.18047],[-97.88561,33.17986],[-97.88726,33.18084],[-97.88914,33.18078],[-97.88963,33.1804],[-97.891,33.18202],[-97.89062,33.18356],[-97.89396,33.1845],[-97.8903,33.18397],[-97.88916,33.18443],[-97.88961,33.18532],[-97.8884,33.18447],[-97.88712,33.18461],[-97.8871,33.1842],[-97.88638,33.18357],[-97.88544,33.18372],[-97.88583,33.18722],[-97.88567,33.18954],[-97.88532,33.19019],[-97.88365,33.19121],[-97.88295,33.19224],[-97.88372,33.19414],[-97.88487,33.19526],[-97.88433,33.19578],[-97.88256,33.19605],[-97.88288,33.19623],[-97.88262,33.19675],[-97.88063,33.19721],[-97.87936,33.19894],[-97.87888,33.20123],[-97.87911,33.20207],[-97.87839,33.20252],[-97.87805,33.20341],[-97.87854,33.20391],[-97.87878,33.20536],[-97.87969,33.20608],[-97.88002,33.20716],[-97.87887,33.20751],[-97.87744,33.20966],[-97.87895,33.20982],[-97.88041,33.2088],[-97.8824,33.20987],[-97.88285,33.20936],[-97.88297,33.20854],[-97.88328,33.20878],[-97.88407,33.20813],[-97.8833,33.2094],[-97.88381,33.20976],[-97.8838,33.21031],[-97.88238,33.21144],[-97.88182,33.21262],[-97.88121,33.21296],[-97.88047,33.21437],[-97.8805,33.21501],[-97.88016,33.21461],[-97.87983,33.21497],[-97.87937,33.21468],[-97.87903,33.21487],[-97.87831,33.21648],[-97.87878,33.21771],[-97.87823,33.21806],[-97.87829,33.21852],[-97.87759,33.2185],[-97.877,33.2195],[-97.87734,33.22024],[-97.87775,33.2203],[-97.87652,33.22102],[-97.87569,33.22078],[-97.87465,33.22154],[-97.87434,33.22124],[-97.87411,33.22189],[-97.87335,33.22234],[-97.8747,33.22328],[-97.87399,33.22349],[-97.87391,33.22425],[-97.87296,33.22511],[-97.87321,33.22586],[-97.87164,33.22664],[-97.87167,33.22776],[-97.87111,33.22826],[-97.87125,33.2273],[-97.87043,33.22671],[-97.86755,33.22668],[-97.86694,33.22727],[-97.86631,33.22919],[-97.86523,33.22867],[-97.86474,33.22994],[-97.86292,33.23042],[-97.86226,33.23176],[-97.86294,33.23308],[-97.86426,33.23427],[-97.86359,33.23417],[-97.86075,33.2323],[-97.86001,33.23354],[-97.86036,33.23454],[-97.85983,33.23487],[-97.86,33.23596],[-97.85965,33.23791],[-97.86183,33.24011],[-97.86224,33.24015],[-97.8625,33.23947],[-97.86307,33.23923],[-97.86317,33.24078],[-97.86419,33.24141],[-97.86491,33.24119],[-97.8644,33.24163],[-97.86416,33.24261],[-97.86436,33.24343],[-97.86393,33.24379],[-97.86387,33.24457],[-97.8617,33.24813],[-97.86075,33.249],[-97.85674,33.25103],[-97.85716,33.25129],[-97.85724,33.25191],[-97.86134,33.25218],[-97.86435,33.25145],[-97.86525,33.25056],[-97.86618,33.25161],[-97.86759,33.25165],[-97.86749,33.25319],[-97.86901,33.25506],[-97.86993,33.25549],[-97.87035,33.25452],[-97.87062,33.25464],[-97.87122,33.25685],[-97.87209,33.2532],[-97.87377,33.25061],[-97.87341,33.2498],[-97.87431,33.24936],[-97.87457,33.24876],[-97.87304,33.24571],[-97.87218,33.24516],[-97.87161,33.2443],[-97.87087,33.2414],[-97.8708,33.24074],[-97.87112,33.24027],[-97.87175,33.24046],[-97.87222,33.23765],[-97.87385,33.2353],[-97.87473,33.23531],[-97.87633,33.23469],[-97.88024,33.23449],[-97.88032,33.23374],[-97.87897,33.23233],[-97.8796,33.23219],[-97.88116,33.23381],[-97.88124,33.23466],[-97.88073,33.2366],[-97.88195,33.2384],[-97.88161,33.23928],[-97.88178,33.23991],[-97.88309,33.23958],[-97.88454,33.2386],[-97.88477,33.23656],[-97.88404,33.23436],[-97.88408,33.23353],[-97.88617,33.23048],[-97.8874,33.22675],[-97.88835,33.22868],[-97.88783,33.23024],[-97.88988,33.22987],[-97.89118,33.22869],[-97.89208,33.22688],[-97.89256,33.22979],[-97.89465,33.23064],[-97.8968,33.23248],[-97.89964,33.23267],[-97.89932,33.23306],[-97.8983,33.23324],[-97.89823,33.23356],[-97.90048,33.2356],[-97.90275,33.24028],[-97.90315,33.24198],[-97.90419,33.24275],[-97.90495,33.24283],[-97.90517,33.24261],[-97.90511,33.24011],[-97.90587,33.23683],[-97.9067,33.23797],[-97.90986,33.23703],[-97.91041,33.23304],[-97.90994,33.23233],[-97.91081,33.23279],[-97.91094,33.23663],[-97.9113,33.23713],[-97.91285,33.23778],[-97.91546,33.23791],[-97.91755,33.23605],[-97.91852,33.23473],[-97.9183,33.23409],[-97.91892,33.23419],[-97.91966,33.23246],[-97.91857,33.22766],[-97.91871,33.22646],[-97.91808,33.22568],[-97.91776,33.22432],[-97.91916,33.22567],[-97.92173,33.2246]],[[-97.87448,33.19497],[-97.8743,33.19529],[-97.87474,33.1954],[-97.87448,33.19497]],[[-97.93952,33.24227],[-97.93908,33.24254],[-97.94013,33.24252],[-97.93952,33.24227]],[[-97.93864,33.24183],[-97.93832,33.24199],[-97.93842,33.24286],[-97.93914,33.24204],[-97.93864,33.24183]],[[-97.86361,33.19701],[-97.86244,33.19736],[-97.86236,33.19778],[-97.86362,33.19734],[-97.86361,33.19701]],[[-97.93995,33.23971],[-97.93984,33.24062],[-97.94016,33.24164],[-97.94044,33.24106],[-97.93995,33.23971]],[[-97.85106,33.17876],[-97.85051,33.17974],[-97.85072,33.18006],[-97.85157,33.17971],[-97.85145,33.17903],[-97.85106,33.17876]],[[-97.94106,33.23798],[-97.93987,33.23819],[-97.9398,33.23893],[-97.94013,33.23904],[-97.9413,33.23831],[-97.94106,33.23798]],[[-97.86025,33.19933],[-97.85983,33.19847],[-97.85885,33.1988],[-97.85927,33.19961],[-97.86025,33.19933]],[[-97.87321,33.1987],[-97.87197,33.1992],[-97.87098,33.20065],[-97.87173,33.20049],[-97.87321,33.1987]],[[-97.86861,33.28658],[-97.86621,33.28698],[-97.86577,33.28738],[-97.86582,33.28785],[-97.86638,33.28814],[-97.86841,33.2874],[-97.86897,33.28706],[-97.86861,33.28658]],[[-97.94637,33.23396],[-97.94429,33.23514],[-97.94367,33.23701],[-97.94419,33.23688],[-97.94512,33.23519],[-97.94608,33.23537],[-97.94654,33.2351],[-97.94678,33.23447],[-97.94637,33.23396]],[[-97.87501,33.24088],[-97.87548,33.24115],[-97.87576,33.24084],[-97.8763,33.23853],[-97.876,33.23776],[-97.87556,33.23803],[-97.87542,33.23878],[-97.87463,33.23931],[-97.87501,33.24088]],[[-97.86732,33.17791],[-97.86652,33.17878],[-97.86439,33.17875],[-97.86382,33.17924],[-97.86575,33.17946],[-97.86685,33.17924],[-97.86759,33.17955],[-97.86806,33.17841],[-97.86732,33.17791]],[[-97.94571,33.2446],[-97.9469,33.24426],[-97.94731,33.24268],[-97.94725,33.24243],[-97.94667,33.24249],[-97.9468,33.24082],[-97.94605,33.23936],[-97.94553,33.23926],[-97.94492,33.23981],[-97.94525,33.24174],[-97.94472,33.24205],[-97.9431,33.24152],[-97.94256,33.24076],[-97.94177,33.2404],[-97.94162,33.23948],[-97.94201,33.23876],[-97.9412,33.23888],[-97.94103,33.24049],[-97.94164,33.2416],[-97.94337,33.24289],[-97.94353,33.24411],[-97.94439,33.24493],[-97.94571,33.2446]],[[-97.86036,33.18889],[-97.85983,33.18858],[-97.85807,33.18877],[-97.85691,33.18955],[-97.85515,33.1901],[-97.85526,33.19102],[-97.855,33.1913],[-97.85578,33.19358],[-97.85776,33.19391],[-97.85862,33.19514],[-97.85946,33.19498],[-97.85971,33.19249],[-97.85932,33.1917],[-97.86063,33.19056],[-97.86098,33.18939],[-97.86036,33.18889]],[[-97.8629,33.21957],[-97.86331,33.21993],[-97.86385,33.21984],[-97.86363,33.22215],[-97.86454,33.22274],[-97.86643,33.22272],[-97.86777,33.22312],[-97.86879,33.22264],[-97.86932,33.22297],[-97.87076,33.22221],[-97.87075,33.22182],[-97.87122,33.22168],[-97.87142,33.22117],[-97.87112,33.21963],[-97.8696,33.21923],[-97.87018,33.21887],[-97.87013,33.21813],[-97.87043,33.21779],[-97.86984,33.21735],[-97.8681,33.21772],[-97.86478,33.2177],[-97.86449,33.21809],[-97.86379,33.21814],[-97.86278,33.21911],[-97.8629,33.21957]]]},"properties":{"name":"Lake Bridgeport","acres":10563,"objectid":67691}},{"type":"Feature","id":152250,"geometry":{"type":"Polygon","coordinates":[[[-97.69501,32.78581],[-97.69513,32.78637],[-97.69439,32.78757],[-97.69446,32.78807],[-97.69645,32.78937],[-97.69622,32.78972],[-97.69734,32.79214],[-97.69989,32.79311],[-97.70169,32.79461],[-97.70335,32.79523],[-97.70328,32.79652],[-97.7044,32.79749],[-97.70462,32.79815],[-97.70488,32.79808],[-97.70484,32.7987],[-97.70512,32.79821],[-97.7051,32.79862],[-97.70536,32.79852],[-97.7051,32.79915],[-97.70595,32.79942],[-97.70507,32.8011],[-97.70628,32.79963],[-97.7073,32.80022],[-97.70748,32.80005],[-97.70751,32.80053],[-97.70835,32.80103],[-97.70803,32.80117],[-97.70837,32.8018],[-97.70809,32.80251],[-97.70777,32.80136],[-97.70723,32.80211],[-97.70601,32.8011],[-97.70594,32.80177],[-97.70513,32.80173],[-97.70431,32.80118],[-97.70449,32.80206],[-97.70367,32.80344],[-97.70308,32.80361],[-97.70129,32.80161],[-97.6985,32.80034],[-97.69832,32.80077],[-97.698,32.80062],[-97.69781,32.79921],[-97.69249,32.79892],[-97.69188,32.79756],[-97.69128,32.79769],[-97.69078,32.79558],[-97.68819,32.79448],[-97.68709,32.79337],[-97.68675,32.79202],[-97.68775,32.79034],[-97.68732,32.78659],[-97.68518,32.78452],[-97.68502,32.78403],[-97.68352,32.78339],[-97.68235,32.78383],[-97.68257,32.7849],[-97.68344,32.78638],[-97.68309,32.78742],[-97.68218,32.7877],[-97.6822,32.78708],[-97.68276,32.78709],[-97.68116,32.78497],[-97.67745,32.78303],[-97.67674,32.77869],[-97.67547,32.77816],[-97.67331,32.77968],[-97.67219,32.77963],[-97.67132,32.78046],[-97.6725,32.77905],[-97.67155,32.77887],[-97.66975,32.77746],[-97.66814,32.77686],[-97.66871,32.776],[-97.66912,32.77435],[-97.66856,32.77065],[-97.66877,32.77044],[-97.67486,32.7716],[-97.67512,32.77185],[-97.67479,32.77236],[-97.6776,32.77058],[-97.67967,32.77031],[-97.68298,32.77105],[-97.68509,32.77212],[-97.685,32.77277],[-97.68569,32.77233],[-97.68738,32.77207],[-97.6875,32.77253],[-97.68504,32.77366],[-97.68487,32.77435],[-97.6853,32.7749],[-97.68703,32.77401],[-97.68847,32.77405],[-97.68986,32.77443],[-97.6909,32.77529],[-97.69223,32.7755],[-97.69453,32.77648],[-97.69388,32.77836],[-97.69437,32.77998],[-97.69449,32.782],[-97.69524,32.78378],[-97.69483,32.78461],[-97.69501,32.78581]]]},"properties":{"name":"Lake Weatherford","acres":1130,"objectid":152250}},{"type":"Feature","id":528019,"geometry":{"type":"Polygon","coordinates":[[[-96.944,33.16375],[-96.9448,33.16226],[-96.94601,33.16224],[-96.94706,33.16392],[-96.948,33.16334],[-96.94832,33.16213],[-96.94906,33.16217],[-96.94932,33.16184],[-96.9486,33.16056],[-96.94714,33.16076],[-96.94696,33.16019],[-96.94577,33.15972],[-96.94679,33.15933],[-96.94753,33.15984],[-96.94802,33.15913],[-96.9486,33.15923],[-96.94936,33.15885],[-96.94938,33.1585],[-96.94735,33.15802],[-96.94813,33.15752],[-96.94815,33.15631],[-96.94766,33.15606],[-96.94846,33.15589],[-96.94926,33.15737],[-96.95036,33.15683],[-96.95073,33.157],[-96.95078,33.15675],[-96.95237,33.1577],[-96.95257,33.15743],[-96.95173,33.15658],[-96.95183,33.15571],[-96.95108,33.15517],[-96.95173,33.15421],[-96.95328,33.15538],[-96.95333,33.1545],[-96.95373,33.15424],[-96.95294,33.15302],[-96.95277,33.15191],[-96.9536,33.15156],[-96.95368,33.15039],[-96.95278,33.14943],[-96.95126,33.14853],[-96.95182,33.14788],[-96.95201,33.14683],[-96.9518,33.14568],[-96.95068,33.14515],[-96.95142,33.14423],[-96.95131,33.14371],[-96.95092,33.14316],[-96.94956,33.14299],[-96.94873,33.1444],[-96.94768,33.14539],[-96.94812,33.14426],[-96.94774,33.14245],[-96.94722,33.14206],[-96.94636,33.14347],[-96.946,33.1432],[-96.94544,33.14119],[-96.94464,33.14191],[-96.9437,33.14184],[-96.94238,33.14317],[-96.94198,33.14453],[-96.94216,33.14499],[-96.94146,33.14573],[-96.94185,33.14762],[-96.94084,33.14694],[-96.94,33.14567],[-96.93887,33.14537],[-96.93832,33.14538],[-96.93766,33.14667],[-96.93674,33.14706],[-96.93695,33.14775],[-96.93658,33.14896],[-96.93733,33.1497],[-96.93651,33.14979],[-96.93608,33.15038],[-96.93641,33.15101],[-96.93722,33.15139],[-96.93679,33.15207],[-96.93578,33.15262],[-96.93576,33.15295],[-96.93613,33.15307],[-96.93573,33.15314],[-96.93585,33.15366],[-96.93642,33.15391],[-96.93609,33.15456],[-96.9361,33.15691],[-96.93636,33.15729],[-96.9358,33.1592],[-96.93613,33.15984],[-96.93559,33.15963],[-96.93419,33.16034],[-96.93293,33.16046],[-96.93193,33.16113],[-96.93167,33.16167],[-96.93062,33.16188],[-96.93026,33.16271],[-96.92916,33.16255],[-96.92849,33.16334],[-96.92838,33.16396],[-96.92679,33.16394],[-96.92676,33.16445],[-96.92589,33.16557],[-96.92446,33.1661],[-96.92368,33.1658],[-96.92309,33.16615],[-96.92099,33.16593],[-96.91878,33.16719],[-96.91777,33.16718],[-96.9171,33.16752],[-96.91688,33.16829],[-96.91682,33.16757],[-96.91641,33.16728],[-96.9159,33.16738],[-96.91915,33.16603],[-96.91946,33.16527],[-96.91901,33.16418],[-96.91715,33.16286],[-96.9134,33.16243],[-96.91178,33.16168],[-96.91228,33.1617],[-96.91221,33.1614],[-96.91365,33.16207],[-96.91408,33.16158],[-96.91538,33.16152],[-96.91371,33.16079],[-96.91311,33.16082],[-96.91235,33.16001],[-96.91187,33.16002],[-96.91112,33.15942],[-96.91255,33.15987],[-96.91319,33.16052],[-96.91692,33.16059],[-96.91881,33.16132],[-96.9195,33.16116],[-96.9224,33.1633],[-96.92635,33.16066],[-96.92756,33.15869],[-96.92766,33.15773],[-96.93172,33.15576],[-96.9316,33.15456],[-96.93116,33.15402],[-96.93161,33.15318],[-96.93194,33.14966],[-96.93049,33.14973],[-96.92934,33.1503],[-96.92935,33.1499],[-96.93196,33.14788],[-96.93029,33.14751],[-96.9288,33.14777],[-96.92858,33.14697],[-96.92666,33.14609],[-96.92394,33.14749],[-96.92345,33.14804],[-96.92197,33.14808],[-96.92276,33.1479],[-96.9222,33.14776],[-96.92468,33.14576],[-96.92438,33.14491],[-96.92353,33.14447],[-96.92457,33.14286],[-96.92498,33.14283],[-96.92491,33.14389],[-96.92551,33.14458],[-96.92617,33.14458],[-96.92732,33.14375],[-96.92791,33.14389],[-96.92806,33.14478],[-96.92979,33.14539],[-96.93002,33.14532],[-96.92977,33.14512],[-96.93009,33.14511],[-96.93103,33.14544],[-96.9324,33.1442],[-96.93254,33.14289],[-96.93315,33.143],[-96.9339,33.14365],[-96.93554,33.14251],[-96.93588,33.14193],[-96.93563,33.14051],[-96.93682,33.14085],[-96.93793,33.13942],[-96.93978,33.13934],[-96.94077,33.13862],[-96.94236,33.13681],[-96.94191,33.13648],[-96.94014,33.13627],[-96.94098,33.13526],[-96.94219,33.13502],[-96.94489,33.1357],[-96.94475,33.13503],[-96.94416,33.13457],[-96.94403,33.13327],[-96.9452,33.13299],[-96.94521,33.13367],[-96.9462,33.13426],[-96.94731,33.13317],[-96.9481,33.13369],[-96.9496,33.13366],[-96.95039,33.13329],[-96.95092,33.13291],[-96.9504,33.13195],[-96.95156,33.13187],[-96.95273,33.13137],[-96.95221,33.12998],[-96.95272,33.12925],[-96.95189,33.12902],[-96.95349,33.128],[-96.95426,33.12826],[-96.95431,33.12947],[-96.95482,33.13003],[-96.95592,33.12677],[-96.95613,33.1265],[-96.95724,33.12642],[-96.95825,33.12525],[-96.95862,33.12349],[-96.95994,33.12234],[-96.96004,33.12176],[-96.95944,33.12142],[-96.95717,33.12156],[-96.95753,33.12217],[-96.957,33.12337],[-96.95591,33.1233],[-96.95559,33.12355],[-96.95402,33.12319],[-96.95402,33.12408],[-96.95348,33.12464],[-96.95264,33.12427],[-96.95208,33.12454],[-96.95161,33.12438],[-96.95146,33.12393],[-96.95201,33.1229],[-96.95157,33.12162],[-96.95012,33.12172],[-96.9503,33.12268],[-96.9489,33.12313],[-96.94946,33.12374],[-96.94902,33.12456],[-96.94922,33.12545],[-96.9488,33.12581],[-96.94878,33.12662],[-96.94846,33.12698],[-96.94697,33.12582],[-96.94691,33.12484],[-96.94523,33.12434],[-96.94556,33.1235],[-96.94475,33.1231],[-96.94539,33.12219],[-96.94389,33.12166],[-96.94351,33.12105],[-96.94304,33.12095],[-96.94298,33.12169],[-96.94387,33.12261],[-96.94244,33.12376],[-96.9423,33.12416],[-96.94258,33.12458],[-96.94216,33.12481],[-96.94262,33.12585],[-96.94322,33.12616],[-96.94302,33.12804],[-96.94224,33.12796],[-96.94143,33.12727],[-96.94168,33.12837],[-96.94146,33.12904],[-96.94068,33.12883],[-96.9403,33.12957],[-96.9391,33.12966],[-96.93895,33.13018],[-96.93867,33.12984],[-96.93814,33.12987],[-96.93931,33.12832],[-96.9387,33.12745],[-96.93931,33.12646],[-96.93911,33.12593],[-96.93855,33.12655],[-96.93775,33.12673],[-96.93703,33.12853],[-96.93641,33.12886],[-96.93608,33.12883],[-96.93591,33.12806],[-96.93486,33.12845],[-96.93436,33.12812],[-96.93313,33.12894],[-96.93225,33.12901],[-96.93159,33.12946],[-96.93124,33.13022],[-96.92944,33.13146],[-96.92691,33.13159],[-96.92628,33.13226],[-96.92578,33.13185],[-96.92652,33.13068],[-96.92722,33.13041],[-96.92885,33.13058],[-96.93,33.12921],[-96.92996,33.12839],[-96.92745,33.128],[-96.92716,33.12757],[-96.92568,33.12805],[-96.92497,33.128],[-96.92465,33.12766],[-96.92436,33.12815],[-96.92349,33.12809],[-96.92201,33.12913],[-96.92167,33.12888],[-96.92085,33.12903],[-96.91992,33.12988],[-96.91826,33.1305],[-96.9175,33.13161],[-96.91595,33.1304],[-96.91484,33.13105],[-96.91288,33.13113],[-96.91199,33.13206],[-96.91139,33.13358],[-96.91112,33.13179],[-96.91165,33.13019],[-96.91122,33.13003],[-96.90933,33.13083],[-96.90776,33.13073],[-96.90767,33.13049],[-96.90924,33.1295],[-96.90811,33.12873],[-96.906,33.12826],[-96.90332,33.12833],[-96.90193,33.12889],[-96.90014,33.1291],[-96.89957,33.1296],[-96.89909,33.12945],[-96.89875,33.12994],[-96.89894,33.12934],[-96.89866,33.12933],[-96.89941,33.12909],[-96.89972,33.12857],[-96.89933,33.1276],[-96.90092,33.12772],[-96.90203,33.1271],[-96.90194,33.12618],[-96.90294,33.12662],[-96.90376,33.12644],[-96.90382,33.12603],[-96.90419,33.12635],[-96.90507,33.12641],[-96.90481,33.12466],[-96.90522,33.12522],[-96.90552,33.12504],[-96.90667,33.12648],[-96.90686,33.12588],[-96.90813,33.12614],[-96.90783,33.12506],[-96.90897,33.12564],[-96.90941,33.12554],[-96.90968,33.1266],[-96.91058,33.12657],[-96.91077,33.12701],[-96.91183,33.12703],[-96.91224,33.12781],[-96.91281,33.12779],[-96.91321,33.12685],[-96.91441,33.12628],[-96.91483,33.12637],[-96.91516,33.12764],[-96.91685,33.12725],[-96.91697,33.12686],[-96.91628,33.12595],[-96.91542,33.12602],[-96.91494,33.12558],[-96.9132,33.12541],[-96.91264,33.12477],[-96.91326,33.12452],[-96.91332,33.124],[-96.9146,33.12376],[-96.91496,33.12289],[-96.91579,33.12307],[-96.91649,33.12278],[-96.91702,33.12199],[-96.91803,33.12204],[-96.91845,33.12172],[-96.91891,33.12233],[-96.91872,33.12398],[-96.91895,33.12475],[-96.91934,33.12511],[-96.92167,33.12491],[-96.92177,33.12433],[-96.91985,33.12403],[-96.91952,33.12254],[-96.92159,33.11983],[-96.92242,33.1196],[-96.92321,33.11875],[-96.92498,33.1185],[-96.92577,33.11744],[-96.92661,33.11804],[-96.92639,33.11827],[-96.92667,33.11944],[-96.9274,33.11948],[-96.9267,33.12084],[-96.92697,33.12262],[-96.92821,33.12361],[-96.92876,33.1245],[-96.93088,33.12476],[-96.93132,33.12521],[-96.93187,33.12444],[-96.92991,33.1231],[-96.92936,33.12178],[-96.92949,33.12072],[-96.93059,33.12185],[-96.9323,33.1226],[-96.93428,33.12308],[-96.9344,33.12218],[-96.93507,33.12166],[-96.93639,33.12265],[-96.93653,33.12225],[-96.9358,33.12167],[-96.93566,33.12066],[-96.93473,33.11997],[-96.93502,33.11936],[-96.93445,33.11869],[-96.93332,33.11859],[-96.93312,33.11807],[-96.9323,33.11751],[-96.93035,33.11762],[-96.93023,33.11648],[-96.93054,33.11607],[-96.93018,33.11576],[-96.93026,33.1141],[-96.93094,33.11293],[-96.92994,33.11197],[-96.92994,33.11149],[-96.93104,33.11083],[-96.93279,33.11052],[-96.93359,33.10923],[-96.9347,33.10849],[-96.93443,33.10803],[-96.93521,33.10807],[-96.93519,33.10747],[-96.93591,33.1068],[-96.93585,33.1064],[-96.93689,33.10538],[-96.93761,33.10523],[-96.93792,33.10466],[-96.93867,33.10462],[-96.93885,33.10368],[-96.94056,33.10358],[-96.93971,33.10294],[-96.94033,33.10222],[-96.94034,33.10148],[-96.94129,33.10133],[-96.9404,33.10023],[-96.94106,33.09961],[-96.94056,33.09883],[-96.94159,33.09793],[-96.94246,33.09819],[-96.94362,33.09762],[-96.94292,33.09683],[-96.94333,33.096],[-96.94244,33.09621],[-96.94201,33.09546],[-96.94257,33.09425],[-96.94182,33.09165],[-96.94197,33.08904],[-96.94364,33.08536],[-96.94349,33.08418],[-96.94217,33.08367],[-96.94105,33.08401],[-96.9411,33.08431],[-96.94041,33.08495],[-96.93908,33.08424],[-96.93797,33.08408],[-96.938,33.08516],[-96.93755,33.08615],[-96.93864,33.08777],[-96.93791,33.08821],[-96.93702,33.08788],[-96.93683,33.08841],[-96.93708,33.08898],[-96.93559,33.0898],[-96.93549,33.09127],[-96.93584,33.09276],[-96.93545,33.09378],[-96.93321,33.09457],[-96.93348,33.0938],[-96.93422,33.0931],[-96.93322,33.09112],[-96.93286,33.09104],[-96.93301,33.08949],[-96.934,33.08769],[-96.93382,33.08683],[-96.93318,33.08679],[-96.93348,33.08765],[-96.93179,33.08905],[-96.93157,33.09107],[-96.93057,33.09219],[-96.92899,33.0925],[-96.92973,33.0932],[-96.92955,33.09411],[-96.92791,33.09411],[-96.92735,33.09487],[-96.92607,33.09462],[-96.92607,33.09526],[-96.92539,33.0957],[-96.92587,33.09613],[-96.92581,33.09691],[-96.92509,33.09699],[-96.92517,33.09734],[-96.92469,33.0977],[-96.92582,33.09926],[-96.92565,33.09996],[-96.92545,33.09958],[-96.92274,33.09851],[-96.92181,33.099],[-96.92051,33.10043],[-96.92053,33.10091],[-96.92162,33.10088],[-96.92354,33.10167],[-96.92375,33.10214],[-96.92348,33.10214],[-96.92334,33.10281],[-96.92397,33.10424],[-96.92345,33.10429],[-96.92337,33.10356],[-96.9229,33.103],[-96.92249,33.10301],[-96.92291,33.10257],[-96.92275,33.10206],[-96.92154,33.1018],[-96.92091,33.10207],[-96.92102,33.10301],[-96.91938,33.10185],[-96.91824,33.102],[-96.9176,33.1024],[-96.91728,33.10313],[-96.91649,33.10328],[-96.91684,33.10497],[-96.91555,33.10466],[-96.91493,33.10411],[-96.91552,33.10707],[-96.91591,33.10747],[-96.91534,33.10718],[-96.914,33.1054],[-96.91356,33.10619],[-96.91256,33.10612],[-96.91254,33.1068],[-96.91198,33.10707],[-96.91206,33.10766],[-96.91087,33.10721],[-96.90983,33.10788],[-96.90957,33.10863],[-96.90875,33.10846],[-96.9074,33.11044],[-96.90703,33.11059],[-96.90732,33.1122],[-96.90591,33.11121],[-96.9053,33.11177],[-96.9063,33.11424],[-96.90631,33.11685],[-96.90551,33.11775],[-96.90449,33.11624],[-96.90431,33.11309],[-96.90381,33.11272],[-96.90254,33.11305],[-96.90187,33.1146],[-96.90132,33.11309],[-96.90083,33.11497],[-96.90014,33.11428],[-96.89968,33.11493],[-96.8997,33.11564],[-96.89896,33.11593],[-96.89879,33.11679],[-96.89835,33.11683],[-96.89785,33.11617],[-96.89832,33.11418],[-96.89648,33.11478],[-96.89604,33.11562],[-96.89648,33.11694],[-96.89578,33.1184],[-96.89596,33.11872],[-96.89466,33.11883],[-96.89391,33.11941],[-96.89431,33.11991],[-96.89395,33.11991],[-96.89359,33.1192],[-96.89444,33.11903],[-96.89387,33.11893],[-96.89383,33.11863],[-96.89461,33.11779],[-96.89463,33.11737],[-96.89426,33.11691],[-96.89301,33.11724],[-96.89267,33.11693],[-96.89443,33.11559],[-96.89567,33.1134],[-96.89742,33.11249],[-96.89743,33.1122],[-96.89629,33.11129],[-96.89496,33.11205],[-96.89315,33.11171],[-96.89237,33.11094],[-96.89224,33.10977],[-96.89152,33.10984],[-96.8915,33.1106],[-96.89103,33.1108],[-96.88877,33.11128],[-96.88869,33.11102],[-96.88816,33.11109],[-96.88703,33.11192],[-96.88708,33.11258],[-96.88628,33.11345],[-96.8864,33.11385],[-96.88572,33.11407],[-96.88615,33.11335],[-96.88551,33.1133],[-96.88636,33.11284],[-96.88612,33.11255],[-96.88591,33.113],[-96.88596,33.11248],[-96.88665,33.1126],[-96.88664,33.11196],[-96.88566,33.11213],[-96.88592,33.11102],[-96.88572,33.11074],[-96.88536,33.11106],[-96.88513,33.11078],[-96.88557,33.11066],[-96.8864,33.10917],[-96.88824,33.10865],[-96.88878,33.10816],[-96.88857,33.10749],[-96.88813,33.10722],[-96.8883,33.10614],[-96.88758,33.10575],[-96.88782,33.10546],[-96.88949,33.10667],[-96.89032,33.10674],[-96.89131,33.1074],[-96.89154,33.10933],[-96.89233,33.10931],[-96.89261,33.10746],[-96.8934,33.10751],[-96.89394,33.10718],[-96.8963,33.1078],[-96.89772,33.10779],[-96.90097,33.10907],[-96.9022,33.10789],[-96.90269,33.10649],[-96.90235,33.10575],[-96.90411,33.10594],[-96.90581,33.10396],[-96.90596,33.10344],[-96.90496,33.1014],[-96.90536,33.10102],[-96.90496,33.10049],[-96.9058,33.10057],[-96.90643,33.10123],[-96.90733,33.10136],[-96.90773,33.10261],[-96.9083,33.10274],[-96.9086,33.10193],[-96.90803,33.10173],[-96.9071,33.10034],[-96.9074,33.0998],[-96.90889,33.09981],[-96.91144,33.09785],[-96.91162,33.09828],[-96.91216,33.09846],[-96.91276,33.09823],[-96.91269,33.09762],[-96.91416,33.09786],[-96.91433,33.09713],[-96.91408,33.09692],[-96.91455,33.09636],[-96.91711,33.09495],[-96.91779,33.09344],[-96.91777,33.09238],[-96.91848,33.09192],[-96.91853,33.09098],[-96.91931,33.08987],[-96.92001,33.08962],[-96.9208,33.08993],[-96.92387,33.08783],[-96.92432,33.08502],[-96.92475,33.08409],[-96.92372,33.08315],[-96.92359,33.08343],[-96.92406,33.08386],[-96.92401,33.0842],[-96.9228,33.08516],[-96.9227,33.08609],[-96.9219,33.08606],[-96.92098,33.08747],[-96.91992,33.08814],[-96.91956,33.08805],[-96.92028,33.08703],[-96.92028,33.08586],[-96.91994,33.08548],[-96.92046,33.08537],[-96.92036,33.08504],[-96.92137,33.08401],[-96.92169,33.08273],[-96.92324,33.0802],[-96.92304,33.08011],[-96.9223,33.08032],[-96.92181,33.08101],[-96.92123,33.08121],[-96.92037,33.08044],[-96.91971,33.0811],[-96.91857,33.08105],[-96.91733,33.08221],[-96.91672,33.08222],[-96.91571,33.08312],[-96.9143,33.08288],[-96.91397,33.08396],[-96.9128,33.08392],[-96.91079,33.08474],[-96.91029,33.08524],[-96.90968,33.08467],[-96.90773,33.08584],[-96.90746,33.08639],[-96.90573,33.08779],[-96.90374,33.08876],[-96.9034,33.08964],[-96.90277,33.0896],[-96.90127,33.09048],[-96.90029,33.09007],[-96.89909,33.09006],[-96.90071,33.08897],[-96.90196,33.08678],[-96.90359,33.08548],[-96.90307,33.08486],[-96.9031,33.0844],[-96.9039,33.08392],[-96.90537,33.08366],[-96.90633,33.08274],[-96.90506,33.08248],[-96.90425,33.08271],[-96.90283,33.08232],[-96.9007,33.08448],[-96.89967,33.08466],[-96.89952,33.08446],[-96.90029,33.083],[-96.89958,33.08252],[-96.90086,33.08139],[-96.8993,33.08105],[-96.89962,33.08052],[-96.8983,33.07942],[-96.90048,33.07942],[-96.90047,33.07834],[-96.89932,33.07757],[-96.89992,33.07762],[-96.90014,33.07708],[-96.90141,33.07698],[-96.90212,33.07609],[-96.90281,33.07633],[-96.90205,33.07703],[-96.90209,33.07772],[-96.90258,33.07821],[-96.9033,33.07771],[-96.90456,33.07908],[-96.90533,33.07847],[-96.90549,33.07786],[-96.90663,33.07873],[-96.90681,33.07943],[-96.90847,33.07945],[-96.90718,33.0777],[-96.90838,33.07793],[-96.90805,33.07714],[-96.91017,33.07784],[-96.91049,33.07933],[-96.91203,33.08026],[-96.91363,33.07996],[-96.91445,33.07936],[-96.91595,33.07893],[-96.91335,33.07771],[-96.91272,33.07772],[-96.91233,33.07725],[-96.91258,33.07671],[-96.9097,33.07527],[-96.90858,33.0742],[-96.90775,33.07416],[-96.90722,33.07537],[-96.90658,33.07498],[-96.90656,33.07372],[-96.90513,33.07428],[-96.90585,33.0729],[-96.90521,33.07232],[-96.90566,33.07205],[-96.90465,33.0722],[-96.90459,33.07173],[-96.90415,33.07171],[-96.90453,33.07134],[-96.90613,33.07162],[-96.90912,33.07281],[-96.91109,33.07414],[-96.91158,33.07401],[-96.91183,33.07283],[-96.91213,33.07268],[-96.9129,33.07468],[-96.91521,33.07613],[-96.91635,33.07647],[-96.91666,33.07588],[-96.91636,33.07372],[-96.91755,33.07369],[-96.91749,33.0745],[-96.91861,33.07695],[-96.91922,33.07719],[-96.91967,33.07673],[-96.92093,33.07708],[-96.92256,33.07673],[-96.92283,33.07545],[-96.92311,33.07527],[-96.92449,33.07516],[-96.9242,33.07343],[-96.92346,33.07297],[-96.92182,33.07035],[-96.92156,33.06959],[-96.922,33.06875],[-96.9229,33.06893],[-96.92337,33.06947],[-96.92443,33.07128],[-96.92674,33.07371],[-96.92707,33.07452],[-96.9283,33.07315],[-96.92909,33.07333],[-96.92932,33.07295],[-96.93007,33.07279],[-96.93078,33.07217],[-96.93071,33.07127],[-96.93161,33.0711],[-96.93181,33.0705],[-96.93127,33.06898],[-96.93377,33.06927],[-96.93479,33.0688],[-96.93655,33.06914],[-96.9443,33.07157],[-96.9444,33.072],[-96.94397,33.07205],[-96.94379,33.07253],[-96.94526,33.07376],[-96.94468,33.07522],[-96.94406,33.07584],[-96.94355,33.07584],[-96.94254,33.07504],[-96.9424,33.07735],[-96.94142,33.07774],[-96.9417,33.07873],[-96.94102,33.08077],[-96.94196,33.0825],[-96.94334,33.08197],[-96.9436,33.07983],[-96.94572,33.07654],[-96.9477,33.07468],[-96.94618,33.07419],[-96.949,33.07361],[-96.94894,33.0733],[-96.94845,33.0732],[-96.94856,33.07283],[-96.94909,33.07301],[-96.98735,33.06488],[-96.9891,33.06487],[-96.99015,33.06583],[-96.99097,33.06575],[-96.99071,33.06503],[-96.99394,33.06579],[-96.99618,33.06662],[-96.99641,33.06716],[-96.99701,33.06749],[-96.99671,33.06777],[-96.99639,33.06753],[-96.99657,33.06783],[-96.99628,33.06796],[-96.9957,33.06761],[-96.99556,33.068],[-96.9947,33.06791],[-96.99522,33.06858],[-96.99389,33.06807],[-96.99368,33.06862],[-96.99237,33.06773],[-96.99132,33.06861],[-96.99162,33.06912],[-96.99131,33.07019],[-96.99204,33.07095],[-96.99269,33.07078],[-96.99446,33.07111],[-96.99349,33.07136],[-96.99401,33.07196],[-96.99418,33.07277],[-96.99361,33.07326],[-96.99363,33.07364],[-96.99407,33.07382],[-96.99456,33.07315],[-96.99483,33.07344],[-96.99614,33.07327],[-96.99618,33.07401],[-96.99555,33.07556],[-96.99686,33.07613],[-96.99754,33.07743],[-96.9975,33.07828],[-96.99829,33.07817],[-96.99983,33.07505],[-97.00082,33.07754],[-97.00195,33.07762],[-97.00278,33.07731],[-97.0026,33.0781],[-97.00304,33.07814],[-97.00431,33.07758],[-97.00554,33.07753],[-97.00571,33.07679],[-97.0059,33.07724],[-97.00679,33.07734],[-97.0069,33.07768],[-97.0082,33.07815],[-97.00942,33.07993],[-97.01011,33.08175],[-97.01158,33.08295],[-97.01183,33.08276],[-97.01177,33.08202],[-97.01012,33.08002],[-97.01069,33.07879],[-97.01069,33.07955],[-97.01143,33.08024],[-97.01299,33.08068],[-97.01398,33.0804],[-97.01457,33.08076],[-97.01495,33.08062],[-97.01535,33.08114],[-97.01499,33.08159],[-97.01535,33.08212],[-97.01691,33.08269],[-97.01782,33.08267],[-97.01877,33.08183],[-97.01866,33.08135],[-97.01901,33.08116],[-97.01872,33.08088],[-97.01984,33.08117],[-97.01995,33.08077],[-97.02045,33.0806],[-97.02028,33.08024],[-97.02068,33.07983],[-97.02085,33.08044],[-97.02198,33.08031],[-97.0223,33.08056],[-97.02223,33.08091],[-97.02102,33.08106],[-97.01919,33.08255],[-97.01839,33.08428],[-97.01977,33.08467],[-97.02028,33.08451],[-97.02113,33.08577],[-97.02148,33.08462],[-97.02173,33.08456],[-97.02214,33.08473],[-97.02221,33.08565],[-97.02341,33.08393],[-97.02378,33.08284],[-97.0241,33.08286],[-97.02365,33.08439],[-97.02371,33.08531],[-97.02308,33.08598],[-97.02291,33.08692],[-97.02467,33.08768],[-97.02475,33.08842],[-97.02524,33.08802],[-97.02512,33.08747],[-97.02605,33.08771],[-97.02667,33.08722],[-97.02709,33.0896],[-97.02681,33.08997],[-97.02608,33.08972],[-97.0274,33.09193],[-97.02468,33.08991],[-97.02325,33.09007],[-97.02185,33.0891],[-97.02115,33.08992],[-97.02132,33.09049],[-97.02288,33.09041],[-97.0236,33.09073],[-97.02449,33.09217],[-97.02495,33.09192],[-97.0254,33.09206],[-97.02575,33.09351],[-97.02615,33.09372],[-97.0268,33.09515],[-97.02624,33.09721],[-97.02717,33.09701],[-97.02736,33.09723],[-97.02752,33.10038],[-97.02812,33.10043],[-97.02861,33.09831],[-97.03062,33.09648],[-97.03205,33.09741],[-97.03265,33.09686],[-97.03345,33.09698],[-97.03418,33.09658],[-97.03417,33.09585],[-97.03195,33.09468],[-97.03331,33.09527],[-97.03351,33.09428],[-97.03387,33.09511],[-97.03477,33.09504],[-97.03507,33.0955],[-97.03583,33.09576],[-97.03645,33.09517],[-97.03843,33.09504],[-97.04015,33.09412],[-97.04041,33.09429],[-97.04111,33.09362],[-97.04166,33.09364],[-97.04196,33.09387],[-97.04153,33.09442],[-97.04164,33.09482],[-97.04297,33.09498],[-97.04347,33.0947],[-97.04384,33.09527],[-97.04612,33.09624],[-97.04764,33.09768],[-97.04873,33.09792],[-97.04941,33.0976],[-97.04992,33.09647],[-97.04968,33.09715],[-97.05008,33.09811],[-97.05256,33.09604],[-97.05401,33.09557],[-97.05403,33.09503],[-97.05477,33.09558],[-97.05558,33.09541],[-97.05678,33.09412],[-97.05609,33.09367],[-97.05583,33.0929],[-97.0561,33.0916],[-97.05636,33.09254],[-97.05715,33.09301],[-97.05803,33.09125],[-97.05941,33.08989],[-97.06093,33.08641],[-97.06134,33.0862],[-97.06184,33.08669],[-97.06055,33.09012],[-97.05918,33.09163],[-97.06072,33.09111],[-97.06371,33.08869],[-97.06405,33.08851],[-97.06389,33.08896],[-97.06261,33.09081],[-97.05958,33.09317],[-97.05658,33.0971],[-97.05745,33.09686],[-97.05794,33.09707],[-97.05831,33.0967],[-97.05852,33.09728],[-97.05989,33.09691],[-97.06025,33.09709],[-97.06016,33.09612],[-97.0605,33.09549],[-97.06215,33.09484],[-97.06283,33.09424],[-97.06263,33.09495],[-97.06124,33.09595],[-97.06123,33.09621],[-97.06202,33.09626],[-97.06145,33.09736],[-97.06332,33.09748],[-97.0643,33.09793],[-97.06623,33.09785],[-97.06689,33.09736],[-97.06733,33.09838],[-97.06617,33.09901],[-97.0677,33.09901],[-97.06853,33.09777],[-97.0689,33.09821],[-97.06876,33.09896],[-97.06911,33.09917],[-97.06963,33.0986],[-97.07023,33.09868],[-97.07076,33.09749],[-97.06958,33.09744],[-97.0697,33.09696],[-97.07051,33.09706],[-97.07036,33.09616],[-97.06951,33.09561],[-97.06978,33.09432],[-97.06947,33.09263],[-97.07,33.09242],[-97.07016,33.09481],[-97.07105,33.09364],[-97.07169,33.09342],[-97.07193,33.0937],[-97.07088,33.09462],[-97.07073,33.09517],[-97.07119,33.0955],[-97.07203,33.09472],[-97.07274,33.09485],[-97.07214,33.09542],[-97.07207,33.09595],[-97.07151,33.09628],[-97.07147,33.09677],[-97.07195,33.09698],[-97.07167,33.09729],[-97.07164,33.09831],[-97.07215,33.09813],[-97.07228,33.09873],[-97.07283,33.09803],[-97.07283,33.09852],[-97.07318,33.09862],[-97.07258,33.09929],[-97.0726,33.09969],[-97.07428,33.10137],[-97.07471,33.10275],[-97.07556,33.10282],[-97.07629,33.10353],[-97.07631,33.10436],[-97.07786,33.10451],[-97.07905,33.10411],[-97.07943,33.10367],[-97.07983,33.10396],[-97.07937,33.10386],[-97.07921,33.10412],[-97.08041,33.1047],[-97.08258,33.10503],[-97.08276,33.1046],[-97.08254,33.1045],[-97.08289,33.1046],[-97.08273,33.10506],[-97.08212,33.10516],[-97.0787,33.10438],[-97.07725,33.10509],[-97.07764,33.10542],[-97.07723,33.10555],[-97.0769,33.10526],[-97.07657,33.10554],[-97.07632,33.10485],[-97.07558,33.10519],[-97.07533,33.10484],[-97.0748,33.10509],[-97.07461,33.1047],[-97.07417,33.10478],[-97.07434,33.10425],[-97.07287,33.10311],[-97.07137,33.10082],[-97.06955,33.1006],[-97.06861,33.1009],[-97.06869,33.10125],[-97.06784,33.10161],[-97.06721,33.10127],[-97.06696,33.10148],[-97.06919,33.1038],[-97.06988,33.1043],[-97.07038,33.1042],[-97.07024,33.10466],[-97.071,33.10579],[-97.07254,33.10674],[-97.0711,33.1064],[-97.06953,33.10513],[-97.06862,33.10589],[-97.06859,33.10667],[-97.06878,33.10699],[-97.07015,33.10737],[-97.07131,33.10873],[-97.072,33.1107],[-97.07381,33.11334],[-97.07445,33.11482],[-97.07389,33.1148],[-97.07315,33.11382],[-97.0719,33.11432],[-97.06962,33.11387],[-97.06868,33.11584],[-97.06992,33.11672],[-97.07181,33.11744],[-97.0745,33.11745],[-97.07777,33.12009],[-97.07913,33.11982],[-97.08158,33.11787],[-97.08279,33.11781],[-97.08313,33.11602],[-97.08443,33.11499],[-97.08509,33.11507],[-97.08573,33.11576],[-97.08682,33.11514],[-97.0877,33.11513],[-97.08798,33.11542],[-97.08785,33.11649],[-97.08806,33.11655],[-97.08855,33.11594],[-97.08827,33.11499],[-97.08934,33.11455],[-97.08936,33.11504],[-97.09019,33.11519],[-97.09015,33.11555],[-97.08942,33.11531],[-97.08949,33.11651],[-97.08996,33.11723],[-97.08968,33.11802],[-97.08998,33.11834],[-97.09085,33.11862],[-97.09173,33.1175],[-97.09449,33.11715],[-97.09479,33.1174],[-97.09433,33.11834],[-97.09461,33.11873],[-97.09776,33.12133],[-97.09962,33.12139],[-97.09988,33.12183],[-97.09948,33.12207],[-97.09959,33.12234],[-97.10057,33.12238],[-97.10085,33.12278],[-97.10077,33.12342],[-97.09939,33.12438],[-97.09917,33.12564],[-97.1001,33.12547],[-97.10035,33.12422],[-97.10199,33.12406],[-97.10377,33.12586],[-97.10377,33.12693],[-97.10542,33.12699],[-97.10555,33.12788],[-97.10446,33.12846],[-97.10429,33.12938],[-97.10647,33.12983],[-97.10646,33.13017],[-97.10567,33.13044],[-97.10595,33.13111],[-97.10713,33.13147],[-97.10762,33.1313],[-97.10847,33.13022],[-97.10965,33.13084],[-97.11039,33.13017],[-97.11161,33.13002],[-97.11289,33.12921],[-97.11354,33.12905],[-97.11384,33.12938],[-97.11374,33.1296],[-97.1136,33.12923],[-97.11326,33.12923],[-97.11152,33.13027],[-97.11049,33.1303],[-97.10985,33.13094],[-97.10863,33.13033],[-97.10783,33.13136],[-97.10721,33.13168],[-97.10595,33.13135],[-97.10543,33.13024],[-97.10615,33.13007],[-97.10617,33.12979],[-97.10434,33.12982],[-97.10403,33.12936],[-97.10419,33.1285],[-97.10532,33.12784],[-97.10539,33.12722],[-97.10509,33.12698],[-97.10359,33.12709],[-97.10356,33.126],[-97.10255,33.12467],[-97.10183,33.12425],[-97.1008,33.12431],[-97.0999,33.12584],[-97.09833,33.12578],[-97.09877,33.12563],[-97.09929,33.12415],[-97.10057,33.12329],[-97.10049,33.12256],[-97.09923,33.12234],[-97.09959,33.12156],[-97.09816,33.12176],[-97.09754,33.12148],[-97.09403,33.1185],[-97.0944,33.11739],[-97.09173,33.11784],[-97.0912,33.11881],[-97.08988,33.11851],[-97.08949,33.11811],[-97.08966,33.11703],[-97.08918,33.11661],[-97.08927,33.11577],[-97.08881,33.11496],[-97.08852,33.11514],[-97.08872,33.11643],[-97.08801,33.11678],[-97.0876,33.11649],[-97.0874,33.11535],[-97.0859,33.11603],[-97.08454,33.11524],[-97.08379,33.11602],[-97.08393,33.11649],[-97.08322,33.11793],[-97.0815,33.11831],[-97.08092,33.11931],[-97.08,33.11953],[-97.07919,33.12029],[-97.07825,33.12036],[-97.07848,33.12067],[-97.08049,33.12081],[-97.08034,33.12136],[-97.08249,33.1212],[-97.08375,33.12182],[-97.08042,33.12176],[-97.08064,33.12238],[-97.08155,33.12319],[-97.08105,33.12405],[-97.08072,33.12388],[-97.08078,33.1232],[-97.08013,33.12272],[-97.08004,33.12191],[-97.07948,33.12146],[-97.07893,33.12126],[-97.07863,33.12153],[-97.07808,33.12124],[-97.07691,33.12147],[-97.07648,33.12204],[-97.07742,33.12212],[-97.07752,33.1225],[-97.07629,33.12236],[-97.07578,33.12242],[-97.07581,33.12267],[-97.07499,33.12175],[-97.07448,33.12203],[-97.07441,33.1214],[-97.07467,33.12144],[-97.07423,33.12098],[-97.07432,33.11997],[-97.07382,33.12003],[-97.07156,33.11882],[-97.07074,33.11904],[-97.0691,33.11881],[-97.06899,33.1192],[-97.06955,33.11963],[-97.06868,33.11966],[-97.06865,33.12033],[-97.06957,33.12059],[-97.06963,33.12131],[-97.06687,33.12159],[-97.06714,33.12263],[-97.06674,33.12269],[-97.06612,33.12202],[-97.06608,33.12151],[-97.06554,33.12142],[-97.06511,33.12188],[-97.06439,33.12151],[-97.06471,33.1211],[-97.06408,33.12092],[-97.06345,33.12023],[-97.06288,33.12031],[-97.06363,33.11998],[-97.06437,33.12016],[-97.06439,33.11989],[-97.06701,33.11998],[-97.06768,33.11911],[-97.06382,33.11602],[-97.06452,33.11512],[-97.06433,33.11468],[-97.06183,33.11394],[-97.0639,33.11341],[-97.06439,33.11389],[-97.06591,33.11378],[-97.06597,33.11283],[-97.0652,33.11255],[-97.06712,33.11228],[-97.06744,33.11176],[-97.06714,33.11119],[-97.06657,33.11081],[-97.06406,33.11091],[-97.06221,33.11019],[-97.0613,33.10869],[-97.06155,33.10736],[-97.06074,33.10735],[-97.05998,33.10571],[-97.0583,33.10465],[-97.05801,33.10474],[-97.05803,33.1051],[-97.05742,33.1051],[-97.05706,33.10577],[-97.05662,33.10549],[-97.05603,33.10563],[-97.05641,33.10475],[-97.05526,33.10429],[-97.05485,33.10459],[-97.05353,33.10311],[-97.05394,33.10433],[-97.05387,33.10516],[-97.0521,33.10524],[-97.05098,33.10577],[-97.05105,33.10626],[-97.05048,33.10705],[-97.05162,33.10692],[-97.05172,33.10774],[-97.05259,33.10688],[-97.05281,33.10727],[-97.05228,33.10783],[-97.05304,33.10787],[-97.05265,33.10822],[-97.05341,33.1084],[-97.05351,33.10888],[-97.05407,33.10826],[-97.05445,33.10844],[-97.05358,33.10932],[-97.05424,33.10993],[-97.05522,33.10979],[-97.05556,33.1105],[-97.05551,33.11126],[-97.05633,33.1118],[-97.05628,33.11211],[-97.05479,33.1118],[-97.05428,33.11032],[-97.05274,33.10918],[-97.05215,33.10912],[-97.05156,33.10859],[-97.05069,33.10851],[-97.05067,33.10896],[-97.05012,33.10881],[-97.05017,33.10842],[-97.04952,33.10783],[-97.04954,33.1095],[-97.04841,33.11016],[-97.04771,33.11012],[-97.04837,33.11],[-97.04897,33.10942],[-97.04878,33.10903],[-97.04777,33.10907],[-97.04757,33.10876],[-97.04849,33.10812],[-97.04812,33.10736],[-97.04762,33.1074],[-97.04708,33.1066],[-97.04551,33.10613],[-97.04502,33.10674],[-97.04474,33.10539],[-97.04429,33.10514],[-97.04464,33.10473],[-97.04406,33.10402],[-97.04283,33.10436],[-97.0417,33.10386],[-97.04113,33.10405],[-97.04114,33.10502],[-97.04078,33.10492],[-97.03986,33.1058],[-97.03901,33.10611],[-97.03865,33.10577],[-97.03867,33.10633],[-97.03903,33.10677],[-97.03918,33.10644],[-97.04005,33.10677],[-97.04099,33.1065],[-97.04128,33.10722],[-97.04272,33.10718],[-97.04306,33.10795],[-97.04264,33.10832],[-97.04155,33.10782],[-97.04183,33.10836],[-97.04146,33.10888],[-97.04172,33.11034],[-97.0429,33.11197],[-97.04422,33.11205],[-97.04481,33.11284],[-97.04443,33.11347],[-97.04373,33.1126],[-97.04315,33.11272],[-97.04324,33.1134],[-97.04278,33.11423],[-97.0423,33.1141],[-97.04164,33.11309],[-97.04202,33.11251],[-97.04169,33.11246],[-97.041,33.11135],[-97.04052,33.1116],[-97.04021,33.1112],[-97.03928,33.11128],[-97.04034,33.11094],[-97.04022,33.10911],[-97.0383,33.10766],[-97.03752,33.1079],[-97.0376,33.10713],[-97.03724,33.10669],[-97.03671,33.10662],[-97.03715,33.1052],[-97.03669,33.10561],[-97.03611,33.10523],[-97.03539,33.10701],[-97.0348,33.10678],[-97.03306,33.1074],[-97.03226,33.10693],[-97.03225,33.10647],[-97.03156,33.10639],[-97.03415,33.10883],[-97.03451,33.10964],[-97.03413,33.11003],[-97.03475,33.11052],[-97.03475,33.11127],[-97.03397,33.11089],[-97.03415,33.11175],[-97.03389,33.11282],[-97.03275,33.11356],[-97.0337,33.11207],[-97.03347,33.11149],[-97.03284,33.11236],[-97.03228,33.11247],[-97.03247,33.11193],[-97.0329,33.11175],[-97.03334,33.11025],[-97.033,33.10961],[-97.03157,33.11046],[-97.03282,33.10905],[-97.0323,33.10839],[-97.03179,33.1083],[-97.03103,33.10754],[-97.03007,33.10756],[-97.02992,33.10694],[-97.02946,33.10751],[-97.02905,33.10699],[-97.02864,33.10837],[-97.02772,33.1077],[-97.02836,33.1071],[-97.02792,33.10686],[-97.02815,33.10625],[-97.02779,33.10554],[-97.02802,33.10484],[-97.0277,33.10447],[-97.02788,33.10281],[-97.02714,33.10279],[-97.0267,33.10549],[-97.02555,33.10549],[-97.02565,33.10748],[-97.026,33.10841],[-97.02564,33.10844],[-97.02537,33.10947],[-97.02532,33.10777],[-97.02414,33.10612],[-97.02369,33.10723],[-97.02256,33.10759],[-97.02295,33.10819],[-97.02246,33.10823],[-97.02244,33.10912],[-97.02184,33.1083],[-97.02192,33.10793],[-97.02067,33.10812],[-97.02101,33.10757],[-97.02205,33.10728],[-97.022,33.10692],[-97.02238,33.10701],[-97.02243,33.10646],[-97.02295,33.1063],[-97.02252,33.1055],[-97.02092,33.10549],[-97.01938,33.10471],[-97.01905,33.10423],[-97.01951,33.10397],[-97.01904,33.10396],[-97.01908,33.10352],[-97.01881,33.1034],[-97.01902,33.10229],[-97.02048,33.10118],[-97.02012,33.10092],[-97.02086,33.10063],[-97.0212,33.09974],[-97.02111,33.09886],[-97.01907,33.09987],[-97.01797,33.09956],[-97.01888,33.09936],[-97.01863,33.09843],[-97.01781,33.09815],[-97.0177,33.09761],[-97.01721,33.09795],[-97.01724,33.09861],[-97.01663,33.09892],[-97.01634,33.09871],[-97.01634,33.09914],[-97.01517,33.10005],[-97.01518,33.10056],[-97.01476,33.10032],[-97.01424,33.10065],[-97.01483,33.10004],[-97.01434,33.10007],[-97.01433,33.09971],[-97.01516,33.09944],[-97.01493,33.09897],[-97.01585,33.09857],[-97.01571,33.09818],[-97.0151,33.09806],[-97.01537,33.09697],[-97.01504,33.09703],[-97.01447,33.09593],[-97.01409,33.09649],[-97.01397,33.09605],[-97.01191,33.09538],[-97.01362,33.0949],[-97.01274,33.09433],[-97.01333,33.09382],[-97.013,33.09285],[-97.01212,33.09314],[-97.00894,33.09276],[-97.00856,33.09338],[-97.00869,33.09382],[-97.00815,33.09404],[-97.00863,33.09538],[-97.00813,33.09465],[-97.00716,33.09495],[-97.00721,33.09335],[-97.00597,33.09266],[-97.00625,33.0938],[-97.00564,33.09436],[-97.00562,33.09511],[-97.00482,33.09523],[-97.00387,33.09434],[-97.00325,33.09471],[-97.00349,33.09583],[-97.00287,33.09611],[-97.00168,33.09603],[-97.0013,33.09707],[-97.00033,33.09658],[-96.99942,33.09726],[-96.99963,33.09797],[-97.00031,33.09808],[-97.00157,33.09925],[-97.00008,33.09856],[-96.99924,33.09861],[-96.99837,33.09806],[-96.99775,33.09808],[-96.99801,33.0968],[-96.99903,33.09501],[-97.00021,33.09426],[-97,33.09331],[-96.99926,33.09293],[-96.99926,33.09355],[-96.99871,33.09397],[-96.9977,33.09377],[-96.99721,33.09467],[-96.99649,33.09416],[-96.99603,33.09328],[-96.9952,33.09323],[-96.99469,33.09366],[-96.9942,33.09348],[-96.99378,33.09261],[-96.99413,33.09179],[-96.99327,33.09066],[-96.99312,33.08987],[-96.99171,33.08931],[-96.99119,33.08828],[-96.98922,33.08891],[-96.9888,33.09027],[-96.98966,33.09132],[-96.99077,33.0903],[-96.99106,33.09191],[-96.9921,33.0921],[-96.99221,33.09303],[-96.99305,33.09413],[-96.99278,33.09507],[-96.99148,33.09377],[-96.99078,33.09373],[-96.98987,33.09516],[-96.98986,33.09613],[-96.98909,33.0968],[-96.98905,33.09626],[-96.9884,33.09583],[-96.98846,33.09402],[-96.98797,33.0939],[-96.98726,33.09308],[-96.98599,33.09331],[-96.98593,33.09222],[-96.98569,33.09222],[-96.98514,33.09398],[-96.98597,33.09512],[-96.98559,33.09526],[-96.98505,33.09931],[-96.98543,33.09952],[-96.98638,33.0985],[-96.98668,33.09856],[-96.98673,33.10004],[-96.98717,33.10043],[-96.98817,33.10032],[-96.98815,33.10175],[-96.98932,33.10126],[-96.99007,33.10218],[-96.9913,33.10222],[-96.99237,33.10167],[-96.99337,33.10162],[-96.99461,33.10246],[-96.99555,33.10262],[-96.99531,33.10364],[-96.99687,33.1039],[-96.99736,33.10321],[-96.99872,33.10465],[-96.99857,33.10612],[-96.99797,33.10633],[-96.9972,33.10549],[-96.99784,33.10663],[-96.9955,33.10881],[-96.9956,33.10905],[-96.99764,33.10746],[-96.99857,33.10729],[-96.99912,33.10877],[-97.00058,33.10988],[-97.00198,33.11186],[-97.0034,33.11538],[-97.00381,33.11569],[-97.0048,33.11516],[-97.00398,33.11388],[-97.00432,33.11157],[-97.00353,33.11124],[-97.00483,33.11037],[-97.00544,33.1103],[-97.00615,33.11078],[-97.00593,33.11131],[-97.00659,33.11234],[-97.00668,33.11318],[-97.00786,33.11433],[-97.00961,33.11496],[-97.01086,33.11408],[-97.01085,33.11463],[-97.01134,33.11499],[-97.01091,33.11515],[-97.01073,33.11582],[-97.01179,33.11667],[-97.01307,33.11658],[-97.01323,33.11586],[-97.01369,33.11622],[-97.01441,33.11589],[-97.01481,33.11345],[-97.01557,33.11289],[-97.01549,33.11318],[-97.01598,33.11325],[-97.01598,33.11383],[-97.01539,33.11463],[-97.01588,33.11462],[-97.01537,33.11519],[-97.01505,33.1166],[-97.01464,33.11659],[-97.01426,33.11742],[-97.01462,33.11743],[-97.01465,33.11772],[-97.01365,33.11827],[-97.01207,33.11835],[-97.01284,33.11874],[-97.01395,33.11868],[-97.01373,33.11942],[-97.01397,33.12003],[-97.01459,33.11971],[-97.01489,33.1208],[-97.01573,33.12149],[-97.01566,33.12197],[-97.01496,33.12183],[-97.01385,33.12221],[-97.01306,33.12095],[-97.01257,33.12106],[-97.01206,33.12171],[-97.01244,33.12286],[-97.01193,33.123],[-97.01318,33.12304],[-97.01423,33.12486],[-97.01509,33.12425],[-97.01532,33.12438],[-97.01507,33.12539],[-97.01574,33.12589],[-97.01653,33.12609],[-97.01664,33.12489],[-97.01701,33.12498],[-97.01693,33.12609],[-97.01709,33.12545],[-97.01769,33.12535],[-97.01804,33.12598],[-97.01776,33.12633],[-97.01811,33.12737],[-97.01762,33.12761],[-97.01736,33.12721],[-97.01681,33.1272],[-97.01645,33.12746],[-97.01646,33.12981],[-97.01592,33.13016],[-97.01541,33.12738],[-97.01352,33.12662],[-97.01424,33.12727],[-97.01324,33.12705],[-97.0135,33.12855],[-97.01298,33.131],[-97.01181,33.13059],[-97.01077,33.12935],[-97.0101,33.13141],[-97.01072,33.13277],[-97.01016,33.1335],[-97.01039,33.1344],[-97.01138,33.13506],[-97.01144,33.13605],[-97.01258,33.1371],[-97.0136,33.1374],[-97.01495,33.13677],[-97.01558,33.1361],[-97.01596,33.13756],[-97.01548,33.13796],[-97.01551,33.13851],[-97.01734,33.13861],[-97.01791,33.13986],[-97.01877,33.14007],[-97.019,33.13756],[-97.01936,33.13701],[-97.02017,33.13675],[-97.01997,33.13785],[-97.02033,33.13976],[-97.0237,33.14009],[-97.02428,33.13903],[-97.02488,33.1396],[-97.0261,33.13943],[-97.02714,33.14043],[-97.02687,33.14108],[-97.02558,33.14174],[-97.02531,33.14218],[-97.02548,33.14357],[-97.02716,33.14337],[-97.02772,33.14389],[-97.02776,33.14413],[-97.02657,33.14454],[-97.0258,33.14525],[-97.02647,33.14736],[-97.02975,33.14827],[-97.02836,33.14864],[-97.02739,33.14855],[-97.02696,33.14887],[-97.02813,33.1523],[-97.02906,33.15315],[-97.02908,33.15425],[-97.02854,33.15373],[-97.02791,33.15392],[-97.02719,33.15366],[-97.02635,33.15268],[-97.02642,33.15179],[-97.02594,33.15112],[-97.02483,33.15054],[-97.02521,33.14985],[-97.0236,33.14646],[-97.02191,33.14609],[-97.02166,33.14642],[-97.02117,33.14638],[-97.0207,33.14793],[-97.01799,33.15007],[-97.01772,33.15065],[-97.01351,33.15331],[-97.01353,33.15501],[-97.01274,33.15516],[-97.01211,33.15629],[-97.01134,33.15645],[-97.01281,33.15846],[-97.01312,33.15966],[-97.01369,33.15984],[-97.01466,33.15858],[-97.01625,33.15745],[-97.0172,33.15746],[-97.02029,33.15625],[-97.02296,33.1562],[-97.025,33.15653],[-97.026,33.15709],[-97.02719,33.15846],[-97.02734,33.16005],[-97.02765,33.1603],[-97.02717,33.16108],[-97.02647,33.16126],[-97.02621,33.16185],[-97.02675,33.16356],[-97.02779,33.16472],[-97.02791,33.16753],[-97.02724,33.16882],[-97.0286,33.16871],[-97.02897,33.16813],[-97.02973,33.16847],[-97.02813,33.17015],[-97.02922,33.1707],[-97.02967,33.17049],[-97.02985,33.16919],[-97.03035,33.16885],[-97.03105,33.16903],[-97.03116,33.16947],[-97.03109,33.17076],[-97.03041,33.17296],[-97.02957,33.17267],[-97.02916,33.17203],[-97.02855,33.17209],[-97.02861,33.17311],[-97.02922,33.17354],[-97.02871,33.17352],[-97.02918,33.17377],[-97.03058,33.17331],[-97.03329,33.17608],[-97.03351,33.1769],[-97.03732,33.17755],[-97.03941,33.17944],[-97.04092,33.17914],[-97.04183,33.17948],[-97.04379,33.1793],[-97.04436,33.17953],[-97.04444,33.1801],[-97.04544,33.17961],[-97.04481,33.17994],[-97.04593,33.17997],[-97.0421,33.18085],[-97.04233,33.18148],[-97.04266,33.18107],[-97.0434,33.18152],[-97.0424,33.18208],[-97.04154,33.18467],[-97.04075,33.18355],[-97.03849,33.18246],[-97.0385,33.18197],[-97.03772,33.18251],[-97.03659,33.18207],[-97.03511,33.18218],[-97.03341,33.1832],[-97.03263,33.18435],[-97.03268,33.18529],[-97.03297,33.18556],[-97.03469,33.18623],[-97.03683,33.18694],[-97.03861,33.18716],[-97.03977,33.18686],[-97.04132,33.1873],[-97.04317,33.18921],[-97.0442,33.19096],[-97.04455,33.19239],[-97.04388,33.19414],[-97.04493,33.1989],[-97.0454,33.20278],[-97.04316,33.20447],[-97.03995,33.20313],[-97.03871,33.20294],[-97.03856,33.20326],[-97.03864,33.20357],[-97.04058,33.2045],[-97.04118,33.2052],[-97.04126,33.20549],[-97.04082,33.20565],[-97.04113,33.20617],[-97.04306,33.20634],[-97.04349,33.2054],[-97.04438,33.20539],[-97.04462,33.20539],[-97.04472,33.20614],[-97.04593,33.20624],[-97.04641,33.20805],[-97.04764,33.20989],[-97.04788,33.21097],[-97.04675,33.21105],[-97.0465,33.2114],[-97.04665,33.21222],[-97.04343,33.21205],[-97.04046,33.21274],[-97.0385,33.21219],[-97.03812,33.20995],[-97.03887,33.20872],[-97.03881,33.20767],[-97.03596,33.2061],[-97.03522,33.20486],[-97.03455,33.20185],[-97.03382,33.20092],[-97.03584,33.20206],[-97.036,33.2026],[-97.03714,33.20285],[-97.03738,33.2026],[-97.03245,33.19863],[-97.03183,33.19841],[-97.03131,33.19768],[-97.03049,33.19737],[-97.03043,33.19703],[-97.02936,33.19741],[-97.02906,33.19821],[-97.02769,33.19883],[-97.02741,33.19872],[-97.02756,33.1984],[-97.0254,33.19936],[-97.02214,33.19932],[-97.02144,33.19877],[-97.02142,33.19796],[-97.02095,33.19766],[-97.02112,33.19728],[-97.02056,33.1948],[-97.02001,33.19391],[-97.01922,33.19331],[-97.019,33.19348],[-97.01952,33.19447],[-97.01986,33.19726],[-97.02072,33.19917],[-97.02118,33.19952],[-97.0211,33.20013],[-97.02328,33.20117],[-97.02938,33.20282],[-97.03056,33.20397],[-97.03233,33.20472],[-97.033,33.20563],[-97.03369,33.20601],[-97.03411,33.20655],[-97.03406,33.20746],[-97.03573,33.20795],[-97.03439,33.20833],[-97.03581,33.2089],[-97.03617,33.20957],[-97.03619,33.21427],[-97.03727,33.21476],[-97.03994,33.21438],[-97.04129,33.21461],[-97.04299,33.21573],[-97.04214,33.21755],[-97.04217,33.22073],[-97.04285,33.22337],[-97.04448,33.22615],[-97.04446,33.22768],[-97.04408,33.22885],[-97.04344,33.2298],[-97.04193,33.23096],[-97.04136,33.23196],[-97.04081,33.23416],[-97.04004,33.23517],[-97.03732,33.23493],[-97.03641,33.23386],[-97.03582,33.23241],[-97.03489,33.23213],[-97.03379,33.23214],[-97.03271,33.23278],[-97.03267,33.23438],[-97.03225,33.23537],[-97.03122,33.23546],[-97.03073,33.2341],[-97.02999,33.23368],[-97.02987,33.23431],[-97.02946,33.2343],[-97.0294,33.23552],[-97.02909,33.23603],[-97.02933,33.23801],[-97.03144,33.23953],[-97.03157,33.23996],[-97.02933,33.24211],[-97.0283,33.24095],[-97.02701,33.2417],[-97.02724,33.24288],[-97.02684,33.24395],[-97.02633,33.24327],[-97.02608,33.24212],[-97.02524,33.24211],[-97.02375,33.24104],[-97.02369,33.24055],[-97.02382,33.24018],[-97.02465,33.2401],[-97.02444,33.24103],[-97.02488,33.24117],[-97.02606,33.23987],[-97.02687,33.23798],[-97.02838,33.23797],[-97.02819,33.23731],[-97.02512,33.23681],[-97.02492,33.23611],[-97.02415,33.23601],[-97.02371,33.23425],[-97.02415,33.23405],[-97.02455,33.23211],[-97.0242,33.23111],[-97.02243,33.22937],[-97.01734,33.22622],[-97.0177,33.22378],[-97.01691,33.22249],[-97.01679,33.22094],[-97.01763,33.21902],[-97.01832,33.21545],[-97.018,33.21307],[-97.01715,33.21191],[-97.0193,33.20552],[-97.01869,33.20356],[-97.01861,33.20213],[-97.01914,33.20065],[-97.01976,33.19988],[-97.01894,33.19562],[-97.01786,33.19434],[-97.0154,33.19319],[-97.01574,33.19425],[-97.01764,33.1946],[-97.01802,33.19508],[-97.01765,33.19514],[-97.01812,33.19544],[-97.01751,33.19534],[-97.01763,33.19567],[-97.01704,33.19578],[-97.01722,33.19637],[-97.01803,33.19667],[-97.01795,33.19826],[-97.01676,33.19797],[-97.01734,33.1985],[-97.01624,33.19785],[-97.01544,33.1978],[-97.01458,33.1997],[-97.01363,33.19895],[-97.01251,33.19889],[-97.01125,33.19983],[-97.01061,33.20097],[-97.0099,33.20088],[-97.00765,33.20159],[-97.00677,33.20235],[-97.00585,33.20227],[-97.00573,33.20105],[-97.0082,33.20011],[-97.00905,33.19916],[-97.00885,33.19839],[-97.01063,33.19749],[-97.01186,33.19606],[-97.01178,33.1956],[-97.01101,33.19503],[-97.01127,33.19386],[-97.01069,33.18949],[-97.01253,33.18533],[-97.01135,33.18374],[-97.00975,33.18271],[-97.00914,33.1833],[-97.00948,33.18405],[-97.00864,33.18432],[-97.00863,33.18337],[-97.00687,33.18316],[-97.00794,33.18277],[-97.00855,33.18296],[-97.01003,33.18134],[-97.01038,33.1788],[-97.01159,33.17697],[-97.01172,33.17561],[-97.00993,33.17677],[-97.00869,33.17679],[-97.00827,33.17708],[-97.00715,33.17631],[-97.00495,33.17629],[-97.0041,33.17661],[-97.0047,33.17615],[-97.00552,33.17609],[-97.00766,33.17609],[-97.00824,33.17648],[-97.00927,33.17651],[-97.01029,33.17576],[-97.01132,33.17393],[-97.01113,33.17337],[-97.01038,33.17286],[-97.01034,33.1716],[-97.00988,33.17044],[-97.00775,33.17024],[-97.00803,33.16987],[-97.00892,33.1699],[-97.00919,33.16906],[-97.00877,33.1688],[-97.00758,33.16943],[-97.0063,33.1695],[-97.00679,33.16871],[-97.00783,33.16866],[-97.00877,33.16765],[-97.00466,33.1673],[-97.00157,33.16639],[-96.99937,33.16529],[-96.99778,33.16295],[-96.99657,33.15866],[-96.99492,33.1582],[-96.99502,33.15765],[-96.99405,33.15687],[-96.99202,33.15603],[-96.99284,33.15921],[-96.99262,33.15935],[-96.99216,33.15879],[-96.99161,33.15871],[-96.99148,33.15919],[-96.99183,33.1599],[-96.99031,33.16055],[-96.99004,33.16152],[-96.99041,33.16191],[-96.99028,33.16262],[-96.99085,33.16317],[-96.99013,33.16314],[-96.98992,33.16347],[-96.99013,33.16438],[-96.98952,33.16421],[-96.98909,33.16472],[-96.98891,33.16433],[-96.98957,33.16388],[-96.98889,33.16365],[-96.98891,33.16276],[-96.98852,33.16254],[-96.98881,33.16217],[-96.98884,33.16075],[-96.98844,33.16042],[-96.98901,33.16004],[-96.98923,33.15901],[-96.98848,33.15872],[-96.98958,33.15771],[-96.98957,33.15724],[-96.99009,33.15727],[-96.98997,33.15568],[-96.99056,33.15575],[-96.99138,33.15489],[-96.99055,33.15402],[-96.99022,33.15287],[-96.98939,33.1522],[-96.9893,33.15134],[-96.98881,33.15106],[-96.98731,33.15154],[-96.98724,33.15062],[-96.98636,33.15069],[-96.98598,33.15154],[-96.98543,33.15108],[-96.98399,33.15237],[-96.98382,33.15276],[-96.98416,33.15334],[-96.98345,33.15338],[-96.98225,33.1543],[-96.98142,33.15395],[-96.98241,33.15367],[-96.98289,33.15222],[-96.98133,33.15156],[-96.98256,33.15117],[-96.98317,33.15156],[-96.98446,33.15045],[-96.98464,33.1499],[-96.98531,33.14968],[-96.9849,33.14869],[-96.9839,33.14796],[-96.98509,33.14768],[-96.98513,33.14657],[-96.98598,33.14865],[-96.98749,33.14853],[-96.98706,33.14562],[-96.98763,33.14404],[-96.98635,33.14433],[-96.98682,33.14375],[-96.98657,33.143],[-96.98721,33.14334],[-96.98834,33.1431],[-96.98873,33.14242],[-96.98867,33.14172],[-96.9896,33.14121],[-96.9905,33.13975],[-96.99048,33.13931],[-96.99328,33.13709],[-96.99235,33.13691],[-96.99336,33.13547],[-96.99344,33.13405],[-96.9915,33.13271],[-96.99095,33.13381],[-96.9913,33.13424],[-96.99063,33.13443],[-96.99055,33.13485],[-96.98945,33.13395],[-96.99002,33.13321],[-96.98952,33.13229],[-96.98782,33.13163],[-96.98746,33.1311],[-96.98851,33.12944],[-96.98988,33.12363],[-96.98932,33.12441],[-96.9883,33.12925],[-96.98625,33.13031],[-96.98431,33.12987],[-96.98286,33.13134],[-96.9829,33.13245],[-96.98349,33.13287],[-96.98307,33.13322],[-96.98347,33.13498],[-96.98288,33.13611],[-96.98162,33.13742],[-96.98085,33.13725],[-96.98021,33.13766],[-96.98,33.13718],[-96.9809,33.13647],[-96.98172,33.1352],[-96.98178,33.13439],[-96.98131,33.13371],[-96.98083,33.13349],[-96.98033,33.13421],[-96.97993,33.13381],[-96.97811,33.13367],[-96.97957,33.1331],[-96.98068,33.13226],[-96.98047,33.13166],[-96.97992,33.13131],[-96.9803,33.13092],[-96.98007,33.13065],[-96.9807,33.13033],[-96.98081,33.12931],[-96.97913,33.12834],[-96.97914,33.12882],[-96.97867,33.12895],[-96.97581,33.12799],[-96.97501,33.12921],[-96.97516,33.12976],[-96.97596,33.13025],[-96.97559,33.13164],[-96.97541,33.13061],[-96.97482,33.13023],[-96.97363,33.1306],[-96.97283,33.13125],[-96.97232,33.13053],[-96.9716,33.13134],[-96.97124,33.13254],[-96.97148,33.13303],[-96.97104,33.13391],[-96.97117,33.13528],[-96.97049,33.13434],[-96.96988,33.13412],[-96.96891,33.13487],[-96.96829,33.13636],[-96.9692,33.13703],[-96.96876,33.13719],[-96.96861,33.13777],[-96.96944,33.13877],[-96.96765,33.13785],[-96.96694,33.13787],[-96.96655,33.13848],[-96.96651,33.14008],[-96.96601,33.14022],[-96.96608,33.14071],[-96.96545,33.14153],[-96.96403,33.14264],[-96.96435,33.14341],[-96.96417,33.14426],[-96.9662,33.14376],[-96.96624,33.14407],[-96.96739,33.1446],[-96.96668,33.14488],[-96.96716,33.14585],[-96.96557,33.14524],[-96.96519,33.14602],[-96.96593,33.14656],[-96.96506,33.14744],[-96.96398,33.14662],[-96.96395,33.14838],[-96.96288,33.15019],[-96.96326,33.15052],[-96.96437,33.15024],[-96.96464,33.15077],[-96.96589,33.15017],[-96.96607,33.14981],[-96.96584,33.14968],[-96.96662,33.14981],[-96.96771,33.14948],[-96.96853,33.1497],[-96.96895,33.14913],[-96.96938,33.14912],[-96.96862,33.15021],[-96.96893,33.15116],[-96.96819,33.15058],[-96.96763,33.15057],[-96.96636,33.15194],[-96.96711,33.1536],[-96.96776,33.15383],[-96.96693,33.15425],[-96.96713,33.15559],[-96.96623,33.155],[-96.96489,33.15304],[-96.96385,33.15286],[-96.96317,33.15319],[-96.96227,33.1526],[-96.96161,33.15271],[-96.96141,33.15318],[-96.9618,33.15466],[-96.96081,33.15507],[-96.96007,33.15625],[-96.96103,33.15698],[-96.96173,33.15691],[-96.96244,33.15742],[-96.96297,33.15752],[-96.9632,33.15722],[-96.96342,33.15768],[-96.96308,33.15774],[-96.96314,33.1582],[-96.96408,33.15947],[-96.964,33.15991],[-96.96513,33.1608],[-96.96384,33.16042],[-96.96256,33.15929],[-96.96189,33.15909],[-96.96174,33.15865],[-96.96095,33.15862],[-96.96055,33.15892],[-96.95973,33.15832],[-96.95766,33.15844],[-96.95704,33.15876],[-96.95699,33.15936],[-96.95724,33.1589],[-96.95869,33.16076],[-96.95735,33.1607],[-96.95713,33.16028],[-96.95461,33.15961],[-96.9555,33.16038],[-96.95539,33.16106],[-96.95581,33.16151],[-96.95586,33.16236],[-96.95686,33.16283],[-96.95777,33.16394],[-96.95809,33.16495],[-96.95961,33.16512],[-96.95887,33.16596],[-96.95892,33.16668],[-96.95938,33.16673],[-96.95813,33.16712],[-96.95847,33.16783],[-96.96053,33.16821],[-96.96209,33.1695],[-96.96249,33.16906],[-96.96239,33.17009],[-96.96321,33.17035],[-96.96399,33.1702],[-96.963,33.17053],[-96.96374,33.17114],[-96.96398,33.1721],[-96.96433,33.17183],[-96.96489,33.17206],[-96.96438,33.17197],[-96.96343,33.17263],[-96.96327,33.17211],[-96.96372,33.17181],[-96.96332,33.1712],[-96.96279,33.17136],[-96.96278,33.17084],[-96.96044,33.16983],[-96.9594,33.16979],[-96.95813,33.17021],[-96.95753,33.17149],[-96.95743,33.1706],[-96.95782,33.17043],[-96.95695,33.16903],[-96.95563,33.1682],[-96.95462,33.16826],[-96.95465,33.16727],[-96.95541,33.16693],[-96.95546,33.16631],[-96.95619,33.16594],[-96.95443,33.16405],[-96.95414,33.16409],[-96.95352,33.16514],[-96.95208,33.16609],[-96.95259,33.16706],[-96.95083,33.16708],[-96.95164,33.16907],[-96.95261,33.16948],[-96.95228,33.16965],[-96.95238,33.16993],[-96.95136,33.16983],[-96.95104,33.17012],[-96.95081,33.17131],[-96.95128,33.17213],[-96.95202,33.17235],[-96.95163,33.17256],[-96.95238,33.17417],[-96.95332,33.1744],[-96.95232,33.17497],[-96.9522,33.17544],[-96.95273,33.17569],[-96.95065,33.1763],[-96.95002,33.17838],[-96.95067,33.17881],[-96.95194,33.17782],[-96.95197,33.17935],[-96.95403,33.17924],[-96.9541,33.17966],[-96.95279,33.18009],[-96.95349,33.18101],[-96.95321,33.18339],[-96.95414,33.18314],[-96.95432,33.18349],[-96.95314,33.18427],[-96.95382,33.18478],[-96.95532,33.18505],[-96.9562,33.1857],[-96.95647,33.18546],[-96.95612,33.18636],[-96.9562,33.18761],[-96.95684,33.18839],[-96.95801,33.18839],[-96.95827,33.18799],[-96.95796,33.18765],[-96.95854,33.18783],[-96.95919,33.18745],[-96.95784,33.18882],[-96.95788,33.18912],[-96.9597,33.189],[-96.96128,33.18827],[-96.96056,33.18878],[-96.96054,33.18916],[-96.96175,33.18944],[-96.95957,33.18954],[-96.95845,33.19015],[-96.96014,33.19294],[-96.96087,33.19319],[-96.96094,33.19357],[-96.96038,33.19352],[-96.96028,33.19315],[-96.95933,33.19275],[-96.95793,33.19119],[-96.95663,33.19032],[-96.95502,33.18994],[-96.95439,33.19021],[-96.95461,33.19186],[-96.95409,33.19253],[-96.95411,33.19337],[-96.95596,33.19362],[-96.95484,33.19352],[-96.95431,33.1938],[-96.95486,33.19512],[-96.95609,33.19621],[-96.95618,33.19724],[-96.95731,33.19753],[-96.9563,33.19774],[-96.95629,33.19809],[-96.9573,33.199],[-96.95879,33.19943],[-96.95939,33.20038],[-96.95978,33.2005],[-96.95981,33.20137],[-96.95911,33.20234],[-96.95987,33.2041],[-96.95921,33.20623],[-96.96059,33.20698],[-96.9595,33.20674],[-96.95864,33.20765],[-96.95907,33.20898],[-96.95887,33.20964],[-96.95951,33.20965],[-96.95976,33.20996],[-96.95867,33.20997],[-96.95843,33.20947],[-96.9571,33.2105],[-96.95698,33.21298],[-96.95645,33.21319],[-96.95607,33.21382],[-96.95568,33.21359],[-96.95487,33.21395],[-96.95365,33.21383],[-96.95258,33.21618],[-96.94997,33.21691],[-96.94731,33.21982],[-96.94682,33.22149],[-96.94704,33.22327],[-96.94794,33.22434],[-96.94831,33.22437],[-96.94922,33.22361],[-96.94783,33.225],[-96.9481,33.22748],[-96.94877,33.22898],[-96.94944,33.2295],[-96.95018,33.22952],[-96.95002,33.23028],[-96.95085,33.2311],[-96.95116,33.23217],[-96.9502,33.23117],[-96.94975,33.23134],[-96.95053,33.23232],[-96.94815,33.23175],[-96.94459,33.23199],[-96.94444,33.2317],[-96.94484,33.23151],[-96.94643,33.23139],[-96.94272,33.23091],[-96.94135,33.23119],[-96.941,33.23243],[-96.93972,33.23266],[-96.9396,33.233],[-96.93928,33.23274],[-96.93904,33.23348],[-96.93959,33.23434],[-96.93938,33.23437],[-96.93881,33.23338],[-96.93896,33.23276],[-96.94072,33.2321],[-96.94102,33.2313],[-96.93732,33.23217],[-96.93891,33.23167],[-96.93783,33.23151],[-96.93661,33.23236],[-96.93687,33.2318],[-96.93829,33.23118],[-96.93807,33.23074],[-96.93604,33.23155],[-96.93567,33.23234],[-96.93457,33.23336],[-96.93616,33.23251],[-96.93524,33.23344],[-96.9344,33.2339],[-96.93437,33.23353],[-96.93369,33.23377],[-96.93288,33.23436],[-96.93216,33.23429],[-96.93299,33.23479],[-96.93242,33.23556],[-96.93138,33.23595],[-96.93151,33.23567],[-96.93066,33.23579],[-96.93092,33.23609],[-96.93182,33.23614],[-96.93231,33.23679],[-96.9311,33.23782],[-96.93237,33.23816],[-96.93238,33.2395],[-96.93271,33.23973],[-96.93034,33.23943],[-96.93068,33.23915],[-96.93019,33.23894],[-96.92981,33.23914],[-96.92985,33.23961],[-96.93157,33.24101],[-96.93277,33.24146],[-96.93308,33.2425],[-96.93254,33.24293],[-96.9313,33.24251],[-96.93126,33.24337],[-96.93,33.24465],[-96.92988,33.2456],[-96.92864,33.24606],[-96.92877,33.24677],[-96.92846,33.24725],[-96.92877,33.24745],[-96.92879,33.24806],[-96.92994,33.24825],[-96.93045,33.24911],[-96.93094,33.24872],[-96.9317,33.24912],[-96.93231,33.25028],[-96.93138,33.25083],[-96.93147,33.25204],[-96.93124,33.25073],[-96.93207,33.25012],[-96.9316,33.24932],[-96.93102,33.24887],[-96.93043,33.24925],[-96.92983,33.24834],[-96.92867,33.24817],[-96.92861,33.24752],[-96.92829,33.2473],[-96.92849,33.24599],[-96.92973,33.24557],[-96.92894,33.24532],[-96.92775,33.24602],[-96.9266,33.2462],[-96.92455,33.24748],[-96.92423,33.24853],[-96.92277,33.2501],[-96.92162,33.25067],[-96.92164,33.25101],[-96.92261,33.25125],[-96.92254,33.25158],[-96.92182,33.25185],[-96.92172,33.25228],[-96.9226,33.25261],[-96.92296,33.2531],[-96.92316,33.25417],[-96.92375,33.25487],[-96.9238,33.25579],[-96.92426,33.25636],[-96.92414,33.25761],[-96.92526,33.25809],[-96.92521,33.25846],[-96.92492,33.25793],[-96.92431,33.25809],[-96.92385,33.25785],[-96.92308,33.2583],[-96.92316,33.25874],[-96.92428,33.25947],[-96.92444,33.26023],[-96.92391,33.26164],[-96.92289,33.26264],[-96.92375,33.26167],[-96.92431,33.26033],[-96.92418,33.2596],[-96.92284,33.25852],[-96.9239,33.25744],[-96.92403,33.25659],[-96.92339,33.25596],[-96.9235,33.25517],[-96.9228,33.25406],[-96.92273,33.25298],[-96.92154,33.25231],[-96.92172,33.25179],[-96.92252,33.25135],[-96.92154,33.25121],[-96.92141,33.25066],[-96.9219,33.25014],[-96.92269,33.2499],[-96.92411,33.24842],[-96.92437,33.24733],[-96.92597,33.24666],[-96.92656,33.24603],[-96.92771,33.2459],[-96.92874,33.2452],[-96.92959,33.24543],[-96.92987,33.24453],[-96.93102,33.24337],[-96.93124,33.24229],[-96.93249,33.24276],[-96.93283,33.24261],[-96.93251,33.24155],[-96.9308,33.24068],[-96.93054,33.24141],[-96.9296,33.24089],[-96.92909,33.24107],[-96.92888,33.24076],[-96.93049,33.24096],[-96.93053,33.24054],[-96.9299,33.2401],[-96.92981,33.24049],[-96.92949,33.23944],[-96.92977,33.23882],[-96.9305,33.23881],[-96.93178,33.23944],[-96.9323,33.23856],[-96.93114,33.23834],[-96.93132,33.23854],[-96.93112,33.23855],[-96.93061,33.23793],[-96.93077,33.23738],[-96.93179,33.23687],[-96.9316,33.23637],[-96.93067,33.23629],[-96.93111,33.23671],[-96.93039,33.2365],[-96.92917,33.23742],[-96.92873,33.23735],[-96.9303,33.23629],[-96.93037,33.23516],[-96.92955,33.23498],[-96.92989,33.2349],[-96.92957,33.23471],[-96.92966,33.2344],[-96.92928,33.23449],[-96.92904,33.23397],[-96.92861,33.23391],[-96.929,33.23378],[-96.92924,33.23422],[-96.93092,33.23476],[-96.93176,33.23399],[-96.93459,33.23288],[-96.93457,33.23244],[-96.93405,33.23272],[-96.93327,33.23247],[-96.9334,33.23221],[-96.93508,33.23215],[-96.93528,33.23155],[-96.9359,33.23112],[-96.93847,33.23027],[-96.93865,33.22973],[-96.93844,33.22951],[-96.93874,33.22964],[-96.93878,33.23013],[-96.94147,33.22988],[-96.94229,33.22918],[-96.94138,33.2285],[-96.94138,33.22786],[-96.94287,33.22922],[-96.94381,33.22909],[-96.9435,33.22859],[-96.94386,33.22815],[-96.94424,33.22906],[-96.94476,33.22938],[-96.94672,33.23005],[-96.94692,33.22983],[-96.94694,33.22815],[-96.94607,33.22673],[-96.94626,33.22564],[-96.94575,33.22405],[-96.94522,33.22335],[-96.94388,33.22367],[-96.94497,33.223],[-96.94467,33.22192],[-96.94528,33.22136],[-96.94494,33.21889],[-96.94391,33.21877],[-96.94489,33.21832],[-96.94465,33.21736],[-96.94512,33.21695],[-96.94517,33.21636],[-96.94474,33.21456],[-96.94502,33.2132],[-96.94353,33.21302],[-96.9458,33.21269],[-96.9464,33.21101],[-96.94644,33.20975],[-96.94734,33.20875],[-96.94825,33.2083],[-96.94968,33.2087],[-96.94959,33.21002],[-96.95012,33.21079],[-96.95175,33.21119],[-96.95179,33.21008],[-96.95114,33.20847],[-96.95125,33.207],[-96.9519,33.20624],[-96.95296,33.20644],[-96.95409,33.20618],[-96.95488,33.20507],[-96.95455,33.20419],[-96.953,33.20312],[-96.9521,33.20161],[-96.95188,33.20059],[-96.95258,33.19895],[-96.9528,33.19712],[-96.95175,33.19666],[-96.95235,33.19649],[-96.95237,33.19622],[-96.9518,33.19551],[-96.95154,33.19556],[-96.95073,33.19639],[-96.95041,33.19726],[-96.94986,33.19758],[-96.95024,33.19697],[-96.94986,33.19638],[-96.95023,33.19596],[-96.94954,33.19566],[-96.9505,33.19561],[-96.95061,33.19498],[-96.94941,33.1938],[-96.94873,33.19391],[-96.94916,33.1935],[-96.94844,33.19143],[-96.9481,33.19136],[-96.94861,33.19118],[-96.94863,33.19036],[-96.95012,33.18978],[-96.95022,33.18923],[-96.94961,33.1884],[-96.95051,33.18806],[-96.95001,33.18707],[-96.94926,33.18652],[-96.94854,33.1865],[-96.94889,33.18578],[-96.94861,33.1846],[-96.94929,33.18355],[-96.94918,33.18244],[-96.94795,33.18201],[-96.9461,33.18317],[-96.94577,33.18566],[-96.94583,33.185],[-96.94529,33.18434],[-96.94477,33.1827],[-96.94563,33.18199],[-96.94582,33.18131],[-96.94372,33.18062],[-96.9428,33.18078],[-96.94237,33.18015],[-96.94112,33.17962],[-96.93995,33.17768],[-96.93828,33.17804],[-96.93798,33.17886],[-96.93897,33.18033],[-96.93936,33.18046],[-96.93899,33.18059],[-96.93908,33.18109],[-96.93925,33.18156],[-96.93965,33.18166],[-96.93929,33.18171],[-96.93901,33.18294],[-96.94015,33.18295],[-96.9408,33.18503],[-96.94069,33.18619],[-96.93975,33.18715],[-96.9393,33.18863],[-96.93976,33.18915],[-96.93951,33.18959],[-96.94025,33.19145],[-96.9397,33.19261],[-96.94039,33.1934],[-96.94051,33.19403],[-96.93866,33.19402],[-96.93793,33.19437],[-96.93736,33.1955],[-96.93767,33.19639],[-96.93663,33.19844],[-96.93669,33.19944],[-96.93596,33.19899],[-96.93596,33.19674],[-96.93522,33.19791],[-96.93475,33.20055],[-96.93,33.20332],[-96.92979,33.20445],[-96.9294,33.20428],[-96.92957,33.2032],[-96.92881,33.20347],[-96.92771,33.20274],[-96.9249,33.20309],[-96.92307,33.20238],[-96.9228,33.20252],[-96.9227,33.20213],[-96.92116,33.2009],[-96.91918,33.20174],[-96.91496,33.2058],[-96.9147,33.20589],[-96.91509,33.20496],[-96.91366,33.20646],[-96.91482,33.20486],[-96.91527,33.20347],[-96.91385,33.20422],[-96.91301,33.20305],[-96.91197,33.20346],[-96.91216,33.20277],[-96.91283,33.20247],[-96.91295,33.20287],[-96.91356,33.20244],[-96.91314,33.2021],[-96.91365,33.20209],[-96.91353,33.20178],[-96.91387,33.20147],[-96.91483,33.20118],[-96.91542,33.19995],[-96.92097,33.19705],[-96.923,33.19707],[-96.92407,33.19772],[-96.9249,33.19874],[-96.92588,33.19921],[-96.92842,33.19935],[-96.92909,33.19909],[-96.93007,33.1953],[-96.93144,33.19182],[-96.93415,33.18961],[-96.93402,33.1892],[-96.93223,33.18791],[-96.93317,33.18675],[-96.93307,33.1852],[-96.93229,33.18381],[-96.93156,33.18406],[-96.93097,33.18493],[-96.92959,33.18585],[-96.92749,33.18793],[-96.92677,33.18788],[-96.92523,33.18855],[-96.92439,33.18918],[-96.92416,33.18991],[-96.92292,33.18988],[-96.92177,33.19045],[-96.92148,33.19149],[-96.92051,33.19282],[-96.92001,33.19265],[-96.91918,33.19303],[-96.91774,33.19434],[-96.91528,33.19463],[-96.91392,33.19428],[-96.90894,33.19425],[-96.90643,33.19586],[-96.90663,33.1954],[-96.90635,33.1952],[-96.90592,33.19522],[-96.9057,33.1956],[-96.9055,33.19556],[-96.90573,33.19523],[-96.9045,33.19534],[-96.90487,33.19479],[-96.90463,33.19439],[-96.90496,33.195],[-96.90595,33.19441],[-96.90674,33.19488],[-96.9072,33.19465],[-96.90678,33.19459],[-96.90644,33.19353],[-96.90691,33.19293],[-96.90638,33.19293],[-96.90616,33.19261],[-96.90685,33.19267],[-96.90718,33.19216],[-96.90682,33.19221],[-96.90678,33.19186],[-96.90576,33.19211],[-96.90653,33.19172],[-96.90548,33.19117],[-96.90658,33.1916],[-96.90661,33.19134],[-96.90895,33.19085],[-96.90901,33.19059],[-96.90999,33.1908],[-96.91036,33.19023],[-96.91016,33.1897],[-96.91069,33.19005],[-96.9106,33.19072],[-96.91107,33.19088],[-96.91316,33.19018],[-96.91481,33.19053],[-96.91544,33.1903],[-96.91565,33.18948],[-96.91446,33.18919],[-96.91516,33.18851],[-96.91536,33.18772],[-96.91483,33.18667],[-96.91415,33.18626],[-96.91417,33.18523],[-96.91492,33.18555],[-96.91643,33.18705],[-96.91743,33.18722],[-96.92019,33.1854],[-96.92113,33.18393],[-96.922,33.18439],[-96.92262,33.18435],[-96.92674,33.18201],[-96.92757,33.18097],[-96.92733,33.18042],[-96.92651,33.18021],[-96.92737,33.18001],[-96.92716,33.1791],[-96.92637,33.17906],[-96.92735,33.17861],[-96.92725,33.17803],[-96.92791,33.17861],[-96.92835,33.17848],[-96.92949,33.17727],[-96.92852,33.17585],[-96.92933,33.17617],[-96.93,33.17603],[-96.93263,33.17278],[-96.9327,33.17205],[-96.93316,33.17263],[-96.93382,33.17247],[-96.93546,33.17153],[-96.93573,33.17073],[-96.93677,33.17088],[-96.93825,33.16944],[-96.93916,33.16921],[-96.93921,33.16862],[-96.93833,33.16764],[-96.93953,33.16781],[-96.94127,33.16656],[-96.94156,33.16585],[-96.94119,33.1653],[-96.94199,33.16527],[-96.94234,33.16494],[-96.94232,33.16593],[-96.94326,33.16638],[-96.94459,33.1657],[-96.944,33.16375]],[[-96.95002,33.18241],[-96.95033,33.18204],[-96.95015,33.1821],[-96.95002,33.18241]],[[-96.98914,33.06725],[-96.9893,33.06686],[-96.98908,33.06693],[-96.98914,33.06725]],[[-96.93063,33.23571],[-96.93092,33.23548],[-96.93086,33.23505],[-96.93063,33.23571]],[[-97.04054,33.10771],[-97.04089,33.10718],[-97.04033,33.10749],[-97.04054,33.10771]],[[-97.01893,33.19499],[-97.01873,33.19442],[-97.01837,33.19433],[-97.01893,33.19499]],[[-96.91795,33.20128],[-96.9178,33.20047],[-96.91759,33.20115],[-96.91795,33.20128]],[[-97.01133,33.12308],[-97.01149,33.12288],[-97.01003,33.12256],[-97.01034,33.12301],[-97.01133,33.12308]],[[-96.93163,33.23526],[-96.93277,33.23496],[-96.9323,33.23517],[-96.93222,33.23483],[-96.93151,33.23464],[-96.93136,33.23495],[-96.93163,33.23526]],[[-96.93214,33.11563],[-96.9314,33.11584],[-96.93235,33.11627],[-96.93289,33.11612],[-96.93214,33.11563]],[[-97.01165,33.14922],[-97.01249,33.14945],[-97.01267,33.14863],[-97.01196,33.14846],[-97.01165,33.14922]],[[-96.94161,33.23063],[-96.94282,33.23036],[-96.94259,33.22995],[-96.94495,33.22991],[-96.94401,33.22951],[-96.94259,33.22975],[-96.94161,33.23063]],[[-96.93847,33.23122],[-96.94138,33.23055],[-96.93889,33.23063],[-96.93832,33.23083],[-96.93847,33.23122]],[[-97.01112,33.15543],[-97.01095,33.1552],[-97.01208,33.15466],[-97.01223,33.15419],[-97.01029,33.15519],[-97.01052,33.15572],[-97.01112,33.15543]],[[-97.01881,33.19419],[-97.01858,33.19327],[-97.01819,33.19366],[-97.01734,33.19305],[-97.01633,33.19309],[-97.01664,33.19351],[-97.01881,33.19419]],[[-96.90813,33.19471],[-96.90842,33.19399],[-96.90895,33.19386],[-96.90852,33.19352],[-96.90832,33.19369],[-96.90814,33.19325],[-96.90747,33.19315],[-96.90714,33.19411],[-96.90776,33.19424],[-96.90813,33.19471]],[[-97.0094,33.15294],[-97.01055,33.15258],[-97.01173,33.1515],[-97.01126,33.15124],[-97.01074,33.15144],[-97.0094,33.15294]],[[-97.06987,33.11849],[-97.07208,33.11838],[-97.06995,33.11771],[-97.06895,33.11704],[-97.06921,33.11833],[-97.06987,33.11849]],[[-96.91005,33.19354],[-96.91039,33.19338],[-96.91033,33.19309],[-96.90953,33.19299],[-96.90948,33.19254],[-96.90846,33.19185],[-96.90788,33.19201],[-96.90784,33.19229],[-96.9091,33.19348],[-96.91005,33.19354]],[[-97.02248,33.10207],[-97.02202,33.10279],[-97.02226,33.10329],[-97.02302,33.10299],[-97.02396,33.10192],[-97.02374,33.10133],[-97.02328,33.10122],[-97.02248,33.10207]],[[-97.06844,33.11869],[-97.06858,33.11759],[-97.06804,33.1177],[-97.06744,33.11661],[-97.06699,33.11692],[-97.06638,33.11686],[-97.06708,33.1181],[-97.06796,33.11885],[-97.06844,33.11869]],[[-96.92529,33.08197],[-96.92621,33.08164],[-96.92826,33.0797],[-96.93052,33.07862],[-96.92938,33.07846],[-96.92728,33.07962],[-96.92678,33.08026],[-96.92618,33.08042],[-96.92529,33.08197]],[[-96.91398,33.20398],[-96.91547,33.20297],[-96.91505,33.20294],[-96.91532,33.20268],[-96.915,33.20255],[-96.9155,33.20196],[-96.91688,33.20161],[-96.91712,33.20101],[-96.91689,33.20012],[-96.91573,33.20113],[-96.91393,33.20196],[-96.91337,33.20312],[-96.91398,33.20398]],[[-97.07383,33.11831],[-97.07488,33.11937],[-97.07469,33.12072],[-97.07556,33.12197],[-97.07599,33.12199],[-97.07608,33.12144],[-97.0767,33.12107],[-97.07778,33.12085],[-97.07694,33.11967],[-97.07454,33.11797],[-97.07294,33.11794],[-97.07383,33.11831]],[[-96.99139,33.11594],[-96.9912,33.11739],[-96.99072,33.11798],[-96.99047,33.12033],[-96.98996,33.12122],[-96.98994,33.1221],[-96.99028,33.12202],[-96.99176,33.11582],[-96.9914,33.11378],[-96.99291,33.11137],[-96.99489,33.10973],[-96.9947,33.10942],[-96.99239,33.11121],[-96.99207,33.11116],[-96.98977,33.10875],[-96.98897,33.10847],[-96.98818,33.10869],[-96.98765,33.10697],[-96.98689,33.10584],[-96.9865,33.10571],[-96.98556,33.10655],[-96.98635,33.107],[-96.9867,33.10781],[-96.98848,33.10909],[-96.98878,33.10986],[-96.98963,33.11011],[-96.99156,33.11152],[-96.99165,33.11201],[-96.99086,33.11411],[-96.99139,33.11594]]]},"properties":{"name":"Lake Lewisville","acres":26399,"objectid":528019}},{"type":"Feature","id":29745,"geometry":{"type":"Polygon","coordinates":[[[-95.99925,32.9967],[-96.0009,32.99608],[-96.00107,32.99545],[-96.00036,32.99526],[-96.00231,32.99357],[-96.00312,32.99138],[-96.0044,32.98929],[-96.00487,32.98916],[-96.00469,32.98876],[-96.00682,32.98635],[-96.0077,32.98423],[-96.0087,32.98307],[-96.00838,32.98246],[-96.00699,32.98199],[-96.00596,32.98054],[-96.00657,32.97674],[-96.00926,32.97284],[-96.0109,32.97231],[-96.01144,32.97105],[-96.00951,32.97053],[-96.00651,32.97125],[-96.00668,32.9702],[-96.00546,32.9699],[-96.00493,32.9699],[-96.00418,32.97051],[-96.00281,32.97043],[-96.00225,32.97103],[-96.00269,32.96957],[-96.00251,32.96899],[-96.00172,32.96873],[-96.00079,32.96891],[-96.00136,32.96783],[-96.00129,32.96752],[-96.00063,32.96731],[-96.00116,32.9671],[-96.00122,32.96565],[-95.99938,32.96575],[-95.99898,32.96552],[-95.99812,32.966],[-95.99633,32.96548],[-95.99747,32.96401],[-95.99756,32.96332],[-95.9967,32.9591],[-96.00119,32.95689],[-95.99879,32.95513],[-95.99822,32.95321],[-95.9965,32.9517],[-95.99587,32.95064],[-95.99559,32.9492],[-95.99454,32.9498],[-95.99448,32.95078],[-95.99387,32.95083],[-95.99406,32.9517],[-95.99323,32.9535],[-95.99167,32.95483],[-95.99176,32.95538],[-95.99214,32.95558],[-95.99217,32.95663],[-95.99126,32.95888],[-95.99161,32.95936],[-95.99149,32.9598],[-95.991,32.95915],[-95.99051,32.95959],[-95.99028,32.95776],[-95.98908,32.95598],[-95.98862,32.95578],[-95.98759,32.95581],[-95.9855,32.95662],[-95.98347,32.9579],[-95.98278,32.95913],[-95.98256,32.95856],[-95.98142,32.95785],[-95.98131,32.95738],[-95.98056,32.95701],[-95.97991,32.95721],[-95.97986,32.9576],[-95.97943,32.9573],[-95.98111,32.95357],[-95.98155,32.95341],[-95.98197,32.95259],[-95.9825,32.95245],[-95.98313,32.95145],[-95.9848,32.95014],[-95.98714,32.94939],[-95.98778,32.94871],[-95.98834,32.94905],[-95.98887,32.94886],[-95.99009,32.94719],[-95.9871,32.94466],[-95.98619,32.94549],[-95.98424,32.94631],[-95.98284,32.94766],[-95.98179,32.94742],[-95.98217,32.94659],[-95.98194,32.94557],[-95.98455,32.94289],[-95.98472,32.93915],[-95.98312,32.93926],[-95.98246,32.93981],[-95.98342,32.93856],[-95.98436,32.93826],[-95.98344,32.93775],[-95.9823,32.93581],[-95.98188,32.93581],[-95.98172,32.93547],[-95.98074,32.93621],[-95.98155,32.93531],[-95.98227,32.93506],[-95.98216,32.93444],[-95.98159,32.93409],[-95.97967,32.9346],[-95.97855,32.93562],[-95.97798,32.93667],[-95.97637,32.93731],[-95.97574,32.9367],[-95.9756,32.93302],[-95.97457,32.93185],[-95.97362,32.93145],[-95.97432,32.93142],[-95.97429,32.93111],[-95.97311,32.93068],[-95.97307,32.92977],[-95.97273,32.9297],[-95.9721,32.93025],[-95.97238,32.92893],[-95.97286,32.92891],[-95.97253,32.92843],[-95.97343,32.92845],[-95.97269,32.92814],[-95.97362,32.92789],[-95.97348,32.92744],[-95.97464,32.92696],[-95.9754,32.92538],[-95.97602,32.92503],[-95.97555,32.92291],[-95.97575,32.92225],[-95.97542,32.9218],[-95.97648,32.92007],[-95.97661,32.91904],[-95.97468,32.91766],[-95.97334,32.91816],[-95.97392,32.91791],[-95.97422,32.91705],[-95.97371,32.91713],[-95.97406,32.91691],[-95.97286,32.91649],[-95.97212,32.91551],[-95.97232,32.91532],[-95.97185,32.91536],[-95.97113,32.91449],[-95.97095,32.91484],[-95.97046,32.91424],[-95.9706,32.91401],[-95.96899,32.91345],[-95.96829,32.9136],[-95.96763,32.91422],[-95.96787,32.91226],[-95.96673,32.91097],[-95.96649,32.91126],[-95.96642,32.91085],[-95.96668,32.90865],[-95.9672,32.90844],[-95.96687,32.90816],[-95.9675,32.90722],[-95.96635,32.9076],[-95.96612,32.90838],[-95.96516,32.90824],[-95.96562,32.90682],[-95.96593,32.90665],[-95.96575,32.90629],[-95.96702,32.90498],[-95.96621,32.9045],[-95.96494,32.90539],[-95.96299,32.90567],[-95.96485,32.90476],[-95.96501,32.90272],[-95.96376,32.90151],[-95.96317,32.90227],[-95.9621,32.90257],[-95.96233,32.90202],[-95.96283,32.90191],[-95.96269,32.90151],[-95.96353,32.90045],[-95.96252,32.90106],[-95.96273,32.8999],[-95.96159,32.89984],[-95.96229,32.89924],[-95.96182,32.89899],[-95.96178,32.89856],[-95.96319,32.89893],[-95.96433,32.89794],[-95.96527,32.89828],[-95.96591,32.89789],[-95.96405,32.89747],[-95.96187,32.89843],[-95.96226,32.89798],[-95.96196,32.89763],[-95.96265,32.89764],[-95.9622,32.89752],[-95.96227,32.8972],[-95.96288,32.89714],[-95.9619,32.89705],[-95.96188,32.89669],[-95.96353,32.89641],[-95.96284,32.89604],[-95.96234,32.89637],[-95.96116,32.89581],[-95.96202,32.89593],[-95.96256,32.8955],[-95.96265,32.89499],[-95.96219,32.89494],[-95.96205,32.8939],[-95.96269,32.89439],[-95.96319,32.89401],[-95.96405,32.89473],[-95.9641,32.89513],[-95.96475,32.89536],[-95.9665,32.89466],[-95.96656,32.89433],[-95.96304,32.89361],[-95.96304,32.89318],[-95.96175,32.89199],[-95.96114,32.88995],[-95.96088,32.89081],[-95.96131,32.89159],[-95.9604,32.89148],[-95.96043,32.89268],[-95.9602,32.89181],[-95.95981,32.89199],[-95.95999,32.89175],[-95.95852,32.89076],[-95.95747,32.89083],[-95.95738,32.89123],[-95.95688,32.89062],[-95.95572,32.89049],[-95.95544,32.89106],[-95.95591,32.89133],[-95.95631,32.89215],[-95.95575,32.89231],[-95.95572,32.89277],[-95.95526,32.89238],[-95.95487,32.893],[-95.95477,32.89355],[-95.95521,32.89365],[-95.95522,32.89408],[-95.95477,32.89415],[-95.9551,32.89428],[-95.95465,32.89518],[-95.95516,32.89597],[-95.95598,32.89605],[-95.95556,32.89624],[-95.95627,32.89861],[-95.95594,32.90144],[-95.95631,32.90131],[-95.95631,32.9017],[-95.9568,32.90168],[-95.95733,32.9026],[-95.95594,32.90201],[-95.95534,32.9024],[-95.95558,32.90271],[-95.95525,32.90422],[-95.95578,32.90519],[-95.95557,32.90549],[-95.95598,32.90567],[-95.95599,32.90592],[-95.95562,32.9058],[-95.956,32.90643],[-95.95556,32.90697],[-95.95501,32.9071],[-95.95421,32.90677],[-95.95474,32.9061],[-95.95463,32.9052],[-95.95394,32.90497],[-95.95419,32.90454],[-95.95324,32.90443],[-95.95342,32.90398],[-95.95276,32.90362],[-95.95333,32.90334],[-95.95341,32.90277],[-95.95291,32.90059],[-95.95305,32.89912],[-95.95259,32.89876],[-95.95155,32.89872],[-95.95062,32.89936],[-95.9515,32.89789],[-95.9507,32.89749],[-95.95146,32.89704],[-95.95063,32.89626],[-95.95053,32.89517],[-95.94983,32.89498],[-95.94941,32.89448],[-95.95043,32.89387],[-95.94893,32.89343],[-95.94945,32.89229],[-95.94869,32.8918],[-95.94807,32.89218],[-95.94636,32.8922],[-95.94662,32.89431],[-95.94617,32.89496],[-95.9463,32.89533],[-95.94669,32.89536],[-95.94665,32.89603],[-95.94546,32.89835],[-95.94556,32.899],[-95.94474,32.89942],[-95.94489,32.90055],[-95.94451,32.90184],[-95.94352,32.90234],[-95.9398,32.90033],[-95.93971,32.90053],[-95.94325,32.90247],[-95.94328,32.90406],[-95.94475,32.90462],[-95.94425,32.90439],[-95.94327,32.90457],[-95.94274,32.90552],[-95.94198,32.90599],[-95.94015,32.90941],[-95.94026,32.90996],[-95.93891,32.91174],[-95.93749,32.91144],[-95.9379,32.91107],[-95.9371,32.91078],[-95.93627,32.91134],[-95.93584,32.91256],[-95.93513,32.91252],[-95.93487,32.9121],[-95.9352,32.91105],[-95.93464,32.90996],[-95.93497,32.90755],[-95.93549,32.90686],[-95.93592,32.90531],[-95.93598,32.90374],[-95.93771,32.90102],[-95.9371,32.9006],[-95.93566,32.90183],[-95.93587,32.9012],[-95.93536,32.90043],[-95.93406,32.89969],[-95.93499,32.89904],[-95.9352,32.89808],[-95.93927,32.90008],[-95.93584,32.89816],[-95.93578,32.89785],[-95.93645,32.89715],[-95.93612,32.89632],[-95.93349,32.89619],[-95.93547,32.89608],[-95.93692,32.89557],[-95.93682,32.89447],[-95.93619,32.8938],[-95.93713,32.8934],[-95.93709,32.89269],[-95.93504,32.89165],[-95.93411,32.89243],[-95.93458,32.89158],[-95.93408,32.89103],[-95.93268,32.89042],[-95.93485,32.89065],[-95.93668,32.88996],[-95.93688,32.8894],[-95.93566,32.88876],[-95.93556,32.88792],[-95.93695,32.88762],[-95.93625,32.88407],[-95.93686,32.8824],[-95.93604,32.88217],[-95.93765,32.88149],[-95.93928,32.88167],[-95.93935,32.88124],[-95.93801,32.88016],[-95.93901,32.88006],[-95.93896,32.87924],[-95.93806,32.87847],[-95.93689,32.8783],[-95.93604,32.87722],[-95.9349,32.87719],[-95.93489,32.87814],[-95.93404,32.87749],[-95.93345,32.87756],[-95.93286,32.87833],[-95.93262,32.87822],[-95.93247,32.87774],[-95.93282,32.87656],[-95.9334,32.87575],[-95.93573,32.87442],[-95.93672,32.87422],[-95.93617,32.8738],[-95.93613,32.87321],[-95.9352,32.87354],[-95.93452,32.87461],[-95.93396,32.87459],[-95.93316,32.87392],[-95.93374,32.87345],[-95.93398,32.87126],[-95.93343,32.87053],[-95.93345,32.86967],[-95.93221,32.86848],[-95.9311,32.86908],[-95.93077,32.86983],[-95.93002,32.87026],[-95.93018,32.86902],[-95.92995,32.86841],[-95.93087,32.8665],[-95.93059,32.86621],[-95.92927,32.86628],[-95.92786,32.86795],[-95.92735,32.86802],[-95.92719,32.86729],[-95.92672,32.86753],[-95.92633,32.86967],[-95.92542,32.87104],[-95.92582,32.87138],[-95.92524,32.87163],[-95.92475,32.87244],[-95.92471,32.87307],[-95.92583,32.87388],[-95.92561,32.87419],[-95.92586,32.87472],[-95.9267,32.875],[-95.92611,32.87603],[-95.92607,32.8769],[-95.92653,32.8775],[-95.92624,32.87783],[-95.92619,32.88008],[-95.92567,32.87978],[-95.92508,32.87844],[-95.9247,32.87855],[-95.92455,32.8775],[-95.92386,32.87727],[-95.92435,32.87689],[-95.92424,32.8765],[-95.9231,32.87599],[-95.92289,32.87508],[-95.92255,32.87505],[-95.92017,32.87586],[-95.92081,32.87723],[-95.92017,32.87701],[-95.91978,32.87726],[-95.91977,32.87851],[-95.91879,32.87895],[-95.91847,32.87958],[-95.91982,32.88025],[-95.91868,32.88007],[-95.91799,32.88045],[-95.92026,32.88216],[-95.91795,32.88122],[-95.91767,32.88146],[-95.91945,32.88463],[-95.92002,32.88626],[-95.9204,32.88614],[-95.9203,32.88649],[-95.92071,32.88676],[-95.92134,32.88668],[-95.92058,32.8876],[-95.92061,32.8893],[-95.91972,32.88696],[-95.91884,32.88674],[-95.9177,32.887],[-95.91851,32.88628],[-95.91793,32.88595],[-95.91692,32.88346],[-95.91562,32.88228],[-95.91503,32.88057],[-95.91252,32.88207],[-95.91317,32.88362],[-95.91257,32.88381],[-95.91265,32.88467],[-95.913,32.88488],[-95.91247,32.88511],[-95.91231,32.88582],[-95.91207,32.88453],[-95.91091,32.8836],[-95.90979,32.88426],[-95.90906,32.88562],[-95.90821,32.88627],[-95.90852,32.88729],[-95.90968,32.88834],[-95.90813,32.8897],[-95.90789,32.88954],[-95.90803,32.88841],[-95.90722,32.8879],[-95.90644,32.88916],[-95.90495,32.88897],[-95.90252,32.88964],[-95.90288,32.89066],[-95.90254,32.89091],[-95.90259,32.89352],[-95.90306,32.89478],[-95.90255,32.89636],[-95.90147,32.89619],[-95.90159,32.89591],[-95.90231,32.89595],[-95.90161,32.89572],[-95.90081,32.89592],[-95.90061,32.89675],[-95.90034,32.89639],[-95.90074,32.89558],[-95.89919,32.89543],[-95.89865,32.89568],[-95.89845,32.89486],[-95.89869,32.89347],[-95.89815,32.89192],[-95.89696,32.89164],[-95.89628,32.89187],[-95.89715,32.89102],[-95.89641,32.89057],[-95.89687,32.89041],[-95.89705,32.88992],[-95.8957,32.8897],[-95.89698,32.88867],[-95.89881,32.88811],[-95.90008,32.88642],[-95.90028,32.88491],[-95.89962,32.88384],[-95.89867,32.88409],[-95.89866,32.8827],[-95.90011,32.883],[-95.90166,32.88419],[-95.90264,32.88409],[-95.9027,32.88304],[-95.90325,32.88242],[-95.90276,32.88157],[-95.90305,32.88107],[-95.90481,32.88109],[-95.90705,32.87944],[-95.9089,32.87886],[-95.90867,32.87836],[-95.90699,32.878],[-95.90673,32.87703],[-95.90867,32.87693],[-95.90907,32.87567],[-95.91032,32.87583],[-95.91073,32.8756],[-95.91017,32.87405],[-95.90973,32.87393],[-95.91124,32.87443],[-95.91141,32.87371],[-95.91307,32.87367],[-95.91355,32.87303],[-95.91428,32.87287],[-95.91414,32.87238],[-95.91321,32.87266],[-95.91259,32.87218],[-95.9121,32.87235],[-95.91299,32.8707],[-95.91296,32.86999],[-95.91414,32.86987],[-95.91523,32.86857],[-95.91433,32.86764],[-95.91454,32.86673],[-95.91319,32.86686],[-95.91283,32.86817],[-95.91212,32.8681],[-95.9117,32.86878],[-95.91177,32.86931],[-95.91101,32.86939],[-95.90973,32.87031],[-95.9088,32.87054],[-95.90872,32.87102],[-95.90825,32.87105],[-95.90782,32.87163],[-95.90788,32.87214],[-95.90716,32.87167],[-95.90555,32.87217],[-95.90522,32.8725],[-95.90511,32.87347],[-95.90474,32.87362],[-95.90499,32.87217],[-95.90547,32.87178],[-95.90557,32.87125],[-95.90603,32.87139],[-95.90713,32.87076],[-95.90712,32.87044],[-95.90749,32.87041],[-95.9073,32.87016],[-95.90796,32.86998],[-95.90835,32.86937],[-95.90777,32.86976],[-95.90731,32.86928],[-95.90788,32.86864],[-95.90878,32.86927],[-95.9085,32.86877],[-95.90893,32.86882],[-95.90872,32.86849],[-95.90921,32.86846],[-95.90988,32.86762],[-95.90984,32.86715],[-95.90909,32.86691],[-95.90939,32.86674],[-95.90926,32.86653],[-95.90802,32.86718],[-95.90826,32.8659],[-95.90765,32.86596],[-95.90741,32.86663],[-95.90704,32.86679],[-95.90708,32.86615],[-95.90635,32.86589],[-95.90852,32.8651],[-95.91012,32.86538],[-95.9101,32.86476],[-95.91072,32.86372],[-95.90634,32.86207],[-95.9058,32.86273],[-95.90481,32.863],[-95.9038,32.8641],[-95.90207,32.86477],[-95.90141,32.86452],[-95.90043,32.86468],[-95.90021,32.86557],[-95.90001,32.8655],[-95.90001,32.86465],[-95.89975,32.86445],[-95.90044,32.86436],[-95.9008,32.86391],[-95.9019,32.86396],[-95.90317,32.86342],[-95.90253,32.86349],[-95.9033,32.86305],[-95.9036,32.86161],[-95.90337,32.86207],[-95.90191,32.8624],[-95.90113,32.86219],[-95.90313,32.86143],[-95.90267,32.86143],[-95.9022,32.86091],[-95.90364,32.86144],[-95.9044,32.86095],[-95.90448,32.8605],[-95.9036,32.86049],[-95.90433,32.86021],[-95.90435,32.85933],[-95.90479,32.8595],[-95.90492,32.85832],[-95.90429,32.85781],[-95.90425,32.85727],[-95.90318,32.85703],[-95.90181,32.8574],[-95.90128,32.85628],[-95.90074,32.85619],[-95.90107,32.85605],[-95.89936,32.85587],[-95.89754,32.85419],[-95.89659,32.85436],[-95.89626,32.85383],[-95.89647,32.85497],[-95.89608,32.85592],[-95.89573,32.85567],[-95.89517,32.85602],[-95.89546,32.85547],[-95.89483,32.85509],[-95.89418,32.85556],[-95.8941,32.85611],[-95.89391,32.85553],[-95.89437,32.85488],[-95.89526,32.85446],[-95.89488,32.85379],[-95.89515,32.85347],[-95.89456,32.85306],[-95.89387,32.85157],[-95.89347,32.85145],[-95.89266,32.85174],[-95.89178,32.85307],[-95.89149,32.85299],[-95.89131,32.85246],[-95.89179,32.85211],[-95.89188,32.85122],[-95.89114,32.85096],[-95.89143,32.85065],[-95.89229,32.85084],[-95.89266,32.84948],[-95.8924,32.84912],[-95.89254,32.84955],[-95.89229,32.84976],[-95.89205,32.84933],[-95.89151,32.84923],[-95.89154,32.84897],[-95.89127,32.84915],[-95.89117,32.84868],[-95.89225,32.84905],[-95.89086,32.84839],[-95.8905,32.84829],[-95.89026,32.84858],[-95.88962,32.85081],[-95.88927,32.85097],[-95.88966,32.84926],[-95.88948,32.84884],[-95.88978,32.84867],[-95.88972,32.84722],[-95.8892,32.84715],[-95.8896,32.84772],[-95.88933,32.84832],[-95.88891,32.84838],[-95.88754,32.84771],[-95.88755,32.84674],[-95.89031,32.83562],[-95.89127,32.83352],[-95.89282,32.83168],[-95.90516,32.82178],[-95.9078,32.819],[-95.91023,32.81536],[-95.912,32.81353],[-95.91338,32.8124],[-95.9211,32.80793],[-95.92446,32.80765],[-95.92568,32.80795],[-95.92692,32.80882],[-95.92792,32.80862],[-95.92872,32.80765],[-95.92925,32.80767],[-95.92945,32.80808],[-95.93047,32.80858],[-95.93046,32.80783],[-95.93177,32.80785],[-95.93437,32.80902],[-95.93434,32.80936],[-95.93505,32.80959],[-95.93516,32.81019],[-95.93673,32.81059],[-95.93757,32.8113],[-95.939,32.81154],[-95.93922,32.81095],[-95.93965,32.81098],[-95.9409,32.81208],[-95.94133,32.81205],[-95.94128,32.81232],[-95.94041,32.81256],[-95.94054,32.81355],[-95.94178,32.81315],[-95.94313,32.81366],[-95.94323,32.81284],[-95.94261,32.81224],[-95.94326,32.81114],[-95.9437,32.81122],[-95.94377,32.81183],[-95.94416,32.8121],[-95.94537,32.8117],[-95.94543,32.81207],[-95.94615,32.81225],[-95.94507,32.81291],[-95.94589,32.81413],[-95.94558,32.8145],[-95.94457,32.81449],[-95.94409,32.81531],[-95.94509,32.81576],[-95.94536,32.81687],[-95.94591,32.81731],[-95.9473,32.81634],[-95.94879,32.81628],[-95.94918,32.81692],[-95.94906,32.81794],[-95.94991,32.81756],[-95.94939,32.81555],[-95.94974,32.81442],[-95.95053,32.81345],[-95.95045,32.81473],[-95.95129,32.81454],[-95.95169,32.81404],[-95.9517,32.81459],[-95.95216,32.81451],[-95.95127,32.8156],[-95.95224,32.81646],[-95.95261,32.81661],[-95.9535,32.81623],[-95.95427,32.81532],[-95.95444,32.8165],[-95.95312,32.81821],[-95.95527,32.81797],[-95.95435,32.81838],[-95.95357,32.81934],[-95.953,32.81905],[-95.95271,32.8194],[-95.95219,32.81926],[-95.95246,32.81975],[-95.95487,32.82035],[-95.95556,32.81999],[-95.95764,32.82063],[-95.958,32.82049],[-95.95779,32.81983],[-95.95863,32.81936],[-95.95865,32.81879],[-95.95916,32.81883],[-95.95967,32.8182],[-95.95994,32.81736],[-95.95971,32.81639],[-95.96092,32.81718],[-95.9607,32.81743],[-95.9609,32.81775],[-95.96179,32.81808],[-95.96068,32.81877],[-95.96027,32.81987],[-95.96029,32.82069],[-95.96062,32.8208],[-95.96065,32.82036],[-95.9612,32.82021],[-95.96146,32.81931],[-95.9623,32.81961],[-95.96216,32.82049],[-95.96365,32.8199],[-95.96408,32.81935],[-95.96481,32.81962],[-95.96519,32.81938],[-95.96489,32.81888],[-95.96541,32.81905],[-95.96573,32.81879],[-95.96571,32.81731],[-95.96608,32.81766],[-95.96635,32.81885],[-95.9671,32.81864],[-95.96902,32.81724],[-95.9687,32.81575],[-95.96941,32.8159],[-95.96967,32.8173],[-95.96994,32.81699],[-95.97142,32.81698],[-95.97358,32.81564],[-95.97362,32.81487],[-95.97415,32.81562],[-95.97578,32.81554],[-95.97623,32.81501],[-95.97695,32.81496],[-95.97663,32.81424],[-95.97727,32.81443],[-95.97795,32.81419],[-95.97828,32.81326],[-95.97916,32.813],[-95.97929,32.81322],[-95.97857,32.81351],[-95.97863,32.81405],[-95.97751,32.81497],[-95.97741,32.81544],[-95.9765,32.81582],[-95.97965,32.81658],[-95.97593,32.81614],[-95.97568,32.81659],[-95.97361,32.81751],[-95.97314,32.81862],[-95.97201,32.81915],[-95.97191,32.81957],[-95.97059,32.81957],[-95.97253,32.82096],[-95.97364,32.82112],[-95.97344,32.82129],[-95.97204,32.82126],[-95.96917,32.82027],[-95.9694,32.82184],[-95.96865,32.82113],[-95.96749,32.82144],[-95.96686,32.8222],[-95.96506,32.82311],[-95.96489,32.8239],[-95.96371,32.82394],[-95.96299,32.82536],[-95.96169,32.82619],[-95.96283,32.82642],[-95.96324,32.82737],[-95.96421,32.82655],[-95.9648,32.82713],[-95.96665,32.82385],[-95.96971,32.82328],[-95.97014,32.82356],[-95.96937,32.82361],[-95.96884,32.82428],[-95.96799,32.82462],[-95.96882,32.82612],[-95.9682,32.82723],[-95.96875,32.82728],[-95.96958,32.82612],[-95.97063,32.82631],[-95.97048,32.82717],[-95.97131,32.8278],[-95.97106,32.82869],[-95.97045,32.8293],[-95.97103,32.82946],[-95.97319,32.82674],[-95.97404,32.82611],[-95.9754,32.82597],[-95.97776,32.82663],[-95.97767,32.82714],[-95.9757,32.82628],[-95.97499,32.82633],[-95.97434,32.82693],[-95.97478,32.82727],[-95.97414,32.82723],[-95.97453,32.82765],[-95.97412,32.82767],[-95.97376,32.82844],[-95.97525,32.82888],[-95.97536,32.82928],[-95.97466,32.82944],[-95.97486,32.82992],[-95.9759,32.83003],[-95.97613,32.83073],[-95.97706,32.8309],[-95.97837,32.83283],[-95.97878,32.832],[-95.97922,32.83193],[-95.97977,32.83375],[-95.98045,32.83431],[-95.98132,32.83286],[-95.98269,32.8318],[-95.98375,32.83149],[-95.98424,32.83054],[-95.98455,32.8316],[-95.98551,32.83217],[-95.98562,32.83319],[-95.98584,32.83213],[-95.9875,32.8325],[-95.98806,32.83201],[-95.98817,32.8324],[-95.99018,32.83221],[-95.99026,32.83258],[-95.9889,32.83264],[-95.98706,32.83402],[-95.98592,32.83394],[-95.98558,32.83336],[-95.98544,32.83368],[-95.9836,32.83401],[-95.98321,32.83443],[-95.98453,32.83493],[-95.98432,32.83535],[-95.98398,32.83501],[-95.98289,32.83508],[-95.98074,32.83625],[-95.98077,32.83654],[-95.98174,32.83678],[-95.98196,32.83715],[-95.97983,32.83677],[-95.97912,32.83719],[-95.97888,32.83773],[-95.97807,32.83764],[-95.97616,32.83856],[-95.97629,32.83888],[-95.97717,32.8387],[-95.97764,32.83899],[-95.97676,32.84045],[-95.97794,32.83989],[-95.97834,32.84011],[-95.97864,32.84106],[-95.97932,32.841],[-95.98006,32.84143],[-95.98002,32.84066],[-95.98057,32.83924],[-95.98041,32.83893],[-95.9811,32.83928],[-95.9814,32.8406],[-95.98226,32.84143],[-95.98264,32.84124],[-95.98299,32.84039],[-95.98311,32.839],[-95.98348,32.8399],[-95.98478,32.83896],[-95.98372,32.84056],[-95.98416,32.84124],[-95.98556,32.84109],[-95.98501,32.84152],[-95.98495,32.84232],[-95.98556,32.84212],[-95.98655,32.84113],[-95.98816,32.84082],[-95.98655,32.84192],[-95.98643,32.84237],[-95.98692,32.84265],[-95.98589,32.84273],[-95.98592,32.84345],[-95.9853,32.84311],[-95.98432,32.84352],[-95.98326,32.84299],[-95.98267,32.8438],[-95.98288,32.84423],[-95.98249,32.84477],[-95.98349,32.84463],[-95.98367,32.84559],[-95.98414,32.84564],[-95.98445,32.84625],[-95.98647,32.8453],[-95.98608,32.84619],[-95.98755,32.84665],[-95.98794,32.84779],[-95.98824,32.84755],[-95.98825,32.84655],[-95.98926,32.84635],[-95.98917,32.84533],[-95.98953,32.84526],[-95.99001,32.84595],[-95.99109,32.84538],[-95.9896,32.84714],[-95.98985,32.84806],[-95.99106,32.84762],[-95.99281,32.84625],[-95.99057,32.84963],[-95.99107,32.85011],[-95.99202,32.84944],[-95.99173,32.84993],[-95.99181,32.8511],[-95.98914,32.85078],[-95.98858,32.85025],[-95.98861,32.85132],[-95.99078,32.85206],[-95.99337,32.8519],[-95.99383,32.85225],[-95.99403,32.85333],[-95.99428,32.8534],[-95.99423,32.85173],[-95.99467,32.85109],[-95.99374,32.85101],[-95.99395,32.84937],[-95.99535,32.84867],[-95.99571,32.84894],[-95.99563,32.84957],[-95.99668,32.84937],[-95.99552,32.8476],[-95.99454,32.84679],[-95.99466,32.84606],[-95.99433,32.84563],[-95.99457,32.84514],[-95.99565,32.84578],[-95.99574,32.84661],[-95.99636,32.84671],[-95.99693,32.84624],[-95.99692,32.84691],[-95.9981,32.84811],[-95.99935,32.84811],[-95.99994,32.84749],[-96.00031,32.84836],[-96.00005,32.84879],[-96.00056,32.84896],[-96.00155,32.84874],[-96.00177,32.84825],[-96.0013,32.84687],[-96.00172,32.84674],[-96.00176,32.84561],[-96.0021,32.84531],[-96.00266,32.84687],[-96.00372,32.8467],[-96.00528,32.84495],[-96.00603,32.8459],[-96.00841,32.84594],[-96.00906,32.84625],[-96.01086,32.84583],[-96.01038,32.84516],[-96.01093,32.84503],[-96.01235,32.84572],[-96.01099,32.84661],[-96.01162,32.84703],[-96.0105,32.84688],[-96.00933,32.84777],[-96.00732,32.84796],[-96.00591,32.84865],[-96.00573,32.84926],[-96.00502,32.84957],[-96.00604,32.85017],[-96.00636,32.85073],[-96.00676,32.85043],[-96.00665,32.85075],[-96.00721,32.85088],[-96.00877,32.85009],[-96.01008,32.85032],[-96.01156,32.85111],[-96.0131,32.85295],[-96.014,32.85142],[-96.01351,32.8527],[-96.01455,32.85253],[-96.01367,32.85283],[-96.01338,32.85386],[-96.01438,32.85396],[-96.01326,32.85443],[-96.01295,32.85543],[-96.01667,32.85503],[-96.01722,32.85466],[-96.018,32.85319],[-96.01848,32.85331],[-96.01887,32.85473],[-96.01987,32.85582],[-96.02114,32.85413],[-96.02104,32.85518],[-96.02176,32.85616],[-96.022,32.85591],[-96.02286,32.85598],[-96.0234,32.85553],[-96.02395,32.8561],[-96.02492,32.85562],[-96.02487,32.85505],[-96.02536,32.85535],[-96.02768,32.8543],[-96.0279,32.85444],[-96.02769,32.85482],[-96.02682,32.85543],[-96.02564,32.85715],[-96.02655,32.85714],[-96.0267,32.85744],[-96.02759,32.85758],[-96.02816,32.85834],[-96.02879,32.85836],[-96.02898,32.85903],[-96.0303,32.85883],[-96.03019,32.85732],[-96.032,32.85932],[-96.03299,32.85815],[-96.03255,32.85799],[-96.03221,32.85665],[-96.03262,32.8573],[-96.03379,32.85723],[-96.0355,32.85767],[-96.0373,32.85481],[-96.03798,32.85522],[-96.03763,32.85616],[-96.03778,32.85705],[-96.03811,32.85712],[-96.0378,32.85741],[-96.03819,32.85827],[-96.03904,32.85799],[-96.03969,32.85834],[-96.03986,32.85767],[-96.04085,32.858],[-96.04059,32.85784],[-96.04108,32.85756],[-96.04112,32.85672],[-96.04129,32.85789],[-96.04184,32.85784],[-96.04221,32.85738],[-96.04231,32.85594],[-96.04255,32.85611],[-96.04257,32.85551],[-96.04235,32.85571],[-96.04205,32.85521],[-96.04253,32.85535],[-96.04291,32.85428],[-96.04415,32.85378],[-96.04396,32.85582],[-96.04445,32.85378],[-96.04497,32.85377],[-96.04427,32.85592],[-96.04444,32.85771],[-96.04578,32.85792],[-96.04666,32.85722],[-96.04728,32.85728],[-96.0465,32.85749],[-96.04624,32.85823],[-96.04511,32.85853],[-96.04507,32.85988],[-96.04482,32.859],[-96.0441,32.85888],[-96.04288,32.85966],[-96.04209,32.85977],[-96.04136,32.8606],[-96.03858,32.86059],[-96.03914,32.86125],[-96.04005,32.86145],[-96.04285,32.86334],[-96.04334,32.86319],[-96.04339,32.86256],[-96.04389,32.86219],[-96.04352,32.86338],[-96.04301,32.86356],[-96.04309,32.86401],[-96.04268,32.86417],[-96.0421,32.86602],[-96.04154,32.8666],[-96.04097,32.86665],[-96.04016,32.8677],[-96.04079,32.86776],[-96.04227,32.8667],[-96.04299,32.86663],[-96.04406,32.86515],[-96.04443,32.86502],[-96.04503,32.86536],[-96.046,32.86507],[-96.04596,32.86436],[-96.04695,32.86411],[-96.04707,32.86294],[-96.04668,32.86243],[-96.04711,32.86237],[-96.0483,32.86104],[-96.05065,32.86057],[-96.05102,32.86111],[-96.05191,32.86086],[-96.05169,32.85896],[-96.05363,32.85655],[-96.0529,32.85598],[-96.05286,32.85546],[-96.05401,32.85561],[-96.05462,32.85472],[-96.05421,32.8535],[-96.05346,32.85293],[-96.05405,32.85279],[-96.0533,32.85137],[-96.05344,32.85061],[-96.05459,32.85111],[-96.05473,32.85176],[-96.05629,32.85123],[-96.05612,32.85096],[-96.05645,32.85057],[-96.05797,32.85149],[-96.05815,32.8513],[-96.05637,32.85002],[-96.05744,32.84851],[-96.05712,32.84771],[-96.05779,32.84835],[-96.05895,32.8482],[-96.05935,32.84683],[-96.06062,32.84585],[-96.06021,32.84573],[-96.06066,32.84551],[-96.06062,32.84453],[-96.06027,32.84452],[-96.0612,32.84424],[-96.06073,32.844],[-96.06142,32.84141],[-96.06199,32.84083],[-96.06193,32.84046],[-96.06243,32.8404],[-96.06255,32.84005],[-96.06309,32.84028],[-96.06236,32.83889],[-96.06347,32.83974],[-96.06281,32.83875],[-96.06288,32.83834],[-96.06333,32.8383],[-96.06331,32.83894],[-96.06448,32.83947],[-96.06453,32.84],[-96.0659,32.83983],[-96.06633,32.83947],[-96.06673,32.84003],[-96.0665,32.84034],[-96.06694,32.84061],[-96.06663,32.84171],[-96.06969,32.84351],[-96.06948,32.8443],[-96.06999,32.84463],[-96.06913,32.84508],[-96.0706,32.84504],[-96.06956,32.84642],[-96.06575,32.84734],[-96.06456,32.84837],[-96.06449,32.84931],[-96.06323,32.85101],[-96.06414,32.85265],[-96.06312,32.85258],[-96.06219,32.85199],[-96.06058,32.85235],[-96.06038,32.85382],[-96.05986,32.85391],[-96.05951,32.85493],[-96.06019,32.85551],[-96.06176,32.85586],[-96.06138,32.85604],[-96.05949,32.8557],[-96.05876,32.85631],[-96.05883,32.85699],[-96.05845,32.857],[-96.05811,32.85764],[-96.05902,32.85925],[-96.05896,32.85966],[-96.06069,32.85924],[-96.06099,32.85847],[-96.06127,32.85869],[-96.06142,32.85841],[-96.06373,32.85793],[-96.06413,32.85652],[-96.06433,32.85801],[-96.06567,32.85881],[-96.06636,32.86001],[-96.06628,32.86049],[-96.06716,32.86059],[-96.06692,32.86006],[-96.06712,32.85975],[-96.06819,32.85963],[-96.06823,32.85853],[-96.06864,32.85871],[-96.06927,32.85763],[-96.06879,32.85683],[-96.06765,32.85614],[-96.06807,32.8557],[-96.06925,32.85545],[-96.07152,32.85335],[-96.07086,32.85278],[-96.0708,32.85187],[-96.07113,32.85184],[-96.07194,32.85288],[-96.0724,32.85237],[-96.07444,32.85205],[-96.07652,32.85025],[-96.07659,32.84969],[-96.0768,32.85004],[-96.07889,32.84993],[-96.0799,32.84909],[-96.08027,32.84918],[-96.08298,32.84778],[-96.08401,32.84778],[-96.08553,32.84717],[-96.09019,32.84355],[-96.09335,32.84208],[-96.09431,32.84247],[-96.09516,32.84426],[-96.09635,32.84472],[-96.09669,32.84576],[-96.09836,32.8452],[-96.09848,32.8457],[-96.09942,32.846],[-96.10015,32.84667],[-96.10045,32.84768],[-96.10068,32.84748],[-96.10138,32.84794],[-96.103,32.84979],[-96.10382,32.84997],[-96.10593,32.84956],[-96.10675,32.8498],[-96.10654,32.85032],[-96.10732,32.85042],[-96.10907,32.85141],[-96.10917,32.85062],[-96.1095,32.85086],[-96.1097,32.85039],[-96.1099,32.85075],[-96.11006,32.85012],[-96.11152,32.85044],[-96.11294,32.84971],[-96.11243,32.84902],[-96.11302,32.84835],[-96.1134,32.84853],[-96.11341,32.84908],[-96.11398,32.84855],[-96.11519,32.84887],[-96.11541,32.8497],[-96.11584,32.84934],[-96.11679,32.85065],[-96.11959,32.85125],[-96.1221,32.8509],[-96.12345,32.8503],[-96.12525,32.85032],[-96.12623,32.85001],[-96.12846,32.85121],[-96.12995,32.85402],[-96.13008,32.85591],[-96.12915,32.85637],[-96.1291,32.85666],[-96.12944,32.85676],[-96.1286,32.8579],[-96.12872,32.85852],[-96.12804,32.85901],[-96.12836,32.85957],[-96.12809,32.85991],[-96.12825,32.8605],[-96.12741,32.86101],[-96.12761,32.86165],[-96.12945,32.86174],[-96.1287,32.86196],[-96.12905,32.86245],[-96.12839,32.86205],[-96.12884,32.86273],[-96.12731,32.86208],[-96.12688,32.86284],[-96.12481,32.86307],[-96.12413,32.86343],[-96.12552,32.86376],[-96.12584,32.86418],[-96.12426,32.86398],[-96.12541,32.86516],[-96.12537,32.86662],[-96.12478,32.86685],[-96.12474,32.86774],[-96.12529,32.86885],[-96.12359,32.86849],[-96.12326,32.86949],[-96.12253,32.86928],[-96.12247,32.86893],[-96.12206,32.86933],[-96.12198,32.86909],[-96.12127,32.86944],[-96.12107,32.86891],[-96.1204,32.86864],[-96.12005,32.86899],[-96.12023,32.86847],[-96.11957,32.86836],[-96.11893,32.86751],[-96.11848,32.86744],[-96.11756,32.86574],[-96.11691,32.86556],[-96.11404,32.86646],[-96.11318,32.86787],[-96.11324,32.86675],[-96.11237,32.86589],[-96.11101,32.86595],[-96.11094,32.86549],[-96.11009,32.8656],[-96.10803,32.86516],[-96.10679,32.86637],[-96.10684,32.86783],[-96.10479,32.86926],[-96.10213,32.86824],[-96.10153,32.86619],[-96.09845,32.86616],[-96.09593,32.867],[-96.09578,32.86731],[-96.09451,32.86746],[-96.09305,32.86666],[-96.09093,32.86419],[-96.08939,32.86393],[-96.08806,32.86428],[-96.08749,32.86493],[-96.08753,32.86572],[-96.08715,32.86509],[-96.08637,32.86481],[-96.08468,32.86538],[-96.08519,32.86618],[-96.08405,32.86556],[-96.08272,32.86617],[-96.08083,32.86664],[-96.08048,32.86642],[-96.07778,32.86735],[-96.07731,32.86786],[-96.07737,32.86849],[-96.08034,32.87037],[-96.08118,32.86982],[-96.08087,32.87059],[-96.08112,32.87098],[-96.08345,32.87125],[-96.08685,32.8706],[-96.08721,32.8709],[-96.08503,32.87151],[-96.08466,32.87198],[-96.083,32.87259],[-96.08247,32.87262],[-96.08173,32.87211],[-96.0821,32.87271],[-96.08093,32.87262],[-96.08099,32.872],[-96.08071,32.87249],[-96.08015,32.87228],[-96.0794,32.8731],[-96.07987,32.87203],[-96.07886,32.87173],[-96.07551,32.86981],[-96.07209,32.86977],[-96.0675,32.86127],[-96.06725,32.8614],[-96.07188,32.86992],[-96.07155,32.87056],[-96.07078,32.871],[-96.06886,32.87125],[-96.06919,32.87303],[-96.0699,32.87363],[-96.07088,32.87273],[-96.07133,32.87276],[-96.0708,32.87444],[-96.07311,32.87605],[-96.07351,32.87587],[-96.07381,32.87624],[-96.07474,32.87617],[-96.07397,32.87651],[-96.07401,32.8768],[-96.07465,32.87775],[-96.0755,32.87828],[-96.07701,32.87797],[-96.0784,32.877],[-96.0795,32.87742],[-96.08024,32.87665],[-96.08122,32.87674],[-96.08036,32.87687],[-96.0801,32.87742],[-96.07812,32.87846],[-96.07705,32.87959],[-96.08007,32.8776],[-96.08144,32.87748],[-96.0806,32.87754],[-96.07851,32.87865],[-96.07737,32.87986],[-96.07788,32.88102],[-96.07777,32.88221],[-96.07743,32.8804],[-96.07593,32.87965],[-96.07487,32.87962],[-96.0745,32.87995],[-96.07462,32.8794],[-96.07359,32.87913],[-96.07242,32.878],[-96.07172,32.8789],[-96.07212,32.8778],[-96.07185,32.87741],[-96.07101,32.87754],[-96.07103,32.87683],[-96.0697,32.87609],[-96.0692,32.87602],[-96.06857,32.8765],[-96.06887,32.87589],[-96.06718,32.87511],[-96.06695,32.87453],[-96.06568,32.875],[-96.0654,32.87646],[-96.06509,32.87557],[-96.06351,32.87581],[-96.06376,32.87545],[-96.06506,32.87522],[-96.06555,32.87405],[-96.06617,32.87389],[-96.06634,32.87349],[-96.0658,32.87216],[-96.06431,32.87134],[-96.06337,32.8724],[-96.06235,32.87227],[-96.06088,32.87283],[-96.06039,32.87264],[-96.05569,32.873],[-96.05493,32.87259],[-96.05486,32.87205],[-96.05362,32.87167],[-96.05305,32.87231],[-96.05351,32.87407],[-96.05504,32.87487],[-96.05619,32.87469],[-96.05517,32.87534],[-96.05545,32.87604],[-96.05517,32.87686],[-96.0553,32.87783],[-96.05611,32.87801],[-96.05735,32.87694],[-96.05754,32.87717],[-96.0571,32.8781],[-96.05844,32.87929],[-96.06056,32.87948],[-96.06141,32.88006],[-96.06332,32.87973],[-96.06475,32.88053],[-96.06272,32.88016],[-96.06274,32.88042],[-96.06364,32.88049],[-96.06427,32.88096],[-96.0622,32.88066],[-96.06071,32.88133],[-96.061,32.882],[-96.06081,32.88213],[-96.06022,32.88119],[-96.05802,32.8812],[-96.05582,32.88064],[-96.0554,32.88028],[-96.05383,32.8803],[-96.05397,32.88119],[-96.05552,32.88184],[-96.05529,32.88369],[-96.05572,32.88389],[-96.05492,32.886],[-96.05457,32.88617],[-96.05378,32.88546],[-96.05331,32.88334],[-96.05262,32.88257],[-96.05009,32.88163],[-96.04916,32.88295],[-96.04939,32.88385],[-96.04882,32.88495],[-96.04879,32.88693],[-96.04741,32.88758],[-96.04626,32.88675],[-96.0456,32.88816],[-96.04582,32.88841],[-96.04545,32.88861],[-96.04272,32.88863],[-96.04404,32.88564],[-96.04386,32.88476],[-96.04128,32.88367],[-96.04089,32.88321],[-96.04009,32.88371],[-96.04063,32.88319],[-96.0405,32.88252],[-96.03968,32.88179],[-96.03999,32.88088],[-96.03884,32.88087],[-96.03848,32.88055],[-96.03721,32.8808],[-96.03692,32.88011],[-96.03615,32.87977],[-96.0359,32.87984],[-96.03626,32.87991],[-96.03643,32.88055],[-96.036,32.88066],[-96.03561,32.8798],[-96.03563,32.88055],[-96.03455,32.88023],[-96.03387,32.88059],[-96.03365,32.8814],[-96.03399,32.88214],[-96.03281,32.8807],[-96.03233,32.8807],[-96.03201,32.88172],[-96.03217,32.88318],[-96.0316,32.88217],[-96.03156,32.88079],[-96.02961,32.87979],[-96.02927,32.87977],[-96.02932,32.88015],[-96.02904,32.88029],[-96.02843,32.8799],[-96.02755,32.88019],[-96.02528,32.87963],[-96.02519,32.88069],[-96.02591,32.88164],[-96.02555,32.88214],[-96.02518,32.88134],[-96.02451,32.88175],[-96.02417,32.88064],[-96.02322,32.87969],[-96.02266,32.88007],[-96.02285,32.88196],[-96.02236,32.88138],[-96.02182,32.8814],[-96.02209,32.88093],[-96.02173,32.88081],[-96.02212,32.88049],[-96.02165,32.87974],[-96.01971,32.88001],[-96.02171,32.87929],[-96.02189,32.87873],[-96.02121,32.87771],[-96.02071,32.87763],[-96.02007,32.87809],[-96.01979,32.87676],[-96.01925,32.87663],[-96.01905,32.87583],[-96.01841,32.8753],[-96.018,32.87561],[-96.01667,32.87514],[-96.01642,32.87553],[-96.01571,32.8755],[-96.01399,32.87634],[-96.01339,32.87633],[-96.01302,32.87545],[-96.01159,32.87509],[-96.01045,32.87404],[-96.01044,32.87365],[-96.0097,32.87291],[-96.01014,32.87195],[-96.00959,32.87134],[-96.00938,32.87226],[-96.0077,32.87368],[-96.0065,32.87255],[-96.00649,32.87161],[-96.00506,32.8705],[-96.00443,32.87094],[-96.00505,32.87139],[-96.00503,32.87176],[-96.00405,32.8726],[-96.00338,32.87252],[-96.0021,32.87125],[-96.00169,32.872],[-96.00244,32.87214],[-96.00262,32.87292],[-96.00345,32.87291],[-96.00457,32.87457],[-96.00554,32.87523],[-96.00758,32.87548],[-96.00739,32.87575],[-96.00607,32.87587],[-96.00599,32.87646],[-96.00461,32.8766],[-96.00394,32.87609],[-96.00345,32.87697],[-96.00216,32.87692],[-96.00187,32.87654],[-96.00134,32.87668],[-96.00127,32.87804],[-96.00087,32.87859],[-96.00139,32.87832],[-96.00237,32.8784],[-96.00276,32.87807],[-96.00348,32.87816],[-96.00395,32.87872],[-96.00373,32.8797],[-96.00466,32.88004],[-96.00504,32.87976],[-96.00524,32.87825],[-96.00618,32.87775],[-96.00602,32.87861],[-96.00643,32.87934],[-96.00682,32.87932],[-96.00744,32.87864],[-96.00795,32.87948],[-96.00866,32.87966],[-96.00931,32.88029],[-96.0097,32.88019],[-96.00992,32.87926],[-96.01028,32.88003],[-96.0108,32.88019],[-96.01219,32.87979],[-96.013,32.87913],[-96.01365,32.87923],[-96.01311,32.87939],[-96.01254,32.88037],[-96.01159,32.88041],[-96.01141,32.8809],[-96.01068,32.88077],[-96.01064,32.88187],[-96.01005,32.88101],[-96.00901,32.88145],[-96.00796,32.88115],[-96.00719,32.88174],[-96.00752,32.88238],[-96.00652,32.88172],[-96.0059,32.88411],[-96.00493,32.88473],[-96.00587,32.88565],[-96.00649,32.88501],[-96.00726,32.88494],[-96.00686,32.88554],[-96.0074,32.88619],[-96.00857,32.88587],[-96.00896,32.88537],[-96.0115,32.8855],[-96.01008,32.8859],[-96.01019,32.88639],[-96.00956,32.8859],[-96.00877,32.88653],[-96.00791,32.88674],[-96.00832,32.88774],[-96.00608,32.8867],[-96.00594,32.88867],[-96.00625,32.88884],[-96.00596,32.88911],[-96.00639,32.88949],[-96.00721,32.88934],[-96.00686,32.89006],[-96.00606,32.88997],[-96.00589,32.89035],[-96.00684,32.89174],[-96.00761,32.89148],[-96.00769,32.8911],[-96.00823,32.89157],[-96.00891,32.89136],[-96.00768,32.89186],[-96.0074,32.8926],[-96.00832,32.89253],[-96.01001,32.89331],[-96.0106,32.89404],[-96.01134,32.89405],[-96.01136,32.89466],[-96.01327,32.89461],[-96.0138,32.89521],[-96.01296,32.89518],[-96.01205,32.8957],[-96.00941,32.89433],[-96.00851,32.89433],[-96.00818,32.89463],[-96.00865,32.89617],[-96.00804,32.89524],[-96.00758,32.8952],[-96.00732,32.89429],[-96.00605,32.89389],[-96.00534,32.89296],[-96.00403,32.89332],[-96.00383,32.89412],[-96.00342,32.89349],[-96.00361,32.89285],[-96.00261,32.89264],[-96.00469,32.89162],[-96.00297,32.89103],[-96.00406,32.89069],[-96.00374,32.89052],[-96.00365,32.88946],[-96.00243,32.88893],[-96.00251,32.88864],[-96.00211,32.88878],[-96.00278,32.88784],[-96.00332,32.888],[-96.00334,32.88756],[-96.00181,32.88694],[-96.00269,32.88615],[-96.00142,32.88439],[-96.00194,32.88304],[-96.00154,32.88246],[-96.0013,32.88306],[-96.00021,32.88374],[-96.00008,32.88397],[-96.00077,32.88446],[-96.00133,32.88545],[-96.00157,32.88658],[-96.00128,32.88733],[-96.00079,32.88731],[-96.00039,32.88898],[-95.99936,32.89001],[-95.99994,32.89059],[-95.99983,32.89154],[-95.99942,32.8919],[-95.99957,32.89275],[-96.00021,32.89314],[-96.00037,32.89376],[-96.00077,32.89347],[-96.00113,32.8939],[-96.00081,32.89484],[-96.00178,32.8954],[-96.00109,32.89602],[-96.00149,32.8963],[-96.00148,32.89667],[-96.00287,32.89679],[-96.00373,32.89763],[-96.00242,32.89742],[-96.002,32.89787],[-96.0021,32.89816],[-96.00296,32.89879],[-96.00221,32.89856],[-96.00194,32.899],[-96.00116,32.89763],[-95.99973,32.89805],[-95.99848,32.89738],[-95.99807,32.89842],[-95.99721,32.89874],[-95.9989,32.8989],[-95.9999,32.90027],[-95.99969,32.90056],[-95.99916,32.90013],[-95.99829,32.9006],[-95.99855,32.90143],[-95.99793,32.90272],[-95.99827,32.90296],[-95.99909,32.90278],[-96.00012,32.90331],[-96.00024,32.90372],[-95.99799,32.90403],[-95.99802,32.90427],[-96.00046,32.90403],[-96.00069,32.90425],[-95.99948,32.9049],[-95.99844,32.90496],[-95.99838,32.90554],[-95.99764,32.90616],[-95.99974,32.90552],[-96.00015,32.90562],[-96.00076,32.9068],[-96.00205,32.90557],[-96.00267,32.90551],[-96.00317,32.9057],[-96.00311,32.9064],[-96.00386,32.90661],[-96.00529,32.90557],[-96.00561,32.90639],[-96.00463,32.90739],[-96.00318,32.90765],[-96.00268,32.90836],[-96.00212,32.90823],[-96.0024,32.91006],[-96.00357,32.9091],[-96.00415,32.90953],[-96.00477,32.90887],[-96.00536,32.90912],[-96.00624,32.90899],[-96.00598,32.91032],[-96.00524,32.91079],[-96.00766,32.91152],[-96.00801,32.91214],[-96.0082,32.91007],[-96.00987,32.90955],[-96.0093,32.90989],[-96.00901,32.91064],[-96.00971,32.91088],[-96.01007,32.91055],[-96.01052,32.91084],[-96.01112,32.91074],[-96.01032,32.91194],[-96.01156,32.91221],[-96.01158,32.91162],[-96.0121,32.91113],[-96.01265,32.91199],[-96.01315,32.91209],[-96.01352,32.91114],[-96.01306,32.90953],[-96.01319,32.909],[-96.01445,32.91064],[-96.01628,32.91083],[-96.0164,32.91119],[-96.01759,32.91186],[-96.01719,32.91054],[-96.01714,32.90846],[-96.01815,32.90633],[-96.0188,32.90625],[-96.02054,32.9072],[-96.0222,32.90717],[-96.02345,32.90832],[-96.02486,32.90859],[-96.02574,32.90851],[-96.02748,32.90732],[-96.02954,32.90664],[-96.02952,32.90711],[-96.03067,32.90771],[-96.03114,32.90998],[-96.03237,32.91087],[-96.03424,32.90951],[-96.03707,32.90894],[-96.03756,32.9084],[-96.04,32.90854],[-96.04042,32.90797],[-96.04065,32.90846],[-96.04047,32.90885],[-96.04158,32.91123],[-96.04262,32.91241],[-96.04575,32.91169],[-96.046,32.91196],[-96.04634,32.91127],[-96.04677,32.91155],[-96.0476,32.91063],[-96.0475,32.91127],[-96.04799,32.91074],[-96.0509,32.91056],[-96.0512,32.91005],[-96.05401,32.91021],[-96.05575,32.91088],[-96.05822,32.91045],[-96.06007,32.90943],[-96.05985,32.90845],[-96.06011,32.90793],[-96.06022,32.90911],[-96.06174,32.91126],[-96.06501,32.91263],[-96.06722,32.91122],[-96.06812,32.91166],[-96.07181,32.91106],[-96.0758,32.91089],[-96.07657,32.91037],[-96.07746,32.91029],[-96.08011,32.91065],[-96.08402,32.9126],[-96.08441,32.91319],[-96.08421,32.91414],[-96.08456,32.91456],[-96.08557,32.91467],[-96.08659,32.91606],[-96.08747,32.91605],[-96.08882,32.91724],[-96.0911,32.9174],[-96.0914,32.91788],[-96.09112,32.91812],[-96.09526,32.91658],[-96.0911,32.91819],[-96.09121,32.91922],[-96.09144,32.91883],[-96.09177,32.91925],[-96.09248,32.91936],[-96.09116,32.9195],[-96.09277,32.92031],[-96.09323,32.92099],[-96.09428,32.92091],[-96.09341,32.9211],[-96.09382,32.92199],[-96.09485,32.92186],[-96.09461,32.92215],[-96.09624,32.92315],[-96.09772,32.92587],[-96.09778,32.92643],[-96.09742,32.92693],[-96.09538,32.92679],[-96.0956,32.92705],[-96.09421,32.92661],[-96.09473,32.92683],[-96.09455,32.92741],[-96.09359,32.9271],[-96.09315,32.9278],[-96.09367,32.92811],[-96.09455,32.92984],[-96.09343,32.93054],[-96.09763,32.93151],[-96.0966,32.93146],[-96.09692,32.9321],[-96.09663,32.93211],[-96.09578,32.93127],[-96.09299,32.93076],[-96.09277,32.93168],[-96.09307,32.9319],[-96.09392,32.93174],[-96.09439,32.9322],[-96.09419,32.93279],[-96.09442,32.93313],[-96.09674,32.9339],[-96.09805,32.93501],[-96.10021,32.93487],[-96.09975,32.93516],[-96.09986,32.93595],[-96.09891,32.93648],[-96.09891,32.93702],[-96.10117,32.93697],[-96.10043,32.93753],[-96.10302,32.93755],[-96.10523,32.93899],[-96.10643,32.94037],[-96.10564,32.93996],[-96.10525,32.93927],[-96.1051,32.93958],[-96.1047,32.93917],[-96.10196,32.93868],[-96.10032,32.93777],[-96.09702,32.93761],[-96.09606,32.93765],[-96.09622,32.93785],[-96.09814,32.93826],[-96.0984,32.9389],[-96.09745,32.93933],[-96.09697,32.94002],[-96.09442,32.93997],[-96.09357,32.93933],[-96.09292,32.93923],[-96.09224,32.93827],[-96.09078,32.93737],[-96.08865,32.93792],[-96.08783,32.93762],[-96.08737,32.93708],[-96.08817,32.93655],[-96.08762,32.93601],[-96.08675,32.93622],[-96.08529,32.93767],[-96.08345,32.93783],[-96.08325,32.93833],[-96.08268,32.93821],[-96.08204,32.93787],[-96.08212,32.93757],[-96.08113,32.93654],[-96.08058,32.93487],[-96.07882,32.93484],[-96.07632,32.93312],[-96.07689,32.93167],[-96.07766,32.93104],[-96.07708,32.92863],[-96.07536,32.92958],[-96.07529,32.92846],[-96.07268,32.92806],[-96.07014,32.92695],[-96.06861,32.92875],[-96.06818,32.92824],[-96.06744,32.92816],[-96.06694,32.92834],[-96.06651,32.92913],[-96.06599,32.92794],[-96.0641,32.92592],[-96.06272,32.9269],[-96.06256,32.92612],[-96.0593,32.92583],[-96.05806,32.92601],[-96.05672,32.92534],[-96.05524,32.92558],[-96.05435,32.9251],[-96.05435,32.92572],[-96.05506,32.92604],[-96.05447,32.92602],[-96.05495,32.9265],[-96.0547,32.92741],[-96.05442,32.92659],[-96.05253,32.9269],[-96.05251,32.92657],[-96.0511,32.92776],[-96.05014,32.92783],[-96.05041,32.92881],[-96.04993,32.92927],[-96.04913,32.92852],[-96.04747,32.9283],[-96.04717,32.92755],[-96.04485,32.9272],[-96.04452,32.92761],[-96.04515,32.92771],[-96.04514,32.92796],[-96.04388,32.92932],[-96.04289,32.92947],[-96.04279,32.93022],[-96.04225,32.93097],[-96.04278,32.93201],[-96.04207,32.93261],[-96.04084,32.93284],[-96.04088,32.93321],[-96.03962,32.93388],[-96.03833,32.9336],[-96.0367,32.93404],[-96.03648,32.9335],[-96.03728,32.93138],[-96.03875,32.93147],[-96.0402,32.93261],[-96.04059,32.93235],[-96.04053,32.93172],[-96.04025,32.93125],[-96.0382,32.93028],[-96.03568,32.92984],[-96.0352,32.93124],[-96.03263,32.93385],[-96.03409,32.93462],[-96.03295,32.93488],[-96.03243,32.93437],[-96.03062,32.93362],[-96.03034,32.93208],[-96.02964,32.93193],[-96.02949,32.93268],[-96.02869,32.93271],[-96.02821,32.93171],[-96.02747,32.93133],[-96.0271,32.93171],[-96.0273,32.93297],[-96.02596,32.93396],[-96.02726,32.9346],[-96.02837,32.93444],[-96.02881,32.93487],[-96.02874,32.93537],[-96.02763,32.93666],[-96.02843,32.93714],[-96.02896,32.93838],[-96.02802,32.93936],[-96.0283,32.94086],[-96.02997,32.94049],[-96.02979,32.94172],[-96.03101,32.94159],[-96.03019,32.94255],[-96.03078,32.9431],[-96.032,32.9432],[-96.0335,32.94119],[-96.03314,32.9439],[-96.03578,32.94319],[-96.03606,32.94252],[-96.03586,32.94162],[-96.03667,32.94106],[-96.0363,32.94158],[-96.03694,32.94298],[-96.03901,32.94281],[-96.03894,32.94194],[-96.03948,32.94175],[-96.03944,32.94114],[-96.04004,32.94149],[-96.0397,32.94219],[-96.04024,32.94274],[-96.04255,32.94173],[-96.04498,32.94176],[-96.04518,32.94075],[-96.04481,32.93968],[-96.04557,32.94017],[-96.04604,32.94094],[-96.04808,32.93803],[-96.04854,32.93814],[-96.04893,32.93777],[-96.04999,32.93761],[-96.05144,32.9385],[-96.04932,32.9386],[-96.04897,32.93904],[-96.04905,32.9399],[-96.0503,32.94089],[-96.05145,32.94118],[-96.05298,32.9423],[-96.05471,32.94301],[-96.05469,32.94377],[-96.05528,32.9443],[-96.05446,32.94464],[-96.05593,32.94495],[-96.05554,32.94516],[-96.05564,32.94556],[-96.05503,32.94577],[-96.05478,32.94497],[-96.05424,32.94462],[-96.05423,32.9439],[-96.05385,32.9439],[-96.05347,32.94482],[-96.05333,32.94383],[-96.05224,32.94334],[-96.05099,32.94221],[-96.05021,32.94237],[-96.04982,32.94162],[-96.04954,32.94196],[-96.04771,32.94198],[-96.04611,32.94319],[-96.04602,32.94437],[-96.04538,32.94341],[-96.04466,32.94374],[-96.04463,32.94409],[-96.04416,32.9436],[-96.04398,32.9439],[-96.04262,32.94425],[-96.04301,32.94542],[-96.04344,32.94569],[-96.04307,32.94581],[-96.04367,32.94679],[-96.04274,32.94632],[-96.04207,32.94496],[-96.04045,32.94492],[-96.04039,32.94532],[-96.03759,32.946],[-96.04,32.94864],[-96.04141,32.94935],[-96.04204,32.94917],[-96.04252,32.95126],[-96.04299,32.95155],[-96.04263,32.95179],[-96.04265,32.95228],[-96.04198,32.95246],[-96.04256,32.95419],[-96.0418,32.95293],[-96.04161,32.95171],[-96.04124,32.95163],[-96.04138,32.95042],[-96.0395,32.95014],[-96.03844,32.95107],[-96.03899,32.94994],[-96.03882,32.9494],[-96.03818,32.9493],[-96.03822,32.94893],[-96.03754,32.94821],[-96.03558,32.94746],[-96.03504,32.95011],[-96.03582,32.95046],[-96.03513,32.95094],[-96.03624,32.95171],[-96.03442,32.95125],[-96.0341,32.95252],[-96.03378,32.9527],[-96.03402,32.95362],[-96.03479,32.95368],[-96.03393,32.954],[-96.03392,32.95476],[-96.0343,32.9554],[-96.03531,32.95598],[-96.03567,32.95571],[-96.03573,32.95607],[-96.03753,32.95726],[-96.03866,32.95897],[-96.03856,32.9595],[-96.0373,32.96048],[-96.03697,32.96136],[-96.03736,32.96148],[-96.03651,32.96244],[-96.03625,32.9627],[-96.03594,32.96254],[-96.03647,32.96205],[-96.0363,32.96171],[-96.03595,32.9621],[-96.03563,32.96185],[-96.03494,32.96276],[-96.03493,32.96232],[-96.03602,32.96134],[-96.03558,32.96045],[-96.03632,32.95912],[-96.03535,32.95881],[-96.03306,32.95914],[-96.03388,32.95888],[-96.03447,32.95815],[-96.03323,32.9569],[-96.0316,32.95646],[-96.03262,32.95627],[-96.03267,32.95579],[-96.03179,32.95461],[-96.03081,32.95437],[-96.03151,32.95398],[-96.0318,32.95136],[-96.03234,32.95101],[-96.03318,32.94962],[-96.0333,32.94863],[-96.03117,32.94822],[-96.03012,32.94841],[-96.03094,32.94786],[-96.03122,32.94694],[-96.0311,32.94665],[-96.03003,32.94701],[-96.03011,32.94633],[-96.02986,32.94619],[-96.02868,32.9475],[-96.02858,32.94832],[-96.02724,32.94954],[-96.02687,32.94952],[-96.02762,32.94854],[-96.02741,32.94829],[-96.02786,32.94798],[-96.02767,32.94757],[-96.02822,32.94672],[-96.02814,32.94595],[-96.02711,32.94574],[-96.02633,32.94673],[-96.02507,32.94736],[-96.0242,32.94739],[-96.02597,32.94618],[-96.02571,32.94582],[-96.02686,32.94453],[-96.02648,32.94407],[-96.0254,32.94376],[-96.02455,32.94435],[-96.02387,32.94418],[-96.02336,32.9446],[-96.02403,32.94307],[-96.02267,32.94316],[-96.0234,32.94207],[-96.02225,32.94062],[-96.02153,32.9386],[-96.0214,32.94031],[-96.01962,32.94158],[-96.02045,32.9407],[-96.02043,32.93983],[-96.0172,32.93798],[-96.0167,32.93701],[-96.01634,32.93698],[-96.01416,32.93878],[-96.01397,32.93862],[-96.01528,32.93729],[-96.01608,32.9359],[-96.01568,32.9362],[-96.0147,32.93514],[-96.01318,32.93549],[-96.01189,32.93538],[-96.01167,32.93563],[-96.01218,32.93602],[-96.01192,32.9375],[-96.01305,32.94133],[-96.01489,32.9438],[-96.01661,32.94474],[-96.01821,32.94712],[-96.01744,32.94663],[-96.017,32.94686],[-96.01713,32.94644],[-96.01589,32.9457],[-96.01481,32.9456],[-96.01431,32.94736],[-96.01473,32.94792],[-96.014,32.94878],[-96.014,32.9495],[-96.01483,32.95022],[-96.01509,32.95109],[-96.01639,32.95083],[-96.01595,32.95151],[-96.01682,32.95232],[-96.01731,32.95245],[-96.01824,32.95152],[-96.01854,32.95191],[-96.01954,32.95199],[-96.01817,32.95242],[-96.01807,32.95302],[-96.01852,32.95342],[-96.01902,32.95499],[-96.01998,32.95413],[-96.02034,32.95488],[-96.01983,32.955],[-96.01941,32.95583],[-96.01994,32.95687],[-96.02102,32.95691],[-96.02042,32.95754],[-96.0214,32.95798],[-96.02226,32.95792],[-96.02313,32.95703],[-96.02301,32.95798],[-96.02221,32.95878],[-96.02133,32.96174],[-96.02144,32.96239],[-96.02248,32.96251],[-96.02225,32.96293],[-96.02155,32.96288],[-96.02173,32.9636],[-96.02315,32.96404],[-96.02177,32.96505],[-96.02233,32.96651],[-96.02237,32.96817],[-96.02375,32.96809],[-96.02291,32.96878],[-96.02314,32.96931],[-96.02254,32.96891],[-96.02233,32.96906],[-96.02213,32.97151],[-96.02255,32.97205],[-96.02338,32.97126],[-96.02558,32.97113],[-96.02499,32.97173],[-96.02371,32.97206],[-96.02335,32.97265],[-96.02352,32.97418],[-96.02286,32.97599],[-96.02248,32.97596],[-96.02051,32.97725],[-96.0204,32.97815],[-96.02104,32.97857],[-96.0214,32.97943],[-96.02123,32.98104],[-96.02083,32.98214],[-96.01946,32.98337],[-96.01901,32.98431],[-96.02163,32.98657],[-96.02251,32.98822],[-96.02268,32.9894],[-96.02122,32.99142],[-96.01904,32.99205],[-96.01775,32.99477],[-96.0169,32.99535],[-96.01652,32.99529],[-96.01646,32.99579],[-96.01532,32.99692],[-96.01493,32.99669],[-96.0148,32.99608],[-96.0144,32.99614],[-96.01425,32.99699],[-96.01392,32.9972],[-96.01328,32.99634],[-96.0127,32.99695],[-96.01256,32.99614],[-96.01289,32.99625],[-96.01236,32.99499],[-96.01207,32.99512],[-96.0122,32.99621],[-96.01168,32.99619],[-96.01103,32.99505],[-96.01138,32.99513],[-96.01142,32.99487],[-96.01124,32.99344],[-96.01175,32.99237],[-96.0115,32.99199],[-96.01056,32.99295],[-96.00834,32.99278],[-96.00726,32.99322],[-96.00753,32.99496],[-96.0066,32.99594],[-96.00666,32.99647],[-96.006,32.99666],[-96.00614,32.99695],[-96.0058,32.997],[-96.00583,32.99656],[-96.00535,32.99642],[-96.00178,32.99683],[-96.00154,32.99653],[-96.0014,32.99728],[-96.00042,32.99797],[-95.99941,32.99813],[-95.99791,32.99932],[-95.99925,32.9967]],[[-95.90482,32.86079],[-95.90458,32.86102],[-95.90474,32.86101],[-95.90482,32.86079]],[[-95.91503,32.86622],[-95.91484,32.86637],[-95.91484,32.8666],[-95.91503,32.86622]],[[-96.09322,32.92349],[-96.09304,32.92367],[-96.09348,32.92375],[-96.09322,32.92349]],[[-96.00522,32.99622],[-96.0053,32.99595],[-96.005,32.99584],[-96.00522,32.99622]],[[-96.09336,32.93726],[-96.09387,32.93723],[-96.09342,32.93705],[-96.09336,32.93726]],[[-96.07894,32.87744],[-96.07866,32.87726],[-96.07845,32.87765],[-96.07907,32.87773],[-96.07894,32.87744]],[[-96.00568,32.99597],[-96.00602,32.99586],[-96.00538,32.99521],[-96.00568,32.99597]],[[-96.0479,32.94086],[-96.04767,32.94128],[-96.04812,32.94153],[-96.0479,32.94086]],[[-96.02987,32.92775],[-96.02948,32.92804],[-96.02982,32.92871],[-96.03026,32.92831],[-96.02987,32.92775]],[[-96.09228,32.92204],[-96.09196,32.92213],[-96.09215,32.9227],[-96.09309,32.92317],[-96.09317,32.92283],[-96.09228,32.92204]],[[-96.10259,32.93761],[-96.1012,32.93773],[-96.10134,32.93815],[-96.10291,32.93875],[-96.10499,32.93904],[-96.10259,32.93761]],[[-95.91122,32.86338],[-95.91117,32.86271],[-95.91022,32.86298],[-95.90939,32.86277],[-95.90888,32.86211],[-95.90793,32.86223],[-95.90847,32.8607],[-95.90648,32.86177],[-95.9107,32.86353],[-95.91122,32.86338]]]},"properties":{"name":"Lake Tawakoni","acres":37480,"objectid":29745}},{"type":"Feature","id":289739,"geometry":{"type":"Polygon","coordinates":[[[-97.43535,32.30121],[-97.43721,32.30044],[-97.43782,32.30132],[-97.43741,32.30106],[-97.43691,32.30122],[-97.43767,32.30177],[-97.43817,32.30129],[-97.43935,32.30148],[-97.43968,32.30126],[-97.44064,32.30162],[-97.44146,32.30146],[-97.44547,32.30219],[-97.44745,32.30295],[-97.44902,32.3042],[-97.44865,32.3044],[-97.44748,32.30414],[-97.4479,32.30539],[-97.44695,32.30437],[-97.44671,32.30473],[-97.44163,32.30477],[-97.44099,32.30555],[-97.44137,32.30626],[-97.43985,32.30672],[-97.44156,32.30823],[-97.44218,32.30977],[-97.44276,32.31008],[-97.44232,32.31019],[-97.44274,32.31065],[-97.4424,32.31082],[-97.44203,32.3124],[-97.44279,32.31303],[-97.44203,32.31293],[-97.44155,32.31353],[-97.44278,32.31638],[-97.44201,32.31855],[-97.44203,32.3194],[-97.44299,32.32067],[-97.44497,32.32207],[-97.44688,32.32221],[-97.44534,32.32261],[-97.44735,32.32421],[-97.4469,32.32453],[-97.4478,32.3263],[-97.44874,32.32735],[-97.44907,32.33074],[-97.45001,32.33195],[-97.44941,32.33284],[-97.44918,32.33269],[-97.44962,32.33195],[-97.44881,32.33094],[-97.44846,32.3277],[-97.44749,32.32637],[-97.44599,32.32602],[-97.44455,32.32641],[-97.44486,32.32612],[-97.44443,32.32551],[-97.44234,32.32624],[-97.43542,32.32205],[-97.43441,32.32087],[-97.43378,32.31932],[-97.43426,32.31824],[-97.43375,32.31799],[-97.43303,32.31843],[-97.43337,32.31726],[-97.43461,32.31627],[-97.43424,32.31512],[-97.435,32.31407],[-97.43497,32.31362],[-97.43349,32.31248],[-97.43256,32.3125],[-97.43211,32.31191],[-97.4307,32.31144],[-97.43033,32.311],[-97.43043,32.3105],[-97.42978,32.31021],[-97.4283,32.30822],[-97.4272,32.30846],[-97.42646,32.30967],[-97.42598,32.30976],[-97.42549,32.30903],[-97.42543,32.30846],[-97.42571,32.30836],[-97.42541,32.30797],[-97.42626,32.30723],[-97.42625,32.30647],[-97.4239,32.30508],[-97.42301,32.30405],[-97.42316,32.30362],[-97.42253,32.30375],[-97.42288,32.30325],[-97.42244,32.30344],[-97.42174,32.30321],[-97.41865,32.30105],[-97.41846,32.30014],[-97.41739,32.29873],[-97.4165,32.29557],[-97.416,32.29174],[-97.4144,32.29065],[-97.41374,32.28914],[-97.41419,32.28904],[-97.4145,32.28977],[-97.41477,32.28975],[-97.4149,32.28893],[-97.42845,32.28252],[-97.43328,32.28387],[-97.43428,32.28392],[-97.43423,32.28339],[-97.4346,32.28381],[-97.43733,32.2834],[-97.43772,32.28386],[-97.43589,32.28539],[-97.43643,32.2862],[-97.43579,32.28605],[-97.4347,32.28675],[-97.43228,32.2893],[-97.4326,32.28992],[-97.43411,32.29114],[-97.43643,32.29466],[-97.43739,32.29558],[-97.43638,32.2958],[-97.43287,32.29358],[-97.43267,32.29439],[-97.43214,32.29491],[-97.43272,32.29536],[-97.43321,32.29657],[-97.43507,32.29731],[-97.43549,32.29836],[-97.43537,32.29861],[-97.43509,32.29845],[-97.43498,32.29953],[-97.43311,32.3005],[-97.43535,32.30121]],[[-97.4467,32.32612],[-97.4471,32.32603],[-97.44708,32.32572],[-97.44616,32.32547],[-97.44613,32.3258],[-97.4467,32.32612]]]},"properties":{"name":"Lake Pat Cleburne","acres":1570,"objectid":289739}},{"type":"Feature","id":374299,"geometry":{"type":"Polygon","coordinates":[[[-96.53319,33.05725],[-96.53311,33.05846],[-96.53257,33.05854],[-96.53193,33.05917],[-96.532,33.05966],[-96.53368,33.0605],[-96.5361,33.06244],[-96.5379,33.06264],[-96.53854,33.06196],[-96.53852,33.06281],[-96.539,33.06342],[-96.53761,33.06332],[-96.53939,33.06401],[-96.54088,33.06504],[-96.5416,33.06601],[-96.54194,33.06779],[-96.54414,33.06865],[-96.54232,33.06895],[-96.54305,33.07026],[-96.5421,33.07145],[-96.54319,33.07324],[-96.54519,33.07482],[-96.5453,33.07535],[-96.54488,33.07637],[-96.54571,33.07933],[-96.54525,33.08104],[-96.54362,33.08114],[-96.54107,33.08212],[-96.53864,33.08179],[-96.53511,33.08232],[-96.53246,33.08197],[-96.53185,33.08298],[-96.53082,33.08344],[-96.53087,33.08386],[-96.53397,33.0841],[-96.5338,33.08438],[-96.53037,33.08435],[-96.53021,33.08378],[-96.52958,33.08355],[-96.5297,33.08291],[-96.52924,33.08294],[-96.5295,33.08397],[-96.52922,33.08472],[-96.5306,33.08587],[-96.53031,33.08653],[-96.53047,33.08698],[-96.53012,33.08747],[-96.53088,33.08745],[-96.53126,33.08784],[-96.53106,33.08931],[-96.53045,33.08968],[-96.52916,33.08907],[-96.52845,33.0891],[-96.52769,33.0893],[-96.5276,33.08976],[-96.52823,33.09024],[-96.52981,33.08997],[-96.53007,33.09062],[-96.53122,33.09065],[-96.53169,33.09104],[-96.52998,33.0909],[-96.52847,33.09206],[-96.52714,33.09188],[-96.52634,33.09238],[-96.52673,33.09321],[-96.52757,33.09386],[-96.52839,33.09256],[-96.52966,33.09276],[-96.52966,33.09361],[-96.53065,33.0941],[-96.53028,33.09497],[-96.53074,33.09513],[-96.5305,33.0953],[-96.53002,33.09504],[-96.53033,33.09403],[-96.52931,33.09371],[-96.52951,33.09295],[-96.5284,33.09285],[-96.52772,33.09416],[-96.5268,33.09368],[-96.52599,33.09243],[-96.52691,33.09165],[-96.52842,33.09174],[-96.52981,33.09058],[-96.52958,33.09035],[-96.52862,33.09068],[-96.52767,33.09057],[-96.52716,33.09015],[-96.52697,33.08923],[-96.52831,33.08849],[-96.53036,33.08903],[-96.53065,33.08805],[-96.52942,33.08779],[-96.52987,33.08591],[-96.52852,33.08489],[-96.52854,33.08313],[-96.52884,33.08249],[-96.52952,33.08218],[-96.53047,33.08256],[-96.53047,33.08297],[-96.53164,33.0824],[-96.53055,33.08183],[-96.53055,33.08139],[-96.53118,33.08076],[-96.52897,33.08112],[-96.52853,33.08063],[-96.52878,33.07898],[-96.52789,33.0792],[-96.52723,33.07877],[-96.52726,33.07804],[-96.52821,33.07612],[-96.52691,33.07529],[-96.52681,33.0739],[-96.52508,33.073],[-96.52438,33.07228],[-96.5242,33.07159],[-96.52469,33.07069],[-96.52444,33.07019],[-96.52249,33.07022],[-96.52281,33.06893],[-96.52163,33.06835],[-96.51746,33.0681],[-96.51601,33.06654],[-96.51563,33.06489],[-96.51636,33.06132],[-96.51596,33.0602],[-96.51486,33.05924],[-96.51469,33.05787],[-96.5162,33.05525],[-96.51629,33.05471],[-96.51601,33.05435],[-96.51202,33.05337],[-96.51098,33.05382],[-96.50652,33.05409],[-96.50645,33.05475],[-96.50814,33.05799],[-96.50766,33.05951],[-96.50769,33.0605],[-96.50706,33.05934],[-96.50712,33.05789],[-96.50532,33.05699],[-96.50478,33.05765],[-96.50467,33.05656],[-96.50424,33.05602],[-96.50292,33.0559],[-96.50181,33.05625],[-96.501,33.05597],[-96.49904,33.05603],[-96.49705,33.05798],[-96.49538,33.05773],[-96.49316,33.057],[-96.49098,33.05578],[-96.48887,33.0528],[-96.48818,33.05287],[-96.48535,33.05457],[-96.48356,33.05456],[-96.48232,33.0541],[-96.48166,33.05417],[-96.48187,33.05382],[-96.48082,33.05303],[-96.47958,33.05053],[-96.47897,33.04993],[-96.4766,33.04976],[-96.47459,33.05011],[-96.4736,33.05059],[-96.473,33.05137],[-96.47315,33.05171],[-96.47659,33.05262],[-96.48027,33.05454],[-96.48128,33.05434],[-96.48093,33.05505],[-96.48208,33.05633],[-96.48453,33.05631],[-96.48336,33.05676],[-96.48247,33.058],[-96.48343,33.05938],[-96.48494,33.05938],[-96.48357,33.06058],[-96.48423,33.06182],[-96.48494,33.06217],[-96.48466,33.06274],[-96.48489,33.06638],[-96.48517,33.06672],[-96.48603,33.06636],[-96.48727,33.06662],[-96.48664,33.06685],[-96.48645,33.06747],[-96.48819,33.07001],[-96.48796,33.07028],[-96.48604,33.06937],[-96.48523,33.06943],[-96.48425,33.07185],[-96.48434,33.07305],[-96.48374,33.0743],[-96.48385,33.07468],[-96.48299,33.07593],[-96.48433,33.07996],[-96.48428,33.08155],[-96.4849,33.08235],[-96.4863,33.0831],[-96.48431,33.0824],[-96.48325,33.08391],[-96.48305,33.08504],[-96.48432,33.08824],[-96.48391,33.08855],[-96.4846,33.09059],[-96.48423,33.09289],[-96.48589,33.09536],[-96.4863,33.09651],[-96.48619,33.09737],[-96.48572,33.09803],[-96.48593,33.09995],[-96.48564,33.09955],[-96.48522,33.10012],[-96.48437,33.10005],[-96.48077,33.09579],[-96.47898,33.09248],[-96.47834,33.09193],[-96.47737,33.09184],[-96.47607,33.09293],[-96.47297,33.09339],[-96.47282,33.09395],[-96.47323,33.09539],[-96.47535,33.09793],[-96.47573,33.10096],[-96.47559,33.10205],[-96.47505,33.10296],[-96.47273,33.10338],[-96.47356,33.10412],[-96.47455,33.10597],[-96.47407,33.10778],[-96.4747,33.1093],[-96.47261,33.11414],[-96.47182,33.11524],[-96.47218,33.11582],[-96.47149,33.11919],[-96.47047,33.11936],[-96.47001,33.11868],[-96.47008,33.12024],[-96.47073,33.12181],[-96.46972,33.12528],[-96.47057,33.12834],[-96.47012,33.13039],[-96.46869,33.13151],[-96.46728,33.13371],[-96.46634,33.13442],[-96.46548,33.13302],[-96.46555,33.1321],[-96.46506,33.13126],[-96.46442,33.13104],[-96.46376,33.13164],[-96.4632,33.13137],[-96.46175,33.13153],[-96.46108,33.13118],[-96.46137,33.13036],[-96.46445,33.12872],[-96.46177,33.12972],[-96.46032,33.13084],[-96.45657,33.13124],[-96.45441,33.13374],[-96.45412,33.13515],[-96.45316,33.13617],[-96.45086,33.1376],[-96.45048,33.13968],[-96.44959,33.14074],[-96.44706,33.14187],[-96.44529,33.14172],[-96.44418,33.14239],[-96.44296,33.14266],[-96.44059,33.14491],[-96.44011,33.14483],[-96.43893,33.1436],[-96.4372,33.14329],[-96.43576,33.14552],[-96.4348,33.14581],[-96.43425,33.1467],[-96.43302,33.14697],[-96.43256,33.14778],[-96.43284,33.14698],[-96.43411,33.14661],[-96.43475,33.1457],[-96.43569,33.14539],[-96.43694,33.14327],[-96.43757,33.14309],[-96.43742,33.14276],[-96.43932,33.14359],[-96.44052,33.14465],[-96.44294,33.14246],[-96.444,33.14232],[-96.44546,33.14156],[-96.44703,33.14169],[-96.4495,33.14059],[-96.4503,33.13958],[-96.45037,33.13813],[-96.45072,33.13744],[-96.45274,33.13633],[-96.45382,33.13523],[-96.4542,33.13463],[-96.45421,33.13374],[-96.45506,33.13293],[-96.45595,33.13137],[-96.45752,33.13086],[-96.46016,33.13069],[-96.46325,33.12888],[-96.46171,33.12885],[-96.46,33.13009],[-96.45905,33.1304],[-96.45536,33.1307],[-96.4564,33.13021],[-96.45973,33.12955],[-96.46395,33.12755],[-96.46506,33.12672],[-96.46505,33.125],[-96.46332,33.12179],[-96.46518,33.11834],[-96.46542,33.11494],[-96.46513,33.11493],[-96.46494,33.11541],[-96.46484,33.11846],[-96.46301,33.12172],[-96.46334,33.12286],[-96.46496,33.12563],[-96.46505,33.1263],[-96.46472,33.12681],[-96.4592,33.12949],[-96.45621,33.12999],[-96.45506,33.13054],[-96.45232,33.13442],[-96.44599,33.13997],[-96.44047,33.14268],[-96.43741,33.14221],[-96.43989,33.14223],[-96.44091,33.14141],[-96.44174,33.13997],[-96.44158,33.13848],[-96.4407,33.13812],[-96.44143,33.13745],[-96.44127,33.13663],[-96.43988,33.13757],[-96.43919,33.13738],[-96.44135,33.13473],[-96.44088,33.13436],[-96.43915,33.13453],[-96.4388,33.13385],[-96.43912,33.13201],[-96.44047,33.13107],[-96.44221,33.13093],[-96.43976,33.13073],[-96.4395,33.13039],[-96.44059,33.12725],[-96.44445,33.12431],[-96.4461,33.12359],[-96.44697,33.12381],[-96.44823,33.12579],[-96.45,33.12544],[-96.44833,33.12513],[-96.4479,33.12471],[-96.44731,33.12292],[-96.44537,33.12217],[-96.44753,33.12183],[-96.44809,33.12158],[-96.44832,33.12108],[-96.44889,33.12124],[-96.4495,33.12071],[-96.45286,33.11988],[-96.4539,33.11916],[-96.45435,33.11767],[-96.45425,33.11652],[-96.45314,33.1146],[-96.45389,33.11187],[-96.45341,33.10965],[-96.45278,33.10883],[-96.45085,33.10874],[-96.44914,33.10916],[-96.44875,33.11023],[-96.44853,33.10909],[-96.4473,33.10782],[-96.44651,33.10586],[-96.44654,33.10257],[-96.44452,33.10077],[-96.44401,33.09977],[-96.44401,33.09873],[-96.4432,33.09841],[-96.44311,33.09746],[-96.44229,33.09697],[-96.44235,33.09671],[-96.44328,33.09679],[-96.4423,33.09634],[-96.44243,33.0946],[-96.44314,33.09405],[-96.44592,33.09336],[-96.44368,33.09336],[-96.44275,33.09301],[-96.4429,33.09282],[-96.4424,33.09241],[-96.44414,33.09212],[-96.44505,33.09142],[-96.44542,33.09058],[-96.44622,33.09069],[-96.44928,33.08978],[-96.45102,33.08815],[-96.45129,33.08698],[-96.45214,33.08668],[-96.45392,33.08435],[-96.45665,33.08206],[-96.45653,33.08113],[-96.45512,33.08049],[-96.45707,33.07969],[-96.45783,33.07977],[-96.46137,33.07898],[-96.46312,33.07757],[-96.46363,33.07648],[-96.46214,33.07388],[-96.46055,33.07378],[-96.45869,33.07431],[-96.45698,33.07386],[-96.45615,33.0733],[-96.45519,33.07106],[-96.45456,33.0708],[-96.4552,33.06988],[-96.45528,33.0672],[-96.45627,33.06589],[-96.45883,33.06477],[-96.46235,33.0644],[-96.46294,33.06401],[-96.46314,33.06345],[-96.46227,33.06142],[-96.45938,33.06271],[-96.45719,33.06311],[-96.4574,33.06258],[-96.45873,33.06208],[-96.45954,33.06131],[-96.45941,33.06073],[-96.4569,33.05901],[-96.45468,33.05983],[-96.45585,33.05761],[-96.45547,33.05387],[-96.45625,33.0527],[-96.45616,33.05226],[-96.45547,33.05248],[-96.45488,33.05217],[-96.45427,33.05103],[-96.45364,33.05137],[-96.4536,33.05227],[-96.45336,33.05194],[-96.4521,33.05216],[-96.45167,33.05145],[-96.45109,33.05156],[-96.4508,33.05173],[-96.4509,33.05278],[-96.45009,33.0546],[-96.44901,33.05503],[-96.44832,33.05293],[-96.44666,33.05244],[-96.44388,33.05296],[-96.44169,33.054],[-96.44056,33.05398],[-96.44033,33.05372],[-96.44086,33.05111],[-96.44058,33.05087],[-96.44018,33.05122],[-96.43969,33.05366],[-96.43858,33.05343],[-96.43721,33.05362],[-96.43549,33.05274],[-96.4346,33.05289],[-96.43462,33.05201],[-96.43517,33.05167],[-96.43459,33.05139],[-96.43511,33.05093],[-96.43507,33.04995],[-96.43421,33.04904],[-96.43631,33.04993],[-96.44022,33.04967],[-96.44052,33.04984],[-96.4405,33.05049],[-96.44081,33.05056],[-96.44119,33.04966],[-96.44429,33.04799],[-96.44671,33.04589],[-96.44787,33.04332],[-96.44711,33.04305],[-96.44795,33.04276],[-96.44859,33.04029],[-96.44984,33.03853],[-96.44977,33.03776],[-96.45037,33.03743],[-96.4506,33.03635],[-96.45202,33.03558],[-96.45225,33.03453],[-96.45323,33.03345],[-96.45491,33.03302],[-96.48026,33.03251],[-96.48036,33.03197],[-96.48224,33.03176],[-96.4828,33.03439],[-96.48355,33.03517],[-96.48513,33.03588],[-96.485,33.03612],[-96.48582,33.03655],[-96.49226,33.03783],[-96.49448,33.03997],[-96.49496,33.04221],[-96.49746,33.04324],[-96.49858,33.04323],[-96.49968,33.04272],[-96.50218,33.04263],[-96.50291,33.04199],[-96.50431,33.0396],[-96.50588,33.03896],[-96.50598,33.04003],[-96.5075,33.04076],[-96.51052,33.04023],[-96.51365,33.04104],[-96.51481,33.04096],[-96.51765,33.03912],[-96.51857,33.0372],[-96.51892,33.03792],[-96.5215,33.03743],[-96.52263,33.03568],[-96.52243,33.03735],[-96.52287,33.03788],[-96.52832,33.03845],[-96.5292,33.0376],[-96.53046,33.03891],[-96.53147,33.039],[-96.52761,33.04026],[-96.52853,33.04358],[-96.52836,33.04682],[-96.52863,33.04895],[-96.53024,33.05166],[-96.531,33.05226],[-96.53173,33.05213],[-96.53143,33.0552],[-96.53019,33.05621],[-96.52985,33.05747],[-96.53042,33.05804],[-96.53116,33.05813],[-96.53233,33.0579],[-96.53319,33.05725]],[[-96.44438,33.13797],[-96.44381,33.13826],[-96.44388,33.13876],[-96.44438,33.13797]],[[-96.4549,33.12639],[-96.45469,33.12772],[-96.45497,33.12805],[-96.45525,33.12752],[-96.4549,33.12639]],[[-96.44647,33.13865],[-96.44505,33.13915],[-96.44332,33.14084],[-96.4461,33.13963],[-96.44677,33.13895],[-96.44647,33.13865]],[[-96.4684,33.10386],[-96.4682,33.10409],[-96.46894,33.10869],[-96.46886,33.10985],[-96.46553,33.11465],[-96.4682,33.11157],[-96.46914,33.10987],[-96.46919,33.1084],[-96.4684,33.10386]]]},"properties":{"name":"Lavon Lake","acres":10761,"objectid":374299}},{"type":"Feature","id":491014,"geometry":{"type":"Polygon","coordinates":[[[-97.10326,33.43521],[-97.10261,33.43373],[-97.10143,33.43297],[-97.10179,33.43264],[-97.1035,33.43296],[-97.10429,33.43249],[-97.10487,33.43259],[-97.10504,33.4323],[-97.1047,33.43207],[-97.10505,33.43135],[-97.10477,33.43086],[-97.10518,33.43049],[-97.10474,33.43023],[-97.10459,33.42947],[-97.10344,33.42868],[-97.10304,33.42746],[-97.10175,33.42739],[-97.10078,33.42695],[-97.10127,33.42655],[-97.10099,33.42633],[-97.10173,33.42621],[-97.10166,33.42592],[-97.1034,33.42613],[-97.1038,33.42597],[-97.10402,33.42534],[-97.10245,33.42132],[-97.10088,33.42137],[-97.10178,33.4203],[-97.10174,33.41937],[-97.10138,33.41884],[-97.10073,33.41818],[-97.0999,33.41835],[-97.09959,33.41736],[-97.09902,33.41695],[-97.09799,33.41759],[-97.09736,33.41566],[-97.09609,33.41541],[-97.09614,33.41436],[-97.09536,33.4128],[-97.09469,33.41341],[-97.09453,33.41441],[-97.09412,33.4148],[-97.09308,33.41338],[-97.0924,33.41418],[-97.09117,33.41445],[-97.09112,33.41554],[-97.09199,33.41697],[-97.09255,33.41903],[-97.09186,33.41928],[-97.09163,33.41867],[-97.09114,33.41843],[-97.0912,33.41802],[-97.09001,33.41725],[-97.08994,33.41661],[-97.08945,33.41677],[-97.08832,33.41632],[-97.0883,33.41566],[-97.08657,33.41651],[-97.0859,33.41799],[-97.08627,33.4184],[-97.08576,33.4183],[-97.08511,33.41906],[-97.08518,33.4195],[-97.08376,33.41926],[-97.0841,33.41869],[-97.08385,33.41804],[-97.08444,33.41814],[-97.08468,33.41774],[-97.08427,33.41577],[-97.08486,33.41588],[-97.0864,33.414],[-97.0876,33.41306],[-97.08832,33.41333],[-97.08875,33.4121],[-97.08624,33.41263],[-97.08725,33.41193],[-97.08797,33.41101],[-97.08813,33.41023],[-97.08796,33.40999],[-97.08793,33.41049],[-97.08724,33.41097],[-97.08742,33.40909],[-97.08705,33.40901],[-97.08747,33.4089],[-97.08663,33.40702],[-97.08624,33.40687],[-97.08649,33.40707],[-97.08573,33.40739],[-97.08381,33.40692],[-97.08472,33.40639],[-97.08383,33.40574],[-97.08332,33.40394],[-97.08254,33.40356],[-97.08183,33.40372],[-97.08205,33.40302],[-97.08277,33.40276],[-97.08277,33.40171],[-97.08077,33.40175],[-97.08118,33.40042],[-97.08087,33.39994],[-97.07864,33.40078],[-97.07802,33.4003],[-97.07811,33.39989],[-97.07905,33.3997],[-97.07989,33.39816],[-97.08009,33.39679],[-97.07983,33.39619],[-97.07881,33.39582],[-97.07856,33.39423],[-97.07752,33.39423],[-97.0766,33.39505],[-97.07654,33.39615],[-97.07575,33.39581],[-97.07528,33.39707],[-97.07541,33.39796],[-97.07476,33.39804],[-97.07436,33.39707],[-97.07294,33.39774],[-97.07357,33.39674],[-97.07301,33.39623],[-97.07333,33.39543],[-97.07278,33.39471],[-97.07293,33.39371],[-97.07251,33.39373],[-97.07251,33.39434],[-97.07198,33.39414],[-97.07111,33.39438],[-97.07047,33.39588],[-97.06961,33.39615],[-97.07025,33.39549],[-97.07019,33.39494],[-97.06934,33.39431],[-97.06845,33.39452],[-97.06766,33.39419],[-97.0666,33.39472],[-97.06681,33.39384],[-97.06596,33.39384],[-97.06484,33.39314],[-97.06457,33.39341],[-97.0644,33.39283],[-97.06361,33.39323],[-97.06367,33.3929],[-97.06311,33.39267],[-97.06297,33.39215],[-97.06322,33.39137],[-97.06283,33.39106],[-97.06279,33.3904],[-97.06309,33.39009],[-97.06267,33.38983],[-97.06305,33.38957],[-97.06215,33.3895],[-97.063,33.38892],[-97.06236,33.38819],[-97.06259,33.38707],[-97.06195,33.38566],[-97.06115,33.38488],[-97.06146,33.38432],[-97.06076,33.38417],[-97.06172,33.38377],[-97.06214,33.38101],[-97.06159,33.38034],[-97.06227,33.37916],[-97.06143,33.37854],[-97.06064,33.37876],[-97.06026,33.3781],[-97.05978,33.37796],[-97.06012,33.37872],[-97.05985,33.37958],[-97.06016,33.3809],[-97.06083,33.38203],[-97.0607,33.38266],[-97.05987,33.38234],[-97.05956,33.38258],[-97.05883,33.3816],[-97.05801,33.38163],[-97.05825,33.3809],[-97.05787,33.3805],[-97.05693,33.38029],[-97.05729,33.37962],[-97.05716,33.3786],[-97.05652,33.37852],[-97.05578,33.37892],[-97.05425,33.38101],[-97.05387,33.38094],[-97.05347,33.38017],[-97.05313,33.38024],[-97.05309,33.38057],[-97.05334,33.38176],[-97.0538,33.38218],[-97.05435,33.38359],[-97.05414,33.38422],[-97.05502,33.38405],[-97.0568,33.38541],[-97.0559,33.38565],[-97.05525,33.38641],[-97.05429,33.38658],[-97.05368,33.38774],[-97.0529,33.38826],[-97.05423,33.38836],[-97.05509,33.38887],[-97.05568,33.38858],[-97.05672,33.38901],[-97.05722,33.38974],[-97.05676,33.39009],[-97.05697,33.39097],[-97.0584,33.39096],[-97.06019,33.39205],[-97.06047,33.39255],[-97.06005,33.39313],[-97.05951,33.39293],[-97.05849,33.39423],[-97.05862,33.39445],[-97.05765,33.39524],[-97.05765,33.39573],[-97.05855,33.39576],[-97.05881,33.39605],[-97.05847,33.39661],[-97.05835,33.39612],[-97.05653,33.39663],[-97.05653,33.39583],[-97.05609,33.39518],[-97.05459,33.39412],[-97.05328,33.39409],[-97.05233,33.39302],[-97.05181,33.39332],[-97.05245,33.39521],[-97.05085,33.39535],[-97.05212,33.39651],[-97.05212,33.39686],[-97.05153,33.39715],[-97.05174,33.39767],[-97.05313,33.39825],[-97.05255,33.39924],[-97.05271,33.39955],[-97.05376,33.399],[-97.05393,33.40025],[-97.05503,33.39943],[-97.05558,33.40001],[-97.05725,33.3996],[-97.0574,33.39975],[-97.05698,33.40014],[-97.05733,33.4003],[-97.05705,33.40067],[-97.05818,33.40137],[-97.05638,33.40115],[-97.05567,33.40141],[-97.05537,33.40186],[-97.05594,33.40264],[-97.05484,33.40302],[-97.05454,33.4037],[-97.05468,33.40432],[-97.05702,33.40435],[-97.05851,33.40371],[-97.05877,33.40422],[-97.06073,33.40519],[-97.06149,33.40499],[-97.06119,33.40554],[-97.0617,33.40646],[-97.06242,33.40674],[-97.06177,33.40702],[-97.05986,33.40585],[-97.05865,33.40556],[-97.05761,33.40586],[-97.05781,33.40708],[-97.05834,33.40778],[-97.05776,33.40753],[-97.0573,33.40772],[-97.05658,33.40687],[-97.05561,33.40715],[-97.05592,33.4083],[-97.05573,33.40923],[-97.05674,33.4099],[-97.05568,33.41077],[-97.05581,33.41133],[-97.05643,33.41183],[-97.05759,33.41161],[-97.05807,33.4123],[-97.0575,33.4123],[-97.05662,33.41311],[-97.05668,33.41376],[-97.05748,33.41456],[-97.05681,33.41643],[-97.0574,33.4166],[-97.05725,33.41694],[-97.05776,33.41736],[-97.05781,33.41841],[-97.05829,33.41882],[-97.05787,33.42113],[-97.05839,33.42164],[-97.05933,33.42112],[-97.05938,33.42154],[-97.05896,33.42144],[-97.05814,33.42192],[-97.05801,33.42222],[-97.05835,33.42231],[-97.0577,33.42309],[-97.05725,33.42294],[-97.05603,33.42071],[-97.05603,33.42013],[-97.0552,33.42002],[-97.05567,33.41896],[-97.05503,33.41799],[-97.05394,33.41685],[-97.05307,33.4174],[-97.05369,33.41602],[-97.05283,33.41593],[-97.05355,33.41496],[-97.05293,33.41467],[-97.05299,33.41373],[-97.05237,33.41342],[-97.05161,33.41194],[-97.05048,33.4116],[-97.04978,33.41203],[-97.04977,33.41234],[-97.04867,33.41236],[-97.04933,33.41145],[-97.04921,33.41072],[-97.0504,33.41027],[-97.05071,33.40939],[-97.04995,33.40826],[-97.04966,33.40682],[-97.04835,33.40674],[-97.04903,33.40631],[-97.0492,33.40529],[-97.0479,33.40471],[-97.04614,33.40614],[-97.04412,33.40676],[-97.04362,33.40821],[-97.04377,33.40893],[-97.04516,33.40931],[-97.04543,33.41022],[-97.04453,33.41115],[-97.04396,33.41106],[-97.04411,33.41248],[-97.04375,33.41296],[-97.04276,33.41316],[-97.04244,33.41233],[-97.04205,33.41234],[-97.04229,33.41322],[-97.04009,33.41577],[-97.03993,33.41484],[-97.03931,33.41403],[-97.03893,33.41384],[-97.03837,33.41435],[-97.03841,33.41521],[-97.03884,33.41585],[-97.03997,33.41573],[-97.03998,33.41614],[-97.03967,33.41613],[-97.03996,33.4163],[-97.03985,33.417],[-97.04024,33.41796],[-97.03996,33.41851],[-97.03712,33.41941],[-97.03645,33.42043],[-97.03675,33.42224],[-97.03703,33.42268],[-97.03826,33.42314],[-97.03896,33.42454],[-97.03879,33.42567],[-97.03829,33.42557],[-97.0382,33.42649],[-97.03733,33.42655],[-97.03665,33.42745],[-97.03592,33.42779],[-97.03347,33.42736],[-97.03196,33.42666],[-97.03122,33.42925],[-97.03256,33.43203],[-97.0326,33.43296],[-97.03381,33.43345],[-97.03424,33.43419],[-97.03536,33.43393],[-97.03509,33.43476],[-97.03582,33.43501],[-97.03734,33.43442],[-97.03713,33.43502],[-97.03748,33.43546],[-97.03829,33.43527],[-97.03859,33.43557],[-97.03878,33.43527],[-97.03866,33.43597],[-97.04012,33.43616],[-97.0415,33.43823],[-97.04222,33.4379],[-97.04335,33.43799],[-97.04196,33.43854],[-97.04192,33.43916],[-97.0424,33.43971],[-97.04183,33.43949],[-97.04154,33.43971],[-97.04154,33.43922],[-97.04112,33.43949],[-97.0415,33.4389],[-97.04098,33.43871],[-97.0398,33.43735],[-97.03887,33.43723],[-97.03888,33.43757],[-97.03855,33.43758],[-97.03848,33.43718],[-97.03779,33.43668],[-97.03709,33.43667],[-97.03683,33.43807],[-97.03673,33.43666],[-97.03631,33.43672],[-97.03609,33.43735],[-97.03556,33.43677],[-97.03507,33.43727],[-97.03358,33.43773],[-97.03324,33.43736],[-97.03176,33.4374],[-97.0317,33.43679],[-97.03081,33.43703],[-97.03048,33.4374],[-97.03084,33.43746],[-97.03095,33.43785],[-97.03096,33.43979],[-97.03208,33.44035],[-97.03128,33.44095],[-97.03173,33.44139],[-97.03145,33.44171],[-97.03021,33.44183],[-97.02981,33.44145],[-97.0294,33.44168],[-97.02907,33.44116],[-97.02865,33.44156],[-97.02865,33.44206],[-97.0282,33.44225],[-97.02806,33.44296],[-97.02817,33.44383],[-97.02892,33.44483],[-97.03008,33.44542],[-97.02946,33.44558],[-97.02935,33.44627],[-97.03076,33.44745],[-97.03017,33.44727],[-97.03013,33.4475],[-97.02952,33.44667],[-97.02896,33.44671],[-97.02923,33.44756],[-97.02895,33.44762],[-97.02883,33.44959],[-97.02854,33.44976],[-97.02978,33.45063],[-97.02924,33.45179],[-97.02888,33.45151],[-97.02887,33.45076],[-97.02867,33.45108],[-97.02806,33.45109],[-97.02761,33.45023],[-97.02779,33.45006],[-97.02729,33.44999],[-97.02827,33.44997],[-97.02834,33.4496],[-97.02686,33.44951],[-97.02742,33.44841],[-97.02712,33.44773],[-97.02746,33.4468],[-97.02718,33.44567],[-97.02657,33.44531],[-97.02594,33.44647],[-97.0253,33.44617],[-97.02473,33.44633],[-97.02567,33.44568],[-97.02524,33.4454],[-97.02518,33.44398],[-97.02435,33.44313],[-97.02396,33.44219],[-97.02429,33.44118],[-97.02377,33.44087],[-97.02396,33.44009],[-97.02361,33.43783],[-97.02156,33.436],[-97.02049,33.43602],[-97.02015,33.43711],[-97.01873,33.43811],[-97.01854,33.439],[-97.01884,33.4412],[-97.01836,33.44207],[-97.01694,33.44234],[-97.01621,33.44216],[-97.0155,33.44267],[-97.01355,33.4422],[-97.0133,33.44249],[-97.01344,33.44174],[-97.01304,33.44161],[-97.0127,33.44206],[-97.01057,33.44188],[-97.0091,33.44249],[-97.00738,33.44415],[-97.00738,33.44491],[-97.00872,33.44547],[-97.00913,33.44623],[-97.00795,33.4461],[-97.00627,33.44755],[-97.00509,33.45106],[-97.00562,33.45072],[-97.00554,33.44999],[-97.00657,33.44997],[-97.00772,33.4505],[-97.00816,33.4503],[-97.00815,33.45084],[-97.00777,33.45119],[-97.00854,33.45141],[-97.00851,33.45178],[-97.00885,33.45196],[-97.00807,33.45186],[-97.00784,33.45244],[-97.00644,33.45184],[-97.00663,33.4523],[-97.0064,33.45262],[-97.00811,33.45337],[-97.00919,33.45322],[-97.00924,33.45358],[-97.00815,33.45426],[-97.00798,33.4545],[-97.00829,33.45465],[-97.00695,33.45385],[-97.00632,33.45395],[-97.00516,33.45353],[-97.00584,33.45441],[-97.00672,33.45462],[-97.00656,33.45546],[-97.00707,33.45596],[-97.00917,33.45608],[-97.00864,33.45665],[-97.00868,33.45712],[-97.01025,33.45807],[-97.01003,33.45865],[-97.01034,33.45919],[-97.01069,33.45913],[-97.01008,33.45934],[-97.00937,33.45835],[-97.00703,33.4574],[-97.00719,33.45785],[-97.00657,33.45857],[-97.00764,33.45905],[-97.00748,33.45932],[-97.00652,33.45932],[-97.00623,33.46038],[-97.00718,33.46158],[-97.00589,33.46096],[-97.00569,33.46166],[-97.00638,33.46233],[-97.00554,33.46226],[-97.00525,33.46369],[-97.00594,33.46397],[-97.00551,33.46442],[-97.0058,33.46514],[-97.00608,33.46532],[-97.00691,33.46505],[-97.0066,33.46577],[-97.00682,33.46614],[-97.00789,33.46598],[-97.00733,33.46643],[-97.0097,33.46884],[-97.01031,33.47002],[-97.01172,33.4697],[-97.01053,33.47077],[-97.0104,33.4716],[-97.0122,33.47342],[-97.01396,33.47389],[-97.01514,33.47475],[-97.01515,33.47658],[-97.01551,33.47779],[-97.01531,33.47875],[-97.0144,33.47909],[-97.01374,33.47968],[-97.01366,33.48014],[-97.01262,33.481],[-97.01144,33.48109],[-97.01112,33.48145],[-97.01122,33.48265],[-97.01171,33.48153],[-97.01302,33.48164],[-97.01255,33.48204],[-97.01238,33.48172],[-97.0108,33.48385],[-97.0099,33.48374],[-97.01017,33.48228],[-97.01076,33.48126],[-97.01053,33.48102],[-97.01197,33.47752],[-97.01164,33.47525],[-97.01007,33.47386],[-97.0088,33.47398],[-97.00722,33.47314],[-97.0079,33.47163],[-97.00783,33.47103],[-97.00737,33.47084],[-97.00769,33.47008],[-97.00703,33.47009],[-97.00663,33.46887],[-97.00602,33.46864],[-97.00569,33.46755],[-97.00477,33.46748],[-97.00513,33.46678],[-97.0042,33.46564],[-97.00386,33.46593],[-97.00315,33.46557],[-97.00294,33.46372],[-97.00199,33.46403],[-97.00069,33.46535],[-96.9999,33.46553],[-96.99929,33.46536],[-96.99966,33.46475],[-96.99835,33.46449],[-96.99925,33.46445],[-96.99938,33.46378],[-96.99955,33.46405],[-97.00045,33.46389],[-97.00156,33.46267],[-97.00222,33.46242],[-97.00174,33.46113],[-97.00174,33.45988],[-97.00086,33.45956],[-97.00075,33.45917],[-97.0021,33.45893],[-97.00189,33.45799],[-97.00247,33.4579],[-97.00135,33.45704],[-97.00166,33.45672],[-97.00129,33.45623],[-97.00102,33.45392],[-97.00053,33.45364],[-96.99818,33.454],[-96.99761,33.45368],[-96.99779,33.45284],[-96.99719,33.45301],[-96.9971,33.45237],[-96.99661,33.45235],[-96.99612,33.45178],[-96.99604,33.45234],[-96.99575,33.45201],[-96.99821,33.45103],[-97.00033,33.44923],[-97.00072,33.44783],[-97.00048,33.44671],[-96.99778,33.44557],[-96.9975,33.44578],[-96.99629,33.44547],[-96.99497,33.44694],[-96.99456,33.44676],[-96.99483,33.44714],[-96.9946,33.44737],[-96.99296,33.44601],[-96.99277,33.44512],[-96.99219,33.44501],[-96.99187,33.44514],[-96.99138,33.44637],[-96.99054,33.44711],[-96.98728,33.44702],[-96.98594,33.44777],[-96.98626,33.44888],[-96.98603,33.44933],[-96.9856,33.44934],[-96.98461,33.44841],[-96.98376,33.44837],[-96.98266,33.44882],[-96.98233,33.44941],[-96.98309,33.45084],[-96.98397,33.45101],[-96.98223,33.4518],[-96.98182,33.45256],[-96.98413,33.45356],[-96.98411,33.45402],[-96.98504,33.45534],[-96.98393,33.45605],[-96.98377,33.45681],[-96.98503,33.45734],[-96.98523,33.4578],[-96.9858,33.45777],[-96.98654,33.45824],[-96.98628,33.45834],[-96.98637,33.45866],[-96.98562,33.45852],[-96.98516,33.45883],[-96.98365,33.45787],[-96.98281,33.4585],[-96.98284,33.45905],[-96.98141,33.45896],[-96.98101,33.45833],[-96.98032,33.45883],[-96.9798,33.45834],[-96.97942,33.45882],[-96.97954,33.45926],[-96.97837,33.45917],[-96.97933,33.46042],[-96.98107,33.46048],[-96.98089,33.46127],[-96.97989,33.46203],[-96.98053,33.46309],[-96.98165,33.46363],[-96.98265,33.46364],[-96.98237,33.46417],[-96.983,33.46477],[-96.98347,33.46446],[-96.98388,33.46469],[-96.98367,33.46526],[-96.98519,33.46618],[-96.98351,33.46589],[-96.98241,33.46645],[-96.98313,33.46729],[-96.98387,33.469],[-96.98339,33.46967],[-96.98376,33.47032],[-96.98366,33.47085],[-96.98232,33.47199],[-96.98084,33.47183],[-96.98047,33.47225],[-96.98171,33.473],[-96.98225,33.47235],[-96.98343,33.47216],[-96.98502,33.47301],[-96.9855,33.47404],[-96.9868,33.47383],[-96.98684,33.47478],[-96.98563,33.47503],[-96.98549,33.47412],[-96.98537,33.47517],[-96.98476,33.47536],[-96.98564,33.4768],[-96.9856,33.47747],[-96.98514,33.47778],[-96.98536,33.47859],[-96.98489,33.47874],[-96.98416,33.47974],[-96.9833,33.47935],[-96.98301,33.48035],[-96.98354,33.48088],[-96.98243,33.4816],[-96.98328,33.48164],[-96.98482,33.48279],[-96.98728,33.48153],[-96.98683,33.48173],[-96.98623,33.4832],[-96.98585,33.4833],[-96.98676,33.48438],[-96.9868,33.48509],[-96.98895,33.48555],[-96.99162,33.487],[-96.99065,33.48696],[-96.99054,33.48732],[-96.9889,33.48773],[-96.98867,33.48863],[-96.98925,33.49047],[-96.98991,33.49091],[-96.99161,33.49116],[-96.99237,33.49065],[-96.99291,33.49081],[-96.99286,33.49177],[-96.99349,33.4939],[-96.99545,33.49508],[-96.99557,33.49623],[-96.99489,33.49646],[-96.99529,33.49693],[-96.99507,33.49766],[-96.99553,33.49773],[-96.99472,33.49899],[-96.99516,33.49919],[-96.99435,33.49965],[-96.99421,33.50103],[-96.9936,33.50048],[-96.9933,33.5008],[-96.99367,33.50529],[-96.99341,33.50533],[-96.99266,33.50127],[-96.99183,33.50054],[-96.9918,33.4999],[-96.99082,33.50004],[-96.99126,33.49967],[-96.99124,33.49754],[-96.99156,33.49721],[-96.99145,33.49473],[-96.99093,33.49403],[-96.99104,33.49367],[-96.98978,33.49256],[-96.98813,33.49217],[-96.9877,33.49146],[-96.98637,33.49076],[-96.98585,33.49129],[-96.98681,33.49342],[-96.98687,33.49432],[-96.98605,33.49573],[-96.98533,33.49591],[-96.98441,33.49485],[-96.98454,33.49445],[-96.98504,33.49433],[-96.98481,33.49413],[-96.98497,33.49385],[-96.98301,33.49206],[-96.9828,33.49045],[-96.98302,33.48912],[-96.98272,33.48872],[-96.98327,33.48808],[-96.98436,33.48783],[-96.98398,33.4866],[-96.98422,33.48587],[-96.98369,33.48493],[-96.98302,33.48457],[-96.9829,33.48399],[-96.9824,33.48391],[-96.98077,33.4822],[-96.98182,33.48197],[-96.98185,33.4816],[-96.98082,33.48176],[-96.98071,33.48142],[-96.97942,33.48124],[-96.97968,33.48058],[-96.98031,33.48042],[-96.97954,33.47995],[-96.97968,33.47922],[-96.98066,33.47892],[-96.98118,33.47821],[-96.98082,33.4776],[-96.97969,33.4772],[-96.9788,33.4777],[-96.97827,33.47703],[-96.97779,33.4771],[-96.97764,33.47929],[-96.97818,33.47998],[-96.97781,33.48042],[-96.97858,33.48098],[-96.97753,33.48092],[-96.97821,33.48281],[-96.97787,33.48302],[-96.97666,33.48183],[-96.97549,33.48146],[-96.97547,33.48107],[-96.97358,33.48096],[-96.97293,33.48057],[-96.97322,33.48032],[-96.97311,33.47966],[-96.9745,33.47966],[-96.97515,33.47998],[-96.97593,33.47935],[-96.97603,33.47799],[-96.97562,33.47764],[-96.97586,33.47623],[-96.97543,33.47576],[-96.97546,33.47546],[-96.97604,33.47523],[-96.97523,33.47487],[-96.9745,33.47315],[-96.97691,33.47269],[-96.97719,33.47215],[-96.97713,33.47189],[-96.97605,33.47164],[-96.97332,33.47165],[-96.97436,33.47093],[-96.97383,33.47039],[-96.97389,33.46962],[-96.97223,33.46969],[-96.97191,33.46937],[-96.97277,33.46886],[-96.97422,33.46889],[-96.97488,33.46931],[-96.97505,33.47033],[-96.97626,33.47077],[-96.97692,33.47059],[-96.97676,33.4698],[-96.97719,33.46964],[-96.97834,33.4705],[-96.97868,33.46906],[-96.97805,33.4682],[-96.97815,33.46712],[-96.97722,33.46702],[-96.97792,33.46629],[-96.9779,33.4659],[-96.97757,33.4655],[-96.97581,33.46518],[-96.97744,33.46481],[-96.97636,33.46216],[-96.97589,33.46163],[-96.97483,33.46222],[-96.97362,33.46221],[-96.97501,33.46098],[-96.97526,33.46023],[-96.97472,33.4594],[-96.97337,33.4585],[-96.97332,33.45784],[-96.97381,33.45695],[-96.9747,33.45688],[-96.97527,33.45636],[-96.97523,33.45587],[-96.97574,33.45541],[-96.97533,33.45465],[-96.97489,33.45516],[-96.97476,33.45625],[-96.97403,33.45632],[-96.97316,33.45723],[-96.97116,33.4579],[-96.97181,33.45733],[-96.9723,33.45748],[-96.97186,33.45693],[-96.97119,33.45685],[-96.9719,33.45681],[-96.97247,33.45633],[-96.97272,33.45528],[-96.97242,33.45511],[-96.97165,33.45593],[-96.97117,33.45545],[-96.97153,33.45398],[-96.97016,33.45445],[-96.96989,33.45404],[-96.97047,33.45322],[-96.97023,33.4525],[-96.97086,33.45243],[-96.97169,33.45175],[-96.97186,33.45055],[-96.97163,33.45045],[-96.97213,33.45005],[-96.97197,33.44893],[-96.97317,33.44795],[-96.97284,33.4477],[-96.97379,33.44629],[-96.97377,33.44583],[-96.97408,33.44561],[-96.97477,33.44578],[-96.97513,33.44485],[-96.97454,33.44519],[-96.9732,33.44471],[-96.97212,33.44476],[-96.9713,33.44398],[-96.97167,33.44364],[-96.96937,33.44331],[-96.96932,33.44379],[-96.96972,33.44398],[-96.97055,33.44578],[-96.97017,33.44663],[-96.96711,33.44366],[-96.96627,33.44422],[-96.96622,33.44489],[-96.96586,33.44498],[-96.96475,33.44677],[-96.96441,33.44619],[-96.96338,33.44634],[-96.96393,33.44745],[-96.96441,33.44751],[-96.9645,33.44802],[-96.96486,33.4479],[-96.96551,33.44921],[-96.96483,33.45078],[-96.9643,33.45006],[-96.9639,33.45041],[-96.96396,33.45076],[-96.96367,33.45038],[-96.96332,33.45048],[-96.96315,33.45002],[-96.96219,33.44994],[-96.96237,33.45067],[-96.96178,33.45116],[-96.96203,33.45154],[-96.96167,33.45238],[-96.96074,33.45232],[-96.96035,33.45186],[-96.96042,33.45141],[-96.95967,33.45184],[-96.95866,33.45177],[-96.95868,33.45244],[-96.95743,33.45223],[-96.95705,33.45179],[-96.95628,33.45216],[-96.95633,33.45252],[-96.95716,33.45293],[-96.95606,33.45393],[-96.95684,33.45504],[-96.95587,33.45516],[-96.95583,33.45566],[-96.95501,33.45591],[-96.95578,33.45645],[-96.95526,33.45655],[-96.9558,33.45688],[-96.95577,33.45765],[-96.95623,33.45771],[-96.95641,33.45814],[-96.95682,33.45809],[-96.95694,33.45913],[-96.956,33.45968],[-96.95648,33.46043],[-96.95602,33.46107],[-96.95674,33.46142],[-96.95743,33.46063],[-96.95764,33.46073],[-96.95747,33.46119],[-96.95804,33.46152],[-96.95769,33.46266],[-96.95798,33.46356],[-96.95762,33.46395],[-96.95574,33.4629],[-96.95242,33.46513],[-96.95322,33.46629],[-96.95377,33.46607],[-96.95404,33.46631],[-96.95469,33.46563],[-96.95501,33.46705],[-96.95635,33.46747],[-96.95527,33.46797],[-96.95479,33.46788],[-96.95429,33.46831],[-96.95365,33.46767],[-96.95252,33.46915],[-96.9524,33.47107],[-96.95308,33.47125],[-96.95358,33.47237],[-96.9542,33.47269],[-96.95479,33.47217],[-96.9555,33.47207],[-96.95467,33.47308],[-96.95483,33.47336],[-96.95461,33.47346],[-96.95496,33.4736],[-96.95358,33.47381],[-96.95327,33.47347],[-96.95296,33.47392],[-96.95328,33.47436],[-96.95294,33.47469],[-96.95325,33.47542],[-96.95382,33.47537],[-96.95447,33.47591],[-96.95355,33.47612],[-96.95383,33.47673],[-96.95357,33.47669],[-96.95329,33.47804],[-96.95256,33.47633],[-96.95144,33.47533],[-96.95167,33.47505],[-96.95073,33.47358],[-96.95015,33.47449],[-96.94954,33.47434],[-96.94908,33.47462],[-96.94965,33.47551],[-96.95012,33.47554],[-96.95037,33.47624],[-96.9499,33.4763],[-96.94963,33.47705],[-96.94944,33.47676],[-96.949,33.477],[-96.94848,33.47802],[-96.94742,33.47848],[-96.94744,33.47945],[-96.94805,33.47987],[-96.94906,33.47988],[-96.94968,33.4793],[-96.95009,33.48004],[-96.95087,33.48013],[-96.95086,33.48123],[-96.95176,33.48165],[-96.95198,33.48254],[-96.95269,33.48252],[-96.95402,33.48329],[-96.95272,33.4838],[-96.95272,33.48443],[-96.95165,33.48575],[-96.94902,33.48512],[-96.94859,33.4853],[-96.95134,33.48633],[-96.95067,33.48772],[-96.95078,33.48871],[-96.95127,33.48918],[-96.95159,33.49026],[-96.95141,33.49098],[-96.95183,33.49164],[-96.95249,33.49182],[-96.95239,33.49228],[-96.95285,33.49323],[-96.95238,33.49354],[-96.95072,33.49298],[-96.95009,33.49182],[-96.94816,33.48964],[-96.94805,33.49012],[-96.94706,33.49072],[-96.94685,33.49121],[-96.94675,33.49298],[-96.94791,33.49463],[-96.94743,33.49613],[-96.94654,33.49578],[-96.94568,33.49493],[-96.94357,33.49532],[-96.94371,33.49753],[-96.94337,33.49832],[-96.94307,33.49838],[-96.94242,33.49812],[-96.94168,33.49625],[-96.94095,33.49587],[-96.94162,33.49544],[-96.94208,33.49459],[-96.94439,33.49219],[-96.94443,33.49139],[-96.94389,33.4903],[-96.94346,33.49048],[-96.94285,33.49018],[-96.94183,33.49121],[-96.94222,33.49215],[-96.94198,33.49227],[-96.94233,33.49242],[-96.94189,33.49238],[-96.9422,33.49281],[-96.94095,33.49449],[-96.93967,33.49503],[-96.93926,33.49484],[-96.93885,33.49526],[-96.93736,33.4948],[-96.93658,33.49569],[-96.93585,33.49555],[-96.93402,33.49599],[-96.93292,33.49675],[-96.93306,33.49743],[-96.93219,33.49734],[-96.93138,33.49776],[-96.93059,33.49761],[-96.93047,33.49838],[-96.93091,33.49863],[-96.93116,33.49842],[-96.93132,33.49963],[-96.92965,33.49963],[-96.93029,33.50119],[-96.93075,33.50152],[-96.93031,33.50179],[-96.93068,33.5022],[-96.93025,33.5028],[-96.92926,33.5032],[-96.92949,33.50343],[-96.92874,33.5037],[-96.92837,33.50503],[-96.92856,33.50577],[-96.92903,33.506],[-96.92648,33.50581],[-96.92624,33.50693],[-96.92767,33.50773],[-96.92628,33.50796],[-96.92575,33.50936],[-96.92447,33.50994],[-96.92137,33.51013],[-96.92088,33.51051],[-96.921,33.51202],[-96.91972,33.51496],[-96.92132,33.5162],[-96.92254,33.51789],[-96.92335,33.5183],[-96.92321,33.51936],[-96.92216,33.52163],[-96.92219,33.52404],[-96.92179,33.52396],[-96.9212,33.52302],[-96.91995,33.52283],[-96.91996,33.51954],[-96.91948,33.51856],[-96.91804,33.51745],[-96.91766,33.51653],[-96.91674,33.51557],[-96.9165,33.51421],[-96.91715,33.51328],[-96.91721,33.51191],[-96.91508,33.51028],[-96.91443,33.51037],[-96.91475,33.50558],[-96.91424,33.50562],[-96.91448,33.5057],[-96.91387,33.51061],[-96.91346,33.51085],[-96.91262,33.51011],[-96.91065,33.51014],[-96.90952,33.51097],[-96.90919,33.51162],[-96.90953,33.51212],[-96.90932,33.51247],[-96.90892,33.51184],[-96.90866,33.5124],[-96.90822,33.51242],[-96.90916,33.51117],[-96.90883,33.51116],[-96.90918,33.51021],[-96.90873,33.50956],[-96.90833,33.50943],[-96.90845,33.50993],[-96.90791,33.5112],[-96.9079,33.5052],[-96.90702,33.5053],[-96.90746,33.50537],[-96.90748,33.50581],[-96.9066,33.50662],[-96.90517,33.50719],[-96.90462,33.50683],[-96.90357,33.50723],[-96.90067,33.50985],[-96.89895,33.50933],[-96.89858,33.50881],[-96.89771,33.50949],[-96.89563,33.50968],[-96.89514,33.50998],[-96.89264,33.50984],[-96.89122,33.50886],[-96.89052,33.50879],[-96.88947,33.50947],[-96.88873,33.50942],[-96.88821,33.50861],[-96.8884,33.50764],[-96.88768,33.50789],[-96.88727,33.50769],[-96.88761,33.50721],[-96.88732,33.50692],[-96.88828,33.50662],[-96.8881,33.50504],[-96.88846,33.50558],[-96.88991,33.50513],[-96.89024,33.50478],[-96.89003,33.50406],[-96.89293,33.50613],[-96.89452,33.5063],[-96.89654,33.50482],[-96.89745,33.50465],[-96.89835,33.50341],[-96.89852,33.50256],[-96.90113,33.50326],[-96.90285,33.50298],[-96.90592,33.50181],[-96.90709,33.50203],[-96.90708,33.5017],[-96.90768,33.50163],[-96.90757,33.50419],[-96.90731,33.50431],[-96.90792,33.50445],[-96.90826,33.50131],[-96.91118,33.50019],[-96.91309,33.50009],[-96.91421,33.5013],[-96.91489,33.50252],[-96.91458,33.50473],[-96.91432,33.50477],[-96.91526,33.50516],[-96.91541,33.50319],[-96.9166,33.50372],[-96.91759,33.5036],[-96.91801,33.50324],[-96.91771,33.50155],[-96.9198,33.49938],[-96.91977,33.49895],[-96.92196,33.49839],[-96.92245,33.49852],[-96.92314,33.49944],[-96.92448,33.49994],[-96.92546,33.49998],[-96.9262,33.49943],[-96.92515,33.49803],[-96.92603,33.49575],[-96.9251,33.49577],[-96.9253,33.49536],[-96.92505,33.49522],[-96.92557,33.49506],[-96.92566,33.49467],[-96.92517,33.49217],[-96.92561,33.49172],[-96.92483,33.49186],[-96.92391,33.49136],[-96.92255,33.49119],[-96.92241,33.48995],[-96.92367,33.49039],[-96.92544,33.48976],[-96.92672,33.48753],[-96.92752,33.48699],[-96.92896,33.4848],[-96.92942,33.48481],[-96.92979,33.48588],[-96.93026,33.48633],[-96.93271,33.48688],[-96.9333,33.48738],[-96.93386,33.4872],[-96.93381,33.48648],[-96.9343,33.48643],[-96.93423,33.4868],[-96.93503,33.487],[-96.93504,33.48766],[-96.93576,33.48775],[-96.9365,33.48728],[-96.93617,33.48636],[-96.93558,33.48614],[-96.93601,33.48597],[-96.93598,33.48533],[-96.93673,33.48638],[-96.93754,33.48663],[-96.93808,33.48566],[-96.93936,33.48506],[-96.93947,33.48365],[-96.94002,33.48413],[-96.94111,33.48364],[-96.94351,33.48468],[-96.94431,33.48415],[-96.94354,33.48324],[-96.94088,33.48237],[-96.93998,33.48095],[-96.9398,33.47936],[-96.94099,33.47796],[-96.94025,33.47772],[-96.93948,33.4786],[-96.93865,33.47766],[-96.93868,33.4772],[-96.93746,33.47727],[-96.9376,33.47657],[-96.93697,33.47626],[-96.93653,33.47445],[-96.93518,33.47526],[-96.93503,33.47614],[-96.93448,33.47616],[-96.93444,33.47536],[-96.9341,33.47523],[-96.9345,33.47465],[-96.93421,33.47416],[-96.93506,33.47366],[-96.93551,33.47219],[-96.93644,33.47282],[-96.93768,33.47158],[-96.93926,33.47151],[-96.93936,33.47026],[-96.94054,33.4709],[-96.94164,33.47103],[-96.94229,33.47066],[-96.9427,33.47109],[-96.94379,33.47034],[-96.94503,33.47047],[-96.94452,33.46971],[-96.94522,33.46952],[-96.94521,33.46901],[-96.94566,33.46885],[-96.94588,33.46823],[-96.94647,33.46868],[-96.94683,33.4686],[-96.94639,33.46732],[-96.94481,33.46829],[-96.94307,33.46837],[-96.94228,33.46793],[-96.94433,33.46661],[-96.94315,33.4662],[-96.93968,33.46323],[-96.94004,33.46228],[-96.93951,33.46129],[-96.94086,33.46025],[-96.94134,33.4606],[-96.94191,33.45942],[-96.94354,33.45921],[-96.94341,33.45815],[-96.94253,33.45773],[-96.94264,33.45679],[-96.94311,33.45644],[-96.94238,33.45417],[-96.94294,33.45305],[-96.94349,33.4528],[-96.94568,33.45295],[-96.94595,33.45178],[-96.94499,33.45142],[-96.94483,33.45071],[-96.94645,33.44982],[-96.94757,33.4499],[-96.94804,33.4486],[-96.94862,33.44819],[-96.94975,33.44841],[-96.94961,33.44734],[-96.94847,33.44695],[-96.94875,33.44641],[-96.94819,33.44596],[-96.94725,33.44597],[-96.94582,33.44746],[-96.94629,33.4484],[-96.94576,33.44935],[-96.94247,33.45095],[-96.94199,33.45028],[-96.94133,33.45022],[-96.93995,33.452],[-96.94089,33.45248],[-96.94152,33.4538],[-96.94132,33.45442],[-96.94086,33.45464],[-96.94084,33.45402],[-96.94036,33.45362],[-96.93899,33.4536],[-96.93916,33.45465],[-96.93875,33.456],[-96.93948,33.45653],[-96.93833,33.45636],[-96.93759,33.45692],[-96.93765,33.45786],[-96.93707,33.45892],[-96.93782,33.46019],[-96.93683,33.46154],[-96.93706,33.46005],[-96.93666,33.45953],[-96.93614,33.45946],[-96.93595,33.459],[-96.93631,33.45846],[-96.93557,33.45799],[-96.9357,33.45685],[-96.93525,33.4566],[-96.93416,33.4569],[-96.93314,33.45771],[-96.93184,33.45798],[-96.93125,33.45833],[-96.93131,33.45863],[-96.93078,33.45808],[-96.92967,33.45825],[-96.92926,33.45799],[-96.92945,33.45835],[-96.929,33.45824],[-96.92861,33.45876],[-96.92769,33.45867],[-96.92698,33.45937],[-96.9263,33.4616],[-96.92646,33.46223],[-96.92555,33.46185],[-96.92555,33.46255],[-96.92515,33.46217],[-96.92604,33.46108],[-96.92581,33.46016],[-96.92616,33.45897],[-96.92584,33.45859],[-96.92649,33.45794],[-96.92577,33.45847],[-96.92471,33.45777],[-96.92354,33.45783],[-96.92244,33.45747],[-96.92291,33.45727],[-96.92351,33.45756],[-96.92449,33.4571],[-96.92541,33.45749],[-96.92682,33.45755],[-96.92672,33.45781],[-96.92711,33.45769],[-96.92863,33.45622],[-96.93154,33.45553],[-96.93302,33.45441],[-96.93502,33.45389],[-96.93629,33.4531],[-96.93643,33.4527],[-96.93518,33.45227],[-96.9346,33.45326],[-96.93428,33.45332],[-96.93319,33.45275],[-96.9333,33.45226],[-96.93261,33.45272],[-96.93325,33.452],[-96.93229,33.45205],[-96.93195,33.45311],[-96.9314,33.45366],[-96.93001,33.45434],[-96.92862,33.4544],[-96.92856,33.45402],[-96.92904,33.4534],[-96.92875,33.45255],[-96.92656,33.45239],[-96.92577,33.45105],[-96.92451,33.45122],[-96.92451,33.45016],[-96.92593,33.44746],[-96.92457,33.44936],[-96.92413,33.44859],[-96.92357,33.44846],[-96.92267,33.45011],[-96.92381,33.4473],[-96.92337,33.44717],[-96.92203,33.45055],[-96.92135,33.45039],[-96.92129,33.45009],[-96.91965,33.45057],[-96.91922,33.45166],[-96.91836,33.4523],[-96.91828,33.45272],[-96.91802,33.45215],[-96.91701,33.4514],[-96.91628,33.45226],[-96.91585,33.45177],[-96.91536,33.44988],[-96.914,33.45031],[-96.91255,33.45015],[-96.91173,33.45047],[-96.91071,33.45192],[-96.9087,33.45373],[-96.90865,33.4524],[-96.90928,33.45126],[-96.90728,33.45207],[-96.90657,33.45188],[-96.90492,33.45222],[-96.90423,33.45291],[-96.90424,33.45336],[-96.90316,33.45181],[-96.90269,33.45159],[-96.90193,33.45265],[-96.90116,33.45315],[-96.90082,33.45444],[-96.90101,33.45496],[-96.90242,33.4561],[-96.90237,33.45654],[-96.90131,33.4556],[-96.90049,33.45571],[-96.89972,33.4548],[-96.89922,33.45468],[-96.89805,33.45575],[-96.89595,33.45597],[-96.89554,33.45642],[-96.89465,33.45569],[-96.89356,33.45608],[-96.89307,33.45592],[-96.89383,33.45566],[-96.8939,33.45529],[-96.89292,33.45484],[-96.89449,33.45489],[-96.89604,33.4542],[-96.89695,33.45438],[-96.89728,33.45334],[-96.89821,33.4523],[-96.89824,33.4517],[-96.8968,33.45173],[-96.89664,33.45123],[-96.89604,33.45127],[-96.89669,33.44993],[-96.89674,33.44841],[-96.89639,33.44804],[-96.89499,33.448],[-96.89327,33.44875],[-96.8928,33.44805],[-96.89218,33.44821],[-96.89118,33.44749],[-96.89055,33.44769],[-96.88991,33.44692],[-96.88939,33.44679],[-96.88827,33.44676],[-96.88785,33.44707],[-96.88332,33.4468],[-96.88402,33.44634],[-96.88282,33.44668],[-96.88247,33.44586],[-96.88165,33.44537],[-96.88009,33.44558],[-96.87708,33.44469],[-96.87703,33.44414],[-96.87813,33.44406],[-96.8771,33.4432],[-96.87775,33.44316],[-96.87843,33.44234],[-96.8806,33.44142],[-96.8838,33.44263],[-96.88441,33.44214],[-96.88424,33.44127],[-96.88447,33.44104],[-96.88491,33.44108],[-96.88478,33.44131],[-96.88516,33.44174],[-96.885,33.44232],[-96.88563,33.44243],[-96.88766,33.4413],[-96.88803,33.44079],[-96.88914,33.44112],[-96.89084,33.44238],[-96.8931,33.44257],[-96.89384,33.44207],[-96.89395,33.44133],[-96.89434,33.44148],[-96.89426,33.44217],[-96.89464,33.4426],[-96.89578,33.44298],[-96.89602,33.44266],[-96.89625,33.44349],[-96.89704,33.44403],[-96.89934,33.44477],[-96.90019,33.44369],[-96.89996,33.44286],[-96.90058,33.44294],[-96.90066,33.44446],[-96.9012,33.44559],[-96.90087,33.44562],[-96.90103,33.44586],[-96.90078,33.44595],[-96.90037,33.4474],[-96.90084,33.44775],[-96.90327,33.44762],[-96.90412,33.44693],[-96.90519,33.44751],[-96.9062,33.44742],[-96.90662,33.44695],[-96.90618,33.44637],[-96.90684,33.44663],[-96.90799,33.4457],[-96.9066,33.44492],[-96.90929,33.44508],[-96.90919,33.44166],[-96.90856,33.441],[-96.90887,33.44057],[-96.90884,33.44098],[-96.90944,33.44134],[-96.90988,33.44063],[-96.91046,33.4404],[-96.91079,33.4394],[-96.91115,33.43931],[-96.91069,33.44057],[-96.91004,33.44093],[-96.90964,33.44173],[-96.91082,33.44384],[-96.91211,33.44285],[-96.91304,33.44288],[-96.91342,33.44504],[-96.91578,33.44449],[-96.91748,33.44535],[-96.9184,33.44534],[-96.92138,33.44335],[-96.92269,33.44195],[-96.92346,33.44335],[-96.92462,33.44407],[-96.92405,33.44566],[-96.92443,33.44568],[-96.92495,33.44454],[-96.92662,33.44592],[-96.92618,33.44701],[-96.92828,33.44462],[-96.92875,33.44476],[-96.9289,33.44524],[-96.93037,33.44662],[-96.93083,33.44817],[-96.93146,33.44855],[-96.93191,33.44849],[-96.9324,33.4475],[-96.93277,33.44777],[-96.9343,33.44766],[-96.93598,33.4485],[-96.9358,33.44779],[-96.93647,33.44796],[-96.93681,33.44763],[-96.93686,33.44707],[-96.93624,33.44683],[-96.93678,33.44614],[-96.93799,33.4458],[-96.93869,33.44608],[-96.93914,33.44576],[-96.93868,33.44532],[-96.93958,33.44481],[-96.93926,33.44336],[-96.94001,33.44427],[-96.941,33.44412],[-96.94107,33.44298],[-96.94151,33.44217],[-96.94198,33.44212],[-96.94267,33.44353],[-96.94337,33.44333],[-96.94433,33.44181],[-96.9453,33.4416],[-96.94572,33.44051],[-96.94425,33.44048],[-96.94286,33.44003],[-96.94271,33.44026],[-96.94129,33.43983],[-96.94212,33.43889],[-96.94058,33.43784],[-96.9397,33.43786],[-96.93845,33.4392],[-96.93792,33.43934],[-96.93822,33.43802],[-96.93668,33.43765],[-96.9367,33.43722],[-96.93616,33.43731],[-96.93577,33.43683],[-96.93477,33.43711],[-96.93514,33.43676],[-96.9355,33.43687],[-96.93348,33.4351],[-96.93348,33.4341],[-96.93449,33.43543],[-96.93528,33.43531],[-96.93541,33.43578],[-96.93612,33.43608],[-96.93702,33.43482],[-96.93704,33.43351],[-96.93737,33.43342],[-96.93718,33.43402],[-96.93753,33.43449],[-96.93716,33.43568],[-96.9375,33.43637],[-96.93683,33.43684],[-96.93693,33.43706],[-96.93901,33.43591],[-96.9398,33.43593],[-96.94022,33.43536],[-96.94049,33.43586],[-96.94232,33.43653],[-96.94275,33.43627],[-96.94282,33.4358],[-96.94345,33.43646],[-96.94412,33.43643],[-96.94472,33.43763],[-96.94524,33.43718],[-96.94609,33.43735],[-96.94592,33.43776],[-96.94615,33.43801],[-96.94636,33.43741],[-96.9456,33.43708],[-96.94584,33.43654],[-96.94693,33.43758],[-96.94807,33.43724],[-96.94705,33.43619],[-96.94792,33.43596],[-96.94779,33.4353],[-96.94834,33.43483],[-96.94833,33.43421],[-96.94914,33.43352],[-96.94894,33.43305],[-96.94931,33.43277],[-96.94963,33.43294],[-96.94905,33.43534],[-96.9502,33.43587],[-96.95002,33.43699],[-96.95041,33.43709],[-96.95091,33.43576],[-96.95094,33.43336],[-96.95135,33.43255],[-96.95244,33.43157],[-96.95235,33.43106],[-96.95323,33.43109],[-96.95339,33.43049],[-96.95289,33.43011],[-96.95319,33.42917],[-96.95325,33.4294],[-96.95386,33.42931],[-96.95354,33.42955],[-96.95384,33.43005],[-96.95445,33.42967],[-96.95559,33.43004],[-96.95556,33.43088],[-96.9569,33.42996],[-96.95713,33.43108],[-96.95786,33.43129],[-96.95823,33.43114],[-96.95854,33.42988],[-96.95955,33.42994],[-96.9613,33.42906],[-96.96293,33.42875],[-96.9627,33.42804],[-96.9639,33.42602],[-96.96284,33.42513],[-96.96368,33.42438],[-96.96343,33.4232],[-96.962,33.42284],[-96.96028,33.42288],[-96.96019,33.42324],[-96.95933,33.42295],[-96.95853,33.42325],[-96.9594,33.42269],[-96.96073,33.42264],[-96.9631,33.42049],[-96.96296,33.41978],[-96.96172,33.41882],[-96.96086,33.41878],[-96.95996,33.41944],[-96.9595,33.41938],[-96.96,33.41826],[-96.96159,33.41812],[-96.96226,33.41773],[-96.96204,33.41727],[-96.9629,33.41756],[-96.96317,33.41718],[-96.9626,33.41544],[-96.96125,33.41477],[-96.96047,33.41376],[-96.96078,33.41366],[-96.96161,33.41462],[-96.96264,33.41446],[-96.96308,33.41408],[-96.96326,33.41304],[-96.96216,33.41268],[-96.96132,33.41217],[-96.96153,33.41204],[-96.96249,33.41252],[-96.96365,33.41257],[-96.96359,33.41486],[-96.96419,33.41525],[-96.96487,33.41529],[-96.96565,33.41482],[-96.96623,33.41326],[-96.96647,33.41335],[-96.96623,33.41406],[-96.96677,33.41357],[-96.9665,33.41431],[-96.9668,33.4146],[-96.96642,33.4145],[-96.96665,33.41475],[-96.96615,33.41491],[-96.96558,33.41587],[-96.96506,33.41612],[-96.96505,33.4165],[-96.96554,33.41672],[-96.96505,33.41674],[-96.96516,33.41733],[-96.96454,33.41834],[-96.96486,33.41897],[-96.96593,33.4193],[-96.96614,33.42006],[-96.96661,33.42027],[-96.96559,33.4206],[-96.96528,33.42109],[-96.96565,33.42197],[-96.96657,33.42227],[-96.9662,33.4223],[-96.96588,33.42284],[-96.96603,33.42408],[-96.96722,33.42415],[-96.96782,33.42453],[-96.96799,33.42517],[-96.96772,33.42552],[-96.96868,33.42617],[-96.96968,33.42614],[-96.96984,33.42667],[-96.97076,33.42659],[-96.97258,33.42949],[-96.97326,33.43002],[-96.97488,33.43059],[-96.97526,33.43109],[-96.97697,33.43188],[-96.97819,33.43164],[-96.97864,33.43073],[-96.97917,33.43093],[-96.97904,33.43053],[-96.98005,33.42885],[-96.97904,33.42796],[-96.97869,33.42804],[-96.97868,33.42779],[-96.97742,33.42724],[-96.97798,33.4271],[-96.9779,33.42644],[-96.97703,33.42582],[-96.9772,33.42553],[-96.97656,33.42523],[-96.97667,33.42483],[-96.97622,33.42436],[-96.9766,33.42377],[-96.97752,33.42355],[-96.97803,33.42432],[-96.97938,33.42453],[-96.98011,33.42413],[-96.98054,33.42591],[-96.98113,33.42506],[-96.98197,33.42542],[-96.98222,33.42518],[-96.98252,33.42547],[-96.98222,33.42605],[-96.98243,33.42788],[-96.98266,33.42788],[-96.98351,33.42575],[-96.98354,33.42493],[-96.98281,33.42373],[-96.98288,33.42222],[-96.98259,33.42153],[-96.98103,33.42029],[-96.98122,33.41979],[-96.98228,33.42016],[-96.9824,33.42056],[-96.98322,33.41978],[-96.98371,33.42034],[-96.98404,33.42026],[-96.98362,33.41944],[-96.98379,33.41922],[-96.98575,33.41985],[-96.98592,33.42033],[-96.98682,33.42092],[-96.98701,33.4219],[-96.98665,33.42327],[-96.98747,33.42334],[-96.98825,33.42508],[-96.9888,33.42355],[-96.98874,33.42251],[-96.98921,33.42132],[-96.9884,33.41962],[-96.98646,33.41847],[-96.98458,33.41845],[-96.98258,33.41745],[-96.98308,33.41735],[-96.98325,33.41696],[-96.98299,33.41631],[-96.98257,33.41638],[-96.98245,33.416],[-96.9827,33.41627],[-96.98332,33.41606],[-96.98407,33.41631],[-96.98394,33.41576],[-96.98469,33.41466],[-96.9858,33.41439],[-96.98674,33.41455],[-96.98709,33.41405],[-96.98785,33.41441],[-96.98886,33.41408],[-96.98937,33.41477],[-96.9901,33.41472],[-96.99107,33.41538],[-96.99216,33.4172],[-96.99225,33.41823],[-96.99294,33.41849],[-96.99234,33.41763],[-96.99281,33.4162],[-96.99238,33.41526],[-96.99021,33.41283],[-96.9904,33.41203],[-96.9897,33.41272],[-96.98876,33.4117],[-96.98787,33.41135],[-96.98645,33.41164],[-96.98604,33.41214],[-96.98622,33.41111],[-96.98555,33.41017],[-96.98615,33.41012],[-96.9859,33.40974],[-96.98754,33.4099],[-96.98748,33.40925],[-96.98715,33.40906],[-96.98754,33.40815],[-96.98813,33.40842],[-96.98836,33.40899],[-96.98889,33.4088],[-96.99054,33.40936],[-96.99095,33.40894],[-96.99129,33.40916],[-96.9928,33.40879],[-96.99437,33.40897],[-96.99545,33.40835],[-96.99653,33.40848],[-96.99682,33.40874],[-96.99658,33.40932],[-96.99699,33.41014],[-96.99709,33.40935],[-96.99794,33.40928],[-96.99826,33.40969],[-96.99813,33.41043],[-96.99857,33.40984],[-96.99849,33.40869],[-96.99988,33.40876],[-96.99951,33.40825],[-96.99967,33.40792],[-97.0016,33.40638],[-97.00113,33.40585],[-97.00192,33.40567],[-97.00198,33.40522],[-97.00081,33.40428],[-97.00098,33.40323],[-97.00179,33.40231],[-97.00286,33.40182],[-97.00378,33.39929],[-97.0042,33.3994],[-97.0045,33.40176],[-97.0057,33.40242],[-97.00635,33.40328],[-97.00743,33.40257],[-97.00771,33.40182],[-97.00824,33.40149],[-97.00904,33.40217],[-97.00897,33.40184],[-97.00981,33.4016],[-97.01016,33.40038],[-97.01052,33.40033],[-97.01035,33.3995],[-97.00922,33.39987],[-97.00698,33.39834],[-97.00697,33.39803],[-97.00751,33.39793],[-97.00757,33.39746],[-97.00673,33.39652],[-97.0062,33.3977],[-97.00508,33.39703],[-97.00415,33.39762],[-97.00381,33.39719],[-97.00403,33.39608],[-97.00354,33.39721],[-97.00135,33.39752],[-97.00123,33.398],[-97.00091,33.39796],[-97.00019,33.39867],[-97.00007,33.39945],[-96.99921,33.40007],[-96.99858,33.40012],[-96.99778,33.39934],[-96.99763,33.39861],[-96.99653,33.39812],[-96.99662,33.39716],[-96.99725,33.3971],[-96.99767,33.39629],[-96.99774,33.39482],[-96.99613,33.39382],[-96.99582,33.39416],[-96.99427,33.39415],[-96.99399,33.39389],[-96.99447,33.39301],[-96.99594,33.39275],[-96.99593,33.39215],[-96.99521,33.39191],[-96.99522,33.39116],[-96.99473,33.39057],[-96.9952,33.39002],[-96.99538,33.3902],[-96.99539,33.38969],[-96.99583,33.39002],[-96.99634,33.38919],[-96.9954,33.38935],[-96.99484,33.38904],[-96.99497,33.38857],[-96.9942,33.38866],[-96.99438,33.38792],[-96.99411,33.38743],[-96.99366,33.38739],[-96.99308,33.38812],[-96.9922,33.3881],[-96.9916,33.38945],[-96.99104,33.38965],[-96.9911,33.39022],[-96.99116,33.38967],[-96.99156,33.38962],[-96.99102,33.39061],[-96.99005,33.39132],[-96.98934,33.39088],[-96.98911,33.39167],[-96.98812,33.39237],[-96.98888,33.39175],[-96.98839,33.3908],[-96.98877,33.3905],[-96.98876,33.39001],[-96.98994,33.3897],[-96.99005,33.38813],[-96.98892,33.38777],[-96.98904,33.38733],[-96.9894,33.38756],[-96.99029,33.387],[-96.98942,33.38648],[-96.98958,33.38611],[-96.99097,33.38634],[-96.99177,33.38576],[-96.99096,33.38535],[-96.99156,33.38468],[-96.99248,33.38484],[-96.99372,33.3844],[-96.99373,33.38393],[-96.99286,33.38274],[-96.99071,33.38101],[-96.99062,33.38029],[-96.99152,33.38037],[-96.99262,33.38142],[-96.9934,33.38172],[-96.99489,33.38134],[-96.99521,33.38254],[-96.99623,33.38218],[-96.99564,33.38333],[-96.9965,33.38363],[-96.99612,33.38378],[-96.99647,33.38391],[-96.99564,33.38416],[-96.99549,33.38508],[-96.99586,33.38578],[-96.99682,33.38607],[-96.99713,33.3858],[-96.99772,33.38593],[-96.99787,33.38511],[-96.99808,33.38639],[-96.99874,33.38665],[-97.00005,33.38624],[-97.0001,33.38596],[-97.00074,33.38618],[-97.00047,33.38579],[-97.00088,33.38607],[-97.00124,33.38558],[-97.00124,33.38611],[-97.00158,33.38608],[-97.00163,33.3865],[-97.00336,33.38747],[-97.00414,33.38743],[-97.00444,33.38701],[-97.00505,33.38712],[-97.00381,33.38589],[-97.00365,33.3852],[-97.00469,33.38549],[-97.00524,33.38478],[-97.00571,33.38527],[-97.00643,33.38525],[-97.00615,33.38573],[-97.00654,33.38623],[-97.00715,33.38609],[-97.00718,33.38549],[-97.00655,33.3849],[-97.00652,33.38373],[-97.00746,33.38215],[-97.00828,33.3818],[-97.00896,33.3824],[-97.00886,33.38295],[-97.00924,33.38332],[-97.00911,33.38355],[-97.00835,33.38339],[-97.00802,33.38407],[-97.00909,33.38467],[-97.00913,33.38563],[-97.0082,33.38698],[-97.00819,33.38806],[-97.00745,33.38849],[-97.00727,33.38897],[-97.00906,33.38958],[-97.00876,33.39034],[-97.00803,33.39062],[-97.009,33.39186],[-97.01056,33.39246],[-97.01176,33.39253],[-97.01214,33.39225],[-97.01217,33.39107],[-97.01296,33.38872],[-97.01412,33.38836],[-97.01636,33.39036],[-97.01609,33.39115],[-97.01677,33.39246],[-97.02069,33.39169],[-97.02147,33.39123],[-97.02174,33.39047],[-97.02292,33.39014],[-97.02423,33.38923],[-97.02559,33.38772],[-97.02549,33.38629],[-97.02452,33.38506],[-97.02503,33.38467],[-97.02494,33.38405],[-97.0252,33.38386],[-97.02566,33.38376],[-97.02589,33.38413],[-97.02577,33.38588],[-97.02649,33.38642],[-97.02749,33.38663],[-97.02999,33.38593],[-97.029,33.383],[-97.0296,33.38254],[-97.02961,33.38216],[-97.0301,33.38296],[-97.03012,33.38367],[-97.03094,33.38414],[-97.03263,33.38415],[-97.03348,33.38367],[-97.03351,33.38295],[-97.03252,33.3825],[-97.03223,33.38191],[-97.03283,33.38087],[-97.03378,33.3809],[-97.03294,33.37899],[-97.03408,33.3783],[-97.0322,33.37885],[-97.03191,33.37834],[-97.03021,33.37858],[-97.03031,33.37832],[-97.0315,33.37826],[-97.03235,33.37753],[-97.03129,33.37676],[-97.02837,33.37657],[-97.02753,33.37561],[-97.02673,33.37591],[-97.02605,33.37459],[-97.02438,33.3752],[-97.02388,33.37508],[-97.02408,33.37387],[-97.02387,33.37352],[-97.02028,33.37475],[-97.01896,33.37453],[-97.01886,33.37431],[-97.02034,33.37327],[-97.0216,33.37114],[-97.02059,33.37052],[-97.02071,33.37015],[-97.02028,33.3699],[-97.02012,33.37032],[-97.01864,33.37111],[-97.01807,33.37096],[-97.0181,33.37131],[-97.01731,33.37178],[-97.0171,33.3735],[-97.01768,33.37443],[-97.0162,33.37417],[-97.01532,33.37591],[-97.01479,33.37534],[-97.01505,33.37492],[-97.01498,33.37384],[-97.01534,33.37345],[-97.01517,33.37262],[-97.01394,33.37238],[-97.01421,33.37182],[-97.01252,33.3715],[-97.01127,33.37181],[-97.01117,33.37117],[-97.01026,33.37051],[-97.01115,33.37053],[-97.0115,33.36951],[-97.01262,33.37002],[-97.01351,33.3694],[-97.0133,33.36919],[-97.01366,33.36934],[-97.01511,33.36883],[-97.01629,33.36792],[-97.01686,33.36645],[-97.01737,33.36702],[-97.01869,33.36684],[-97.01977,33.36633],[-97.02032,33.36557],[-97.02097,33.36635],[-97.02266,33.364],[-97.02273,33.36472],[-97.02382,33.36555],[-97.02508,33.36518],[-97.02563,33.36537],[-97.02668,33.36482],[-97.02732,33.36505],[-97.02903,33.36479],[-97.0297,33.36424],[-97.02993,33.3634],[-97.03089,33.36444],[-97.0315,33.36451],[-97.03293,33.36364],[-97.03314,33.36306],[-97.03242,33.36201],[-97.03039,33.36085],[-97.03136,33.36044],[-97.03281,33.36134],[-97.03435,33.36087],[-97.0346,33.36055],[-97.03438,33.3599],[-97.03489,33.35958],[-97.03447,33.35876],[-97.03481,33.35858],[-97.05588,33.353],[-97.07274,33.35077],[-97.07579,33.35189],[-97.07644,33.35179],[-97.07696,33.35119],[-97.07773,33.35124],[-97.08075,33.3543],[-97.08269,33.35463],[-97.08341,33.35427],[-97.08339,33.35395],[-97.08394,33.35386],[-97.0841,33.3548],[-97.08451,33.35507],[-97.08393,33.3553],[-97.08355,33.35715],[-97.08313,33.35727],[-97.08258,33.35849],[-97.08291,33.35903],[-97.08459,33.36004],[-97.08567,33.36043],[-97.0884,33.36017],[-97.08937,33.3604],[-97.08966,33.36148],[-97.09098,33.36206],[-97.09146,33.36201],[-97.09324,33.36074],[-97.09397,33.3606],[-97.09509,33.36101],[-97.09598,33.36231],[-97.09611,33.36331],[-97.09695,33.3644],[-97.09715,33.36521],[-97.0977,33.36542],[-97.09835,33.36651],[-97.09845,33.36747],[-97.09738,33.36804],[-97.09716,33.36852],[-97.09696,33.37058],[-97.09821,33.37198],[-97.10307,33.37363],[-97.10378,33.37435],[-97.10351,33.37532],[-97.10378,33.37648],[-97.10451,33.37633],[-97.10457,33.37512],[-97.10516,33.37382],[-97.10697,33.37311],[-97.10706,33.37257],[-97.10626,33.37109],[-97.10641,33.37023],[-97.10726,33.369],[-97.10695,33.36863],[-97.10722,33.36877],[-97.10796,33.36805],[-97.10922,33.36791],[-97.10789,33.36862],[-97.10744,33.37105],[-97.10772,33.37136],[-97.10951,33.37149],[-97.1091,33.37198],[-97.11032,33.37292],[-97.11063,33.37356],[-97.11118,33.37335],[-97.11133,33.37374],[-97.11072,33.37399],[-97.11073,33.37429],[-97.11301,33.37499],[-97.11426,33.37379],[-97.11399,33.3748],[-97.11272,33.37584],[-97.11133,33.37535],[-97.11003,33.37566],[-97.10978,33.37476],[-97.10923,33.37426],[-97.10791,33.37515],[-97.10749,33.37592],[-97.1076,33.37689],[-97.10727,33.3779],[-97.10766,33.37826],[-97.10925,33.3786],[-97.10923,33.37897],[-97.10505,33.37911],[-97.10438,33.37933],[-97.10465,33.38005],[-97.10497,33.38014],[-97.1048,33.38062],[-97.10319,33.38049],[-97.10156,33.38116],[-97.10092,33.38072],[-97.09995,33.38145],[-97.10031,33.38256],[-97.1016,33.38226],[-97.10202,33.38326],[-97.1039,33.38453],[-97.10347,33.38534],[-97.10181,33.38546],[-97.10171,33.38677],[-97.10312,33.38685],[-97.10417,33.38608],[-97.10522,33.38705],[-97.10547,33.38773],[-97.10627,33.38824],[-97.10697,33.38818],[-97.10728,33.3871],[-97.10816,33.38709],[-97.10978,33.38498],[-97.11083,33.3855],[-97.11042,33.38628],[-97.11062,33.38694],[-97.10984,33.38802],[-97.11044,33.38874],[-97.11199,33.38806],[-97.11282,33.38692],[-97.11384,33.38635],[-97.11505,33.38674],[-97.116,33.38668],[-97.11648,33.38607],[-97.11722,33.38646],[-97.11798,33.38554],[-97.11787,33.38514],[-97.1184,33.38549],[-97.11834,33.38623],[-97.11917,33.38695],[-97.11687,33.38787],[-97.11535,33.3894],[-97.11612,33.38997],[-97.11662,33.39122],[-97.11399,33.39129],[-97.11358,33.39254],[-97.11228,33.39251],[-97.11145,33.39186],[-97.11059,33.39171],[-97.1094,33.39241],[-97.10965,33.39299],[-97.11277,33.39364],[-97.11295,33.39448],[-97.11361,33.39492],[-97.11445,33.39478],[-97.11525,33.39406],[-97.11645,33.39357],[-97.11709,33.39413],[-97.11658,33.39499],[-97.1167,33.39557],[-97.11758,33.39655],[-97.1182,33.39672],[-97.11922,33.39568],[-97.11912,33.3948],[-97.11976,33.3947],[-97.12124,33.3937],[-97.12147,33.39297],[-97.12191,33.3928],[-97.12259,33.39314],[-97.12363,33.39251],[-97.12441,33.39117],[-97.12569,33.39005],[-97.12653,33.38869],[-97.12632,33.38849],[-97.12691,33.38865],[-97.12717,33.3898],[-97.1282,33.38982],[-97.12796,33.39035],[-97.12723,33.39044],[-97.12655,33.39123],[-97.12735,33.39196],[-97.12834,33.39211],[-97.12821,33.39291],[-97.12876,33.39308],[-97.13114,33.39238],[-97.13196,33.39082],[-97.13248,33.39146],[-97.13326,33.39086],[-97.13348,33.39118],[-97.13468,33.39074],[-97.13487,33.3912],[-97.13566,33.39133],[-97.13397,33.39335],[-97.13481,33.39393],[-97.13703,33.39354],[-97.13779,33.39419],[-97.1376,33.39465],[-97.13512,33.39571],[-97.13332,33.3956],[-97.1326,33.39592],[-97.13255,33.3963],[-97.13241,33.39595],[-97.13205,33.39619],[-97.13209,33.39522],[-97.13086,33.39481],[-97.12994,33.39563],[-97.12989,33.39649],[-97.12902,33.39608],[-97.12703,33.39618],[-97.12608,33.39546],[-97.12591,33.39567],[-97.12542,33.3954],[-97.12441,33.39669],[-97.12407,33.39786],[-97.12329,33.39811],[-97.12264,33.3994],[-97.12337,33.40085],[-97.12664,33.39996],[-97.12873,33.40085],[-97.12928,33.40176],[-97.13019,33.40221],[-97.13043,33.40275],[-97.13118,33.40298],[-97.13135,33.40352],[-97.13311,33.40441],[-97.13353,33.40723],[-97.13401,33.40756],[-97.13442,33.40698],[-97.13488,33.40713],[-97.13455,33.4074],[-97.1351,33.40771],[-97.13436,33.40773],[-97.13506,33.40793],[-97.13541,33.4091],[-97.13494,33.4091],[-97.13474,33.40946],[-97.13215,33.40909],[-97.13019,33.40613],[-97.12962,33.40582],[-97.12908,33.40607],[-97.12734,33.40599],[-97.12732,33.40493],[-97.12693,33.40524],[-97.12678,33.40464],[-97.12606,33.40461],[-97.12597,33.40428],[-97.12497,33.40426],[-97.12499,33.40606],[-97.12455,33.40631],[-97.12336,33.40539],[-97.12239,33.40566],[-97.12216,33.40451],[-97.12114,33.40337],[-97.11864,33.40219],[-97.11765,33.40287],[-97.11669,33.4054],[-97.1176,33.40688],[-97.11745,33.40779],[-97.11674,33.40809],[-97.11669,33.40841],[-97.11802,33.40822],[-97.12167,33.41016],[-97.12379,33.4102],[-97.12557,33.41116],[-97.12618,33.41225],[-97.12789,33.41373],[-97.12987,33.41402],[-97.1303,33.4145],[-97.13076,33.41439],[-97.13042,33.41469],[-97.13083,33.41545],[-97.13139,33.41548],[-97.13161,33.41597],[-97.13143,33.41851],[-97.13085,33.41958],[-97.1313,33.41971],[-97.13125,33.42021],[-97.13185,33.42131],[-97.13351,33.42202],[-97.13303,33.42251],[-97.13312,33.42294],[-97.13394,33.42321],[-97.13296,33.42312],[-97.1327,33.42201],[-97.13204,33.42203],[-97.13228,33.4224],[-97.1319,33.42241],[-97.12924,33.42096],[-97.12802,33.41977],[-97.12751,33.41787],[-97.12623,33.41733],[-97.12558,33.41613],[-97.1242,33.41535],[-97.12324,33.41432],[-97.12347,33.41427],[-97.12297,33.41329],[-97.12202,33.41327],[-97.12217,33.41351],[-97.12155,33.41431],[-97.12068,33.414],[-97.11988,33.41429],[-97.11792,33.41586],[-97.11678,33.41542],[-97.1166,33.41561],[-97.11724,33.41704],[-97.11789,33.41709],[-97.11862,33.41659],[-97.11946,33.41742],[-97.12052,33.41789],[-97.12015,33.41872],[-97.11918,33.41862],[-97.11922,33.41923],[-97.11987,33.41994],[-97.12194,33.41941],[-97.12258,33.41983],[-97.12183,33.421],[-97.12369,33.42164],[-97.12387,33.42209],[-97.12419,33.42185],[-97.12449,33.42234],[-97.12513,33.42218],[-97.12634,33.42291],[-97.126,33.42491],[-97.12642,33.42569],[-97.12654,33.42701],[-97.1259,33.42733],[-97.12553,33.42897],[-97.12655,33.42977],[-97.12658,33.4302],[-97.12712,33.43008],[-97.1269,33.43043],[-97.12714,33.43083],[-97.12802,33.43126],[-97.12879,33.43141],[-97.12957,33.43105],[-97.13014,33.43035],[-97.13055,33.43053],[-97.13016,33.43103],[-97.13048,33.43111],[-97.1303,33.43144],[-97.13124,33.43281],[-97.13159,33.43525],[-97.1322,33.43601],[-97.13298,33.43638],[-97.1332,33.43784],[-97.13391,33.43808],[-97.13389,33.43873],[-97.13143,33.43855],[-97.13107,33.44034],[-97.13126,33.44125],[-97.13209,33.44246],[-97.13247,33.4422],[-97.13249,33.44351],[-97.13403,33.44448],[-97.13493,33.44465],[-97.13656,33.44851],[-97.13664,33.45051],[-97.13785,33.45064],[-97.1375,33.45109],[-97.13764,33.45182],[-97.13689,33.4513],[-97.13609,33.45137],[-97.13577,33.45311],[-97.13626,33.45405],[-97.13538,33.45412],[-97.138,33.45447],[-97.13769,33.45502],[-97.13774,33.45576],[-97.14079,33.4559],[-97.14031,33.45678],[-97.14053,33.45748],[-97.13941,33.45773],[-97.13915,33.45696],[-97.13905,33.45768],[-97.13808,33.45866],[-97.13677,33.45789],[-97.13575,33.45634],[-97.13421,33.45604],[-97.13433,33.45563],[-97.13249,33.45293],[-97.13246,33.45002],[-97.13211,33.44934],[-97.13238,33.44895],[-97.13118,33.44782],[-97.13017,33.44754],[-97.12527,33.44456],[-97.12476,33.44255],[-97.12429,33.44216],[-97.12494,33.44146],[-97.12484,33.44067],[-97.12555,33.44],[-97.12582,33.43873],[-97.12449,33.43723],[-97.12264,33.43629],[-97.12197,33.43527],[-97.12106,33.43498],[-97.12071,33.43529],[-97.12073,33.43662],[-97.12003,33.43687],[-97.11938,33.43556],[-97.11735,33.43493],[-97.11643,33.43354],[-97.1153,33.43286],[-97.11498,33.43296],[-97.11466,33.43427],[-97.1153,33.43565],[-97.11161,33.43455],[-97.11169,33.43493],[-97.11569,33.43626],[-97.11598,33.43681],[-97.11588,33.43756],[-97.11641,33.43834],[-97.11874,33.4394],[-97.11885,33.44064],[-97.11832,33.44058],[-97.11771,33.43997],[-97.1169,33.44007],[-97.1181,33.44401],[-97.11859,33.44448],[-97.12176,33.44547],[-97.12195,33.44625],[-97.12171,33.44653],[-97.1213,33.44602],[-97.11977,33.44571],[-97.11879,33.44638],[-97.11875,33.44694],[-97.1203,33.44968],[-97.11989,33.45222],[-97.12094,33.45405],[-97.12198,33.45497],[-97.12441,33.45523],[-97.12428,33.45638],[-97.12411,33.45573],[-97.12365,33.4557],[-97.12355,33.45599],[-97.12487,33.45812],[-97.12505,33.46],[-97.12552,33.4609],[-97.12505,33.46092],[-97.1251,33.46161],[-97.12367,33.46072],[-97.12291,33.45966],[-97.12317,33.45857],[-97.12289,33.45816],[-97.1207,33.45726],[-97.1187,33.45568],[-97.11813,33.45625],[-97.11738,33.45794],[-97.11746,33.45874],[-97.11803,33.45929],[-97.11656,33.46095],[-97.11579,33.46107],[-97.11613,33.46111],[-97.11583,33.46173],[-97.11626,33.46192],[-97.11648,33.46282],[-97.11791,33.46271],[-97.11794,33.46309],[-97.11637,33.46381],[-97.11549,33.46278],[-97.11574,33.46386],[-97.11469,33.46311],[-97.11461,33.4627],[-97.11514,33.46256],[-97.11506,33.46237],[-97.11402,33.46251],[-97.11354,33.46192],[-97.11316,33.46235],[-97.11368,33.46248],[-97.11375,33.46291],[-97.1133,33.46302],[-97.11316,33.46343],[-97.11364,33.46318],[-97.11352,33.46376],[-97.11442,33.46471],[-97.11351,33.46522],[-97.11394,33.46687],[-97.11378,33.46869],[-97.11319,33.47021],[-97.11354,33.47039],[-97.11239,33.4724],[-97.11297,33.47287],[-97.11296,33.47314],[-97.11261,33.47317],[-97.11276,33.47406],[-97.11236,33.47423],[-97.1124,33.4751],[-97.11334,33.47853],[-97.11253,33.47885],[-97.11309,33.47987],[-97.11216,33.48099],[-97.11119,33.48372],[-97.11091,33.48379],[-97.11104,33.48496],[-97.11162,33.48613],[-97.11132,33.48673],[-97.11186,33.48693],[-97.11205,33.48649],[-97.11219,33.48687],[-97.11263,33.48662],[-97.11342,33.48685],[-97.11329,33.4873],[-97.11415,33.48922],[-97.11378,33.48947],[-97.11312,33.48708],[-97.11269,33.48689],[-97.11206,33.48726],[-97.11256,33.4874],[-97.11257,33.48773],[-97.11158,33.48714],[-97.11106,33.48732],[-97.11112,33.48698],[-97.11045,33.48638],[-97.11012,33.48649],[-97.10964,33.4858],[-97.10876,33.48577],[-97.10917,33.48563],[-97.10723,33.48586],[-97.1056,33.48627],[-97.10519,33.48677],[-97.10269,33.48726],[-97.10214,33.48765],[-97.1023,33.48821],[-97.10144,33.48908],[-97.10116,33.4884],[-97.10089,33.48881],[-97.10038,33.48869],[-97.09986,33.48909],[-97.09974,33.48841],[-97.09978,33.48899],[-97.09956,33.48867],[-97.09958,33.48916],[-97.09921,33.4894],[-97.09761,33.48871],[-97.09758,33.48911],[-97.09826,33.48964],[-97.09761,33.48971],[-97.09776,33.49028],[-97.09747,33.49039],[-97.09734,33.48974],[-97.09728,33.49002],[-97.09648,33.49005],[-97.09722,33.49024],[-97.09673,33.4908],[-97.097,33.49101],[-97.09794,33.49128],[-97.09816,33.49174],[-97.0991,33.49186],[-97.09864,33.49232],[-97.09823,33.4921],[-97.09867,33.49258],[-97.09925,33.49271],[-97.09945,33.49148],[-97.0987,33.49166],[-97.09852,33.49123],[-97.09822,33.49131],[-97.09798,33.49023],[-97.09854,33.4902],[-97.09871,33.49103],[-97.09856,33.49068],[-97.09904,33.49035],[-97.09938,33.49067],[-97.0994,33.49027],[-97.0998,33.49042],[-97.0998,33.49183],[-97.10013,33.49163],[-97.10026,33.49046],[-97.101,33.49045],[-97.10047,33.49122],[-97.10104,33.49128],[-97.10001,33.49212],[-97.09996,33.49269],[-97.10048,33.4933],[-97.09987,33.49288],[-97.09951,33.49316],[-97.0986,33.49274],[-97.09865,33.49375],[-97.09816,33.49247],[-97.09798,33.49309],[-97.09828,33.49364],[-97.09797,33.49383],[-97.09752,33.49209],[-97.09699,33.49191],[-97.0976,33.49315],[-97.09762,33.49389],[-97.0974,33.49382],[-97.0979,33.49538],[-97.09881,33.49615],[-97.09841,33.49633],[-97.10044,33.49688],[-97.10007,33.49712],[-97.0987,33.49691],[-97.10032,33.49836],[-97.09988,33.49863],[-97.10042,33.49925],[-97.09776,33.49769],[-97.09815,33.49825],[-97.09787,33.49839],[-97.09825,33.50016],[-97.09683,33.49768],[-97.09639,33.49757],[-97.0961,33.49697],[-97.09568,33.49699],[-97.09564,33.49733],[-97.09526,33.49694],[-97.09491,33.49549],[-97.09523,33.4937],[-97.09496,33.49243],[-97.09635,33.48946],[-97.09559,33.48993],[-97.09448,33.48923],[-97.09404,33.4918],[-97.09428,33.49223],[-97.09363,33.49218],[-97.09375,33.49264],[-97.09428,33.49295],[-97.09417,33.4941],[-97.09286,33.49162],[-97.09242,33.4896],[-97.09305,33.48794],[-97.09418,33.48707],[-97.09633,33.48834],[-97.09453,33.48611],[-97.09449,33.48308],[-97.09498,33.48263],[-97.09651,33.48224],[-97.09724,33.48294],[-97.09731,33.48251],[-97.09698,33.48219],[-97.09767,33.48165],[-97.09794,33.48093],[-97.09745,33.47951],[-97.09713,33.47939],[-97.09734,33.47674],[-97.09702,33.47576],[-97.09822,33.47436],[-97.09813,33.47336],[-97.09907,33.47295],[-97.09942,33.47158],[-97.09911,33.4696],[-97.09938,33.4693],[-97.09911,33.46941],[-97.09895,33.46906],[-97.0986,33.46932],[-97.09828,33.47061],[-97.09757,33.47093],[-97.09712,33.47066],[-97.09744,33.4704],[-97.09671,33.46891],[-97.09707,33.46835],[-97.09684,33.46739],[-97.09764,33.46663],[-97.09732,33.4662],[-97.09807,33.46447],[-97.09891,33.46358],[-97.09935,33.46182],[-97.0982,33.4604],[-97.09851,33.45955],[-97.09775,33.45891],[-97.09674,33.4589],[-97.09639,33.45757],[-97.09582,33.45723],[-97.09672,33.45658],[-97.09721,33.45658],[-97.09794,33.45716],[-97.09887,33.45703],[-97.0989,33.45801],[-97.09971,33.45802],[-97.10102,33.45227],[-97.10061,33.45019],[-97.10145,33.44927],[-97.10128,33.4488],[-97.1004,33.44881],[-97.10031,33.44822],[-97.09911,33.44903],[-97.0974,33.44927],[-97.09764,33.44792],[-97.09857,33.44754],[-97.09954,33.44628],[-97.09944,33.44283],[-97.09856,33.44111],[-97.09729,33.44212],[-97.09742,33.44167],[-97.09699,33.44058],[-97.09751,33.44017],[-97.09749,33.43982],[-97.09548,33.43925],[-97.09563,33.43806],[-97.09628,33.43763],[-97.09914,33.43825],[-97.09995,33.43726],[-97.10058,33.43784],[-97.10199,33.43792],[-97.1032,33.43608],[-97.10326,33.43521]],[[-96.94505,33.46993],[-96.94495,33.47028],[-96.94521,33.46973],[-96.94505,33.46993]],[[-96.88347,33.4458],[-96.88397,33.44586],[-96.88359,33.44569],[-96.88347,33.4458]],[[-96.98281,33.44304],[-96.98308,33.44296],[-96.98288,33.44286],[-96.98281,33.44304]],[[-96.97877,33.46911],[-96.97875,33.46927],[-96.97914,33.46926],[-96.97877,33.46911]],[[-96.97166,33.45378],[-96.97177,33.45389],[-96.97199,33.45357],[-96.97166,33.45378]],[[-96.89397,33.45509],[-96.894,33.45536],[-96.8944,33.45525],[-96.89397,33.45509]],[[-96.93209,33.4512],[-96.93184,33.45142],[-96.9322,33.45155],[-96.93209,33.4512]],[[-97.04397,33.40533],[-97.04372,33.40494],[-97.0437,33.40528],[-97.04397,33.40533]],[[-96.98593,33.41594],[-96.98606,33.41618],[-96.98631,33.4158],[-96.98593,33.41594]],[[-97.0761,33.35592],[-97.0757,33.35616],[-97.0761,33.35622],[-97.0761,33.35592]],[[-96.94331,33.45681],[-96.94333,33.45781],[-96.9436,33.45702],[-96.94331,33.45681]],[[-97.04336,33.40363],[-97.04373,33.40333],[-97.04328,33.40329],[-97.04336,33.40363]],[[-96.97973,33.44683],[-96.98008,33.44711],[-96.9802,33.44663],[-96.97967,33.44663],[-96.97973,33.44683]],[[-96.89969,33.4446],[-96.90086,33.44498],[-96.90068,33.44463],[-96.89969,33.4446]],[[-96.87803,33.44319],[-96.87853,33.44314],[-96.87916,33.44266],[-96.87803,33.44319]],[[-96.9894,33.40937],[-96.98902,33.40933],[-96.98889,33.40972],[-96.98954,33.40982],[-96.9894,33.40937]],[[-96.93725,33.44718],[-96.93803,33.44768],[-96.93845,33.44719],[-96.93725,33.44718]],[[-96.98397,33.44601],[-96.984,33.44637],[-96.98472,33.4463],[-96.98458,33.44571],[-96.98397,33.44601]],[[-97.07386,33.39454],[-97.07462,33.39411],[-97.07356,33.39389],[-97.07386,33.39454]],[[-97.03697,33.41493],[-97.03718,33.41441],[-97.03627,33.41457],[-97.0364,33.41492],[-97.03697,33.41493]],[[-96.98855,33.4256],[-96.98892,33.42645],[-96.98971,33.42622],[-96.98894,33.42545],[-96.98855,33.4256]],[[-97.02304,33.43538],[-97.02299,33.43497],[-97.02248,33.43488],[-97.02189,33.43534],[-97.02217,33.43577],[-97.02304,33.43538]],[[-96.97475,33.45232],[-96.97479,33.45301],[-96.97534,33.45294],[-96.97593,33.45236],[-96.97569,33.45194],[-96.97475,33.45232]],[[-96.87845,33.44346],[-96.8789,33.44371],[-96.88006,33.44313],[-96.88086,33.44343],[-96.88111,33.4426],[-96.87956,33.44286],[-96.87845,33.44346]],[[-97.02221,33.36972],[-97.02251,33.37008],[-97.02209,33.37035],[-97.02209,33.37075],[-97.02324,33.37039],[-97.02329,33.36957],[-97.0229,33.36898],[-97.0225,33.36889],[-97.02221,33.36972]],[[-97.08026,33.35656],[-97.08026,33.35621],[-97.0793,33.35553],[-97.07828,33.35549],[-97.0771,33.35607],[-97.07792,33.3579],[-97.07875,33.35855],[-97.08043,33.35798],[-97.08061,33.35754],[-97.08026,33.35656]],[[-97.00001,33.39113],[-96.99908,33.39193],[-96.99882,33.39288],[-96.99905,33.39346],[-97.00013,33.39383],[-97.00201,33.39267],[-97.00242,33.39095],[-97.00229,33.39017],[-97.00181,33.3899],[-97.00056,33.39038],[-97.00001,33.39113]],[[-97,33.43299],[-97.00128,33.43288],[-97.00191,33.43155],[-97.00171,33.43013],[-97.00199,33.42768],[-97.00315,33.42495],[-97.0021,33.424],[-97.00088,33.42508],[-97.00056,33.42591],[-96.99979,33.42627],[-96.9986,33.4257],[-96.99741,33.4266],[-96.99879,33.42893],[-96.99878,33.4293],[-96.99762,33.43063],[-96.9976,33.43195],[-96.99908,33.43302],[-97,33.43299]]]},"properties":{"name":"Ray Roberts Lake","acres":28214,"objectid":491014}},{"type":"Feature","id":330454,"geometry":{"type":"Polygon","coordinates":[[[-97.04109,32.5835],[-97.03802,32.58368],[-97.03665,32.58252],[-97.03602,32.58405],[-97.03519,32.58502],[-97.03371,32.58641],[-97.03218,32.58721],[-97.02904,32.58755],[-97.02647,32.58515],[-97.02587,32.5853],[-97.02583,32.58557],[-97.0276,32.58725],[-97.02733,32.58813],[-97.02806,32.58825],[-97.0284,32.58897],[-97.02792,32.58936],[-97.02797,32.58965],[-97.02758,32.58949],[-97.02787,32.59052],[-97.02626,32.59185],[-97.02583,32.5933],[-97.02836,32.59206],[-97.03032,32.59197],[-97.02953,32.59239],[-97.02914,32.59337],[-97.02855,32.5934],[-97.02881,32.59396],[-97.02993,32.59462],[-97.02962,32.59532],[-97.02971,32.59773],[-97.03156,32.59794],[-97.03181,32.5977],[-97.03464,32.59748],[-97.03421,32.59796],[-97.03263,32.59815],[-97.03197,32.59858],[-97.0323,32.59848],[-97.032,32.59891],[-97.03086,32.59862],[-97.03002,32.59953],[-97.02926,32.59914],[-97.02732,32.60173],[-97.02791,32.60255],[-97.02875,32.60246],[-97.02884,32.60282],[-97.02918,32.60261],[-97.02959,32.6029],[-97.02887,32.60315],[-97.02939,32.6039],[-97.02918,32.60411],[-97.03065,32.60375],[-97.03218,32.60449],[-97.03125,32.60458],[-97.03056,32.60403],[-97.02978,32.60457],[-97.03036,32.6064],[-97.03009,32.60652],[-97.02896,32.60491],[-97.02836,32.60451],[-97.02763,32.60463],[-97.02756,32.60402],[-97.0268,32.6036],[-97.02603,32.60471],[-97.02542,32.60486],[-97.02504,32.60544],[-97.0252,32.60572],[-97.02434,32.60546],[-97.02288,32.60599],[-97.02504,32.60753],[-97.02112,32.60719],[-97.02149,32.6082],[-97.0221,32.60867],[-97.02245,32.61025],[-97.02276,32.61042],[-97.02258,32.61092],[-97.02165,32.60958],[-97.02106,32.6096],[-97.02174,32.61087],[-97.02082,32.60974],[-97.02037,32.60962],[-97.01652,32.61109],[-97.01636,32.61157],[-97.01754,32.61234],[-97.01769,32.61274],[-97.01819,32.61256],[-97.01826,32.61285],[-97.01768,32.61325],[-97.01637,32.61281],[-97.01583,32.61365],[-97.01596,32.61463],[-97.01522,32.61424],[-97.01377,32.61501],[-97.01572,32.6168],[-97.01426,32.61676],[-97.0137,32.61627],[-97.01299,32.61632],[-97.0127,32.61726],[-97.01345,32.6188],[-97.01339,32.62013],[-97.0122,32.62076],[-97.01099,32.62237],[-97.01125,32.62347],[-97.00942,32.62411],[-97.00909,32.62477],[-97.0083,32.6252],[-97.00845,32.62553],[-97.01022,32.6261],[-97.0093,32.6267],[-97.00934,32.62727],[-97.00979,32.62753],[-97.01128,32.62694],[-97.01218,32.62695],[-97.01255,32.62661],[-97.01323,32.62674],[-97.0132,32.62595],[-97.01366,32.62512],[-97.01393,32.62537],[-97.01382,32.62595],[-97.01478,32.62736],[-97.01521,32.62658],[-97.01424,32.62562],[-97.01414,32.62509],[-97.01483,32.62454],[-97.01522,32.62236],[-97.01669,32.62006],[-97.01732,32.62031],[-97.01782,32.61984],[-97.01817,32.62034],[-97.01949,32.6206],[-97.0203,32.61971],[-97.02115,32.61979],[-97.02049,32.61993],[-97.02035,32.62062],[-97.02082,32.6222],[-97.02152,32.62223],[-97.02148,32.62194],[-97.02236,32.62162],[-97.02396,32.62276],[-97.02458,32.62252],[-97.02473,32.62278],[-97.02505,32.622],[-97.02461,32.62069],[-97.02584,32.62143],[-97.02719,32.62065],[-97.02809,32.62091],[-97.02848,32.62015],[-97.02951,32.61967],[-97.02996,32.6182],[-97.03055,32.61773],[-97.03178,32.61877],[-97.03332,32.61803],[-97.03324,32.61872],[-97.03427,32.61884],[-97.03462,32.61851],[-97.03589,32.61858],[-97.03624,32.6182],[-97.03867,32.61853],[-97.03873,32.61925],[-97.039,32.61937],[-97.03939,32.61921],[-97.0395,32.61827],[-97.04063,32.61829],[-97.0424,32.6176],[-97.04264,32.61722],[-97.04422,32.617],[-97.04431,32.61669],[-97.04361,32.61559],[-97.04421,32.61616],[-97.04459,32.61608],[-97.04537,32.61419],[-97.04523,32.61274],[-97.04557,32.61198],[-97.04732,32.61126],[-97.05039,32.61089],[-97.05341,32.6081],[-97.05372,32.60672],[-97.05517,32.60531],[-97.05575,32.6031],[-97.05529,32.60142],[-97.05862,32.59716],[-97.05884,32.59642],[-97.05818,32.59463],[-97.05875,32.59366],[-97.06108,32.59294],[-97.0619,32.59235],[-97.06069,32.59331],[-97.06219,32.59514],[-97.06269,32.59425],[-97.06233,32.59385],[-97.06251,32.59361],[-97.06205,32.5933],[-97.06244,32.59285],[-97.06236,32.59248],[-97.0628,32.5923],[-97.06342,32.59273],[-97.06256,32.5925],[-97.06234,32.59317],[-97.06309,32.59412],[-97.06304,32.5945],[-97.06033,32.59739],[-97.05959,32.59745],[-97.05922,32.59867],[-97.05972,32.59885],[-97.05962,32.59828],[-97.06108,32.59662],[-97.06362,32.59539],[-97.06424,32.59448],[-97.06501,32.59449],[-97.06587,32.59518],[-97.06647,32.59527],[-97.06671,32.59505],[-97.06658,32.59447],[-97.06728,32.59406],[-97.06718,32.59372],[-97.06842,32.595],[-97.06899,32.5949],[-97.06901,32.59438],[-97.06974,32.59405],[-97.07034,32.59416],[-97.07142,32.5951],[-97.07188,32.59504],[-97.07225,32.59467],[-97.07204,32.59367],[-97.07265,32.59311],[-97.0734,32.59292],[-97.07438,32.59326],[-97.07547,32.5925],[-97.0751,32.59187],[-97.07438,32.59225],[-97.07381,32.59214],[-97.07401,32.59091],[-97.07447,32.59055],[-97.07469,32.5906],[-97.07427,32.591],[-97.07401,32.59201],[-97.07527,32.5917],[-97.07567,32.59254],[-97.07429,32.59352],[-97.07337,32.59315],[-97.0727,32.5934],[-97.07219,32.5939],[-97.07255,32.59479],[-97.07234,32.59507],[-97.07153,32.59529],[-97.07051,32.5945],[-97.06971,32.59429],[-97.0689,32.59521],[-97.06794,32.59521],[-97.06763,32.59467],[-97.06727,32.59463],[-97.06701,32.59532],[-97.06646,32.59559],[-97.06458,32.59491],[-97.06442,32.59538],[-97.06129,32.5971],[-97.06041,32.59863],[-97.06073,32.59957],[-97.06141,32.59768],[-97.06193,32.59782],[-97.06224,32.59859],[-97.06292,32.59881],[-97.06571,32.59799],[-97.06561,32.59863],[-97.06462,32.59911],[-97.06529,32.60015],[-97.06501,32.602],[-97.06631,32.60219],[-97.0652,32.60287],[-97.0617,32.60276],[-97.06166,32.60343],[-97.06221,32.60472],[-97.06403,32.60591],[-97.06444,32.60654],[-97.06514,32.60649],[-97.06536,32.60713],[-97.06482,32.60682],[-97.06462,32.60714],[-97.0639,32.60699],[-97.06346,32.60657],[-97.06314,32.60674],[-97.06265,32.60856],[-97.06107,32.61009],[-97.06115,32.61064],[-97.06188,32.61119],[-97.06129,32.61246],[-97.06068,32.61321],[-97.05872,32.61404],[-97.05834,32.6146],[-97.05813,32.61723],[-97.05938,32.61797],[-97.06255,32.61895],[-97.06248,32.61929],[-97.06297,32.61965],[-97.06213,32.61984],[-97.06421,32.62085],[-97.06496,32.62189],[-97.06621,32.62256],[-97.06462,32.62203],[-97.06439,32.62128],[-97.06341,32.62048],[-97.06309,32.62048],[-97.0635,32.6212],[-97.06286,32.62041],[-97.06165,32.61995],[-97.05911,32.61981],[-97.05872,32.62004],[-97.05889,32.6206],[-97.05715,32.61919],[-97.05667,32.61925],[-97.05524,32.62041],[-97.05459,32.62058],[-97.05456,32.62093],[-97.05281,32.62177],[-97.0525,32.62426],[-97.05169,32.62534],[-97.05078,32.62575],[-97.0468,32.62637],[-97.04589,32.62714],[-97.04557,32.62764],[-97.04562,32.62845],[-97.04612,32.62929],[-97.04523,32.63023],[-97.04394,32.62922],[-97.04334,32.62923],[-97.04162,32.62818],[-97.04073,32.6285],[-97.03971,32.6268],[-97.03946,32.62494],[-97.03889,32.62483],[-97.03877,32.6257],[-97.03918,32.62726],[-97.0409,32.6303],[-97.03953,32.63093],[-97.03957,32.63144],[-97.03847,32.63044],[-97.03604,32.63142],[-97.03282,32.63074],[-97.03009,32.62928],[-97.0293,32.62918],[-97.02876,32.62997],[-97.02826,32.6299],[-97.02742,32.63065],[-97.02763,32.63124],[-97.02683,32.63094],[-97.02471,32.6315],[-97.0228,32.63133],[-97.02236,32.63163],[-97.02293,32.6326],[-97.02367,32.63294],[-97.02287,32.63327],[-97.02292,32.63276],[-97.02162,32.63257],[-97.02121,32.63304],[-97.02161,32.63347],[-97.02154,32.63383],[-97.01996,32.63409],[-97.02035,32.63484],[-97.02009,32.63523],[-97.01891,32.6348],[-97.01857,32.63513],[-97.01881,32.63716],[-97.0214,32.63762],[-97.02128,32.63783],[-97.01871,32.63765],[-97.01835,32.63795],[-97.0184,32.6369],[-97.0175,32.6363],[-97.01607,32.63729],[-97.01684,32.63838],[-97.01686,32.63877],[-97.01621,32.6394],[-97.01581,32.63865],[-97.01475,32.63861],[-97.0137,32.639],[-97.01336,32.63967],[-97.01229,32.63938],[-97.01152,32.63983],[-97.01015,32.63963],[-97.00925,32.64034],[-97.00853,32.63986],[-97.00695,32.64101],[-97.00526,32.64003],[-97.00481,32.64006],[-97.0052,32.64077],[-97.00503,32.64219],[-97.00442,32.64238],[-97.00421,32.64173],[-97.0033,32.64182],[-97.00204,32.64095],[-97.00186,32.64346],[-97.00001,32.64392],[-96.99501,32.64403],[-96.97998,32.64166],[-96.97656,32.63936],[-96.97754,32.63906],[-96.97776,32.63934],[-96.9784,32.63884],[-96.98004,32.63905],[-96.98067,32.63856],[-96.97951,32.63733],[-96.9804,32.63725],[-96.98153,32.63634],[-96.98001,32.63396],[-96.9806,32.63402],[-96.98084,32.63352],[-96.98075,32.63202],[-96.9819,32.6323],[-96.98279,32.6333],[-96.98299,32.63273],[-96.98416,32.63208],[-96.98386,32.63177],[-96.98232,32.6315],[-96.98239,32.63115],[-96.98421,32.6304],[-96.98482,32.62975],[-96.98386,32.62847],[-96.98328,32.62842],[-96.98344,32.62811],[-96.98246,32.62752],[-96.98209,32.62572],[-96.98252,32.6251],[-96.98249,32.62407],[-96.98297,32.62406],[-96.98406,32.62551],[-96.98616,32.62673],[-96.9871,32.62627],[-96.98766,32.62659],[-96.9885,32.62648],[-96.99284,32.62476],[-96.99249,32.62407],[-96.9911,32.62353],[-96.99219,32.62293],[-96.99199,32.62183],[-96.99111,32.62153],[-96.99202,32.62066],[-96.99175,32.61916],[-96.98878,32.61916],[-96.98843,32.61905],[-96.98854,32.61862],[-96.99005,32.61823],[-96.99171,32.61698],[-96.993,32.61721],[-96.99391,32.61693],[-96.99389,32.61642],[-96.99308,32.6157],[-96.99315,32.61506],[-96.99239,32.61484],[-96.99272,32.6142],[-96.99241,32.61357],[-96.99355,32.61327],[-96.99436,32.6137],[-96.99426,32.61407],[-96.99509,32.61423],[-96.995,32.6145],[-96.9965,32.61479],[-96.99744,32.61457],[-96.99754,32.61381],[-96.99844,32.61252],[-96.99835,32.61172],[-96.99879,32.61066],[-97.00028,32.60988],[-97.00139,32.60808],[-97.00316,32.60685],[-97.00408,32.60657],[-97.0044,32.60333],[-97.00387,32.60325],[-97.00374,32.60276],[-97.00424,32.60269],[-97.00418,32.60228],[-97.00504,32.60212],[-97.00557,32.60091],[-97.00541,32.60025],[-97.00487,32.59986],[-97.00532,32.59952],[-97.0048,32.59833],[-97.00547,32.59842],[-97.00617,32.5977],[-97.00607,32.59868],[-97.00636,32.59874],[-97.00678,32.59809],[-97.00751,32.59801],[-97.00734,32.59771],[-97.00823,32.59775],[-97.01007,32.59989],[-97.01144,32.60015],[-97.01291,32.59965],[-97.01299,32.59893],[-97.01251,32.59833],[-97.01304,32.59876],[-97.01287,32.59829],[-97.01348,32.59814],[-97.01384,32.59872],[-97.0151,32.59909],[-97.01675,32.59811],[-97.01606,32.5972],[-97.01279,32.59559],[-97.01236,32.5927],[-97.01241,32.59151],[-97.01326,32.589],[-97.01291,32.58762],[-97.0145,32.58814],[-97.01579,32.5874],[-97.01577,32.58481],[-97.01676,32.58309],[-97.0194,32.58299],[-97.01999,32.5817],[-97.02096,32.5823],[-97.02139,32.58209],[-97.0193,32.58061],[-97.01706,32.58008],[-97.01777,32.57972],[-97.01868,32.57824],[-97.01873,32.57757],[-97.01998,32.57827],[-97.02019,32.57779],[-97.02066,32.57854],[-97.02127,32.5784],[-97.02216,32.57921],[-97.02242,32.57911],[-97.02216,32.57881],[-97.02276,32.57851],[-97.02361,32.57866],[-97.02585,32.57829],[-97.02807,32.57874],[-97.02934,32.57806],[-97.02963,32.57627],[-97.02919,32.57623],[-97.02913,32.57562],[-97.03039,32.57286],[-97.02921,32.57212],[-97.02943,32.5717],[-97.0292,32.57103],[-97.02799,32.56974],[-97.03052,32.56969],[-97.03128,32.57036],[-97.03176,32.57039],[-97.03204,32.56954],[-97.03167,32.56838],[-97.03183,32.5678],[-97.03391,32.56623],[-97.0336,32.56493],[-97.03319,32.56464],[-97.03361,32.56465],[-97.03321,32.56432],[-97.03413,32.56462],[-97.0343,32.56434],[-97.03356,32.56418],[-97.03349,32.56381],[-97.03476,32.56398],[-97.03424,32.56383],[-97.03443,32.56345],[-97.03376,32.56319],[-97.03452,32.56327],[-97.03497,32.56371],[-97.03562,32.56301],[-97.03517,32.5625],[-97.03536,32.56234],[-97.03594,32.56238],[-97.03662,32.56185],[-97.037,32.56241],[-97.03846,32.56124],[-97.03828,32.56088],[-97.03721,32.5608],[-97.03616,32.55896],[-97.03754,32.55988],[-97.04019,32.56033],[-97.04139,32.55968],[-97.04093,32.55748],[-97.0415,32.55552],[-97.0423,32.55457],[-97.04187,32.55325],[-97.04214,32.55293],[-97.04235,32.55323],[-97.04282,32.55319],[-97.04315,32.55267],[-97.04306,32.55197],[-97.04413,32.55179],[-97.04518,32.55059],[-97.04523,32.55018],[-97.04487,32.55022],[-97.04531,32.54952],[-97.04482,32.54924],[-97.04484,32.54869],[-97.04712,32.54925],[-97.04565,32.54883],[-97.04558,32.54817],[-97.04514,32.54769],[-97.04279,32.54658],[-97.04239,32.54557],[-97.0428,32.54438],[-97.04249,32.54598],[-97.04303,32.54659],[-97.04602,32.5479],[-97.04637,32.54686],[-97.04595,32.54688],[-97.04563,32.54578],[-97.046,32.54673],[-97.04654,32.54692],[-97.04632,32.54783],[-97.04739,32.54824],[-97.04682,32.54745],[-97.04811,32.5476],[-97.04884,32.54702],[-97.04903,32.54629],[-97.04972,32.54607],[-97.04958,32.54577],[-97.05298,32.54605],[-97.05155,32.54602],[-97.05212,32.54629],[-97.05168,32.54669],[-97.05185,32.5469],[-97.05233,32.54665],[-97.05543,32.54672],[-97.05557,32.54615],[-97.04887,32.54518],[-97.04849,32.5445],[-97.05212,32.54346],[-97.05532,32.54455],[-97.05491,32.5443],[-97.05666,32.54298],[-97.05649,32.54214],[-97.05576,32.54127],[-97.05645,32.53936],[-97.05699,32.53946],[-97.05751,32.54024],[-97.058,32.54001],[-97.05815,32.54023],[-97.05778,32.54064],[-97.05838,32.54162],[-97.05866,32.54335],[-97.05826,32.54437],[-97.05861,32.54507],[-97.05843,32.54555],[-97.05878,32.54579],[-97.05901,32.54577],[-97.05878,32.54549],[-97.05917,32.54485],[-97.06,32.54433],[-97.06039,32.54362],[-97.05872,32.54384],[-97.05868,32.54354],[-97.06043,32.54328],[-97.06109,32.54227],[-97.06036,32.54421],[-97.05968,32.54476],[-97.06026,32.54493],[-97.05917,32.54536],[-97.05926,32.54566],[-97.0604,32.54512],[-97.0607,32.54578],[-97.06038,32.5462],[-97.06041,32.54546],[-97.06008,32.54531],[-97.0593,32.54574],[-97.05923,32.54612],[-97.05835,32.5459],[-97.05781,32.54611],[-97.05837,32.54662],[-97.05781,32.54639],[-97.05771,32.54675],[-97.05726,32.54666],[-97.05689,32.54705],[-97.05692,32.5477],[-97.05571,32.54752],[-97.05383,32.54779],[-97.05258,32.54854],[-97.05309,32.54994],[-97.05383,32.55045],[-97.05502,32.55058],[-97.05541,32.55244],[-97.05403,32.55452],[-97.0543,32.55466],[-97.05407,32.5555],[-97.05295,32.55605],[-97.05258,32.55668],[-97.04795,32.55845],[-97.04673,32.56001],[-97.04844,32.56133],[-97.04892,32.56293],[-97.05108,32.5635],[-97.05293,32.56317],[-97.05328,32.56364],[-97.0536,32.56357],[-97.05384,32.56294],[-97.05506,32.56291],[-97.05535,32.56328],[-97.05534,32.56447],[-97.05661,32.565],[-97.05656,32.56534],[-97.05517,32.56451],[-97.05519,32.56497],[-97.05625,32.56536],[-97.05481,32.56522],[-97.05475,32.5641],[-97.05445,32.56541],[-97.0537,32.56488],[-97.05362,32.56403],[-97.05322,32.564],[-97.05264,32.56597],[-97.05191,32.56612],[-97.05135,32.56587],[-97.04979,32.56628],[-97.04741,32.56775],[-97.04694,32.56735],[-97.04653,32.56756],[-97.04561,32.56713],[-97.04446,32.56819],[-97.04163,32.56845],[-97.04096,32.5689],[-97.0421,32.57005],[-97.04168,32.57131],[-97.04265,32.57141],[-97.0427,32.57175],[-97.04319,32.57194],[-97.04262,32.57203],[-97.04227,32.57175],[-97.04204,32.57203],[-97.04172,32.57177],[-97.04167,32.57224],[-97.04077,32.57333],[-97.04085,32.57381],[-97.03988,32.57411],[-97.04148,32.57473],[-97.04008,32.57577],[-97.04059,32.57615],[-97.03951,32.57677],[-97.03956,32.57749],[-97.04032,32.57785],[-97.04143,32.57757],[-97.04201,32.57706],[-97.04351,32.57788],[-97.04237,32.57756],[-97.04034,32.57916],[-97.03886,32.57893],[-97.03854,32.57983],[-97.03713,32.57972],[-97.03771,32.58017],[-97.03728,32.58066],[-97.03795,32.58249],[-97.0392,32.58325],[-97.04022,32.58308],[-97.04109,32.5835]],[[-97.05772,32.54583],[-97.05808,32.54556],[-97.05765,32.5457],[-97.05772,32.54583]],[[-97.05476,32.56372],[-97.05502,32.56389],[-97.05501,32.56367],[-97.05463,32.56342],[-97.05476,32.56372]],[[-97.03795,32.56362],[-97.03807,32.56326],[-97.03787,32.56306],[-97.03795,32.56362]],[[-97.04565,32.54936],[-97.04582,32.54955],[-97.04616,32.54927],[-97.04558,32.54914],[-97.04565,32.54936]],[[-97.04329,32.55601],[-97.04359,32.55612],[-97.04407,32.55588],[-97.04329,32.55601]],[[-97.06042,32.60149],[-97.06103,32.60237],[-97.06117,32.60214],[-97.06042,32.60149]],[[-97.06075,32.59621],[-97.0612,32.59564],[-97.06064,32.59591],[-97.06047,32.59624],[-97.06075,32.59621]],[[-97.06136,32.60125],[-97.06082,32.60002],[-97.06108,32.60134],[-97.06136,32.60125]],[[-97.05656,32.54445],[-97.05715,32.54454],[-97.05725,32.54426],[-97.05667,32.54382],[-97.0563,32.54427],[-97.05656,32.54445]],[[-97.05989,32.60284],[-97.06061,32.60245],[-97.05993,32.60177],[-97.05929,32.60281],[-97.05955,32.60314],[-97.05989,32.60284]],[[-97.0564,32.54111],[-97.05731,32.54097],[-97.05642,32.5394],[-97.05595,32.54082],[-97.0564,32.54111]],[[-97.06263,32.6002],[-97.06237,32.59945],[-97.06152,32.59913],[-97.06105,32.59937],[-97.06149,32.60036],[-97.06251,32.60076],[-97.06263,32.6002]],[[-97.0475,32.54959],[-97.04709,32.55036],[-97.04716,32.55103],[-97.04811,32.55191],[-97.04919,32.55206],[-97.04985,32.55095],[-97.0492,32.54975],[-97.04812,32.54915],[-97.04737,32.54927],[-97.0475,32.54959]]]},"properties":{"name":"Joe Pool Lake","acres":6495,"objectid":330454}},{"type":"Feature","id":330893,"geometry":{"type":"Polygon","coordinates":[[[-97.125,32.98511],[-97.12537,32.98506],[-97.12528,32.987],[-97.12931,32.98683],[-97.13087,32.98635],[-97.13174,32.98684],[-97.13107,32.98714],[-97.13047,32.98677],[-97.12976,32.98755],[-97.1316,32.98818],[-97.1331,32.98783],[-97.13329,32.98684],[-97.13306,32.98639],[-97.13338,32.98616],[-97.13366,32.98685],[-97.13333,32.98734],[-97.13401,32.98778],[-97.13402,32.9883],[-97.13565,32.98847],[-97.13696,32.98946],[-97.13891,32.98823],[-97.1403,32.98875],[-97.14076,32.9876],[-97.14166,32.98716],[-97.14174,32.98848],[-97.14101,32.99097],[-97.13954,32.99123],[-97.13885,32.99061],[-97.13818,32.99051],[-97.13716,32.99142],[-97.13431,32.99246],[-97.13359,32.99302],[-97.13399,32.99407],[-97.13404,32.99569],[-97.13527,32.99698],[-97.13518,32.99902],[-97.13604,32.99981],[-97.13838,32.9996],[-97.13998,32.99993],[-97.14377,33.0036],[-97.14702,33.00493],[-97.14764,33.00493],[-97.14845,33.00563],[-97.14872,33.00561],[-97.14873,33.00506],[-97.14912,33.00497],[-97.14982,33.00507],[-97.15053,33.00567],[-97.15224,33.00505],[-97.15384,33.00559],[-97.15507,33.00553],[-97.15689,33.00605],[-97.15738,33.00652],[-97.15785,33.00648],[-97.16046,33.00775],[-97.16287,33.00839],[-97.16431,33.00929],[-97.16543,33.00938],[-97.16684,33.01043],[-97.1667,33.01075],[-97.1671,33.01082],[-97.16693,33.01167],[-97.16598,33.01193],[-97.164,33.01186],[-97.16178,33.01114],[-97.15799,33.01085],[-97.15794,33.0118],[-97.15731,33.01203],[-97.15735,33.01229],[-97.15859,33.01197],[-97.15895,33.01146],[-97.1603,33.01207],[-97.16047,33.01253],[-97.15741,33.01378],[-97.1574,33.01401],[-97.1618,33.01576],[-97.16483,33.01604],[-97.16733,33.01693],[-97.16745,33.01645],[-97.16807,33.01724],[-97.1688,33.01701],[-97.16859,33.01692],[-97.16886,33.01634],[-97.16761,33.01615],[-97.16725,33.0158],[-97.16857,33.01607],[-97.16833,33.01477],[-97.16954,33.01422],[-97.16991,33.01363],[-97.16976,33.01303],[-97.17012,33.01281],[-97.16941,33.0124],[-97.16961,33.01177],[-97.17185,33.01137],[-97.17338,33.01159],[-97.17381,33.01222],[-97.1743,33.01197],[-97.17478,33.01113],[-97.17655,33.01155],[-97.17655,33.01176],[-97.17583,33.01173],[-97.17484,33.01127],[-97.17447,33.01204],[-97.17376,33.01237],[-97.17323,33.01174],[-97.17175,33.01155],[-97.16959,33.01207],[-97.16967,33.01242],[-97.17042,33.01279],[-97.16996,33.01318],[-97.17005,33.01445],[-97.16899,33.01495],[-97.169,33.01532],[-97.17051,33.01568],[-97.16966,33.01571],[-97.16983,33.01676],[-97.16919,33.01748],[-97.1692,33.01791],[-97.16992,33.01855],[-97.17103,33.0188],[-97.17404,33.01777],[-97.17423,33.01864],[-97.17459,33.0183],[-97.17541,33.01896],[-97.17509,33.01973],[-97.17529,33.0201],[-97.17426,33.02067],[-97.17298,33.02205],[-97.17156,33.02233],[-97.17034,33.022],[-97.16981,33.02226],[-97.1707,33.02251],[-97.16964,33.02271],[-97.16921,33.02253],[-97.16907,33.02201],[-97.16842,33.02193],[-97.16602,33.0223],[-97.16585,33.02211],[-97.16645,33.022],[-97.16652,33.02161],[-97.16555,33.02136],[-97.16316,33.01962],[-97.1614,33.01993],[-97.16044,33.02116],[-97.16367,33.02311],[-97.16549,33.02352],[-97.16586,33.02316],[-97.16694,33.02345],[-97.16746,33.02382],[-97.16757,33.02465],[-97.16859,33.02456],[-97.17178,33.027],[-97.17546,33.02904],[-97.17763,33.03064],[-97.17766,33.03166],[-97.17803,33.03207],[-97.17762,33.03204],[-97.17762,33.03237],[-97.17717,33.03246],[-97.17736,33.03266],[-97.17793,33.03266],[-97.17865,33.03216],[-97.17972,33.03047],[-97.17958,33.02621],[-97.18029,33.02568],[-97.18072,33.02446],[-97.1818,33.02295],[-97.18205,33.02322],[-97.18426,33.02211],[-97.18557,33.0201],[-97.18682,33.02009],[-97.18732,33.01997],[-97.18738,33.01962],[-97.18805,33.01962],[-97.18725,33.02032],[-97.1856,33.02081],[-97.18494,33.02226],[-97.18163,33.02382],[-97.18038,33.02579],[-97.18092,33.02597],[-97.18018,33.02696],[-97.18078,33.03132],[-97.18075,33.03499],[-97.18161,33.03551],[-97.18068,33.0351],[-97.18082,33.03605],[-97.17974,33.03683],[-97.18025,33.03708],[-97.181,33.03683],[-97.18156,33.03581],[-97.18194,33.03567],[-97.18145,33.03501],[-97.18183,33.03451],[-97.18138,33.03271],[-97.18183,33.03122],[-97.18232,33.03134],[-97.18268,33.0307],[-97.18152,33.03088],[-97.1815,33.03048],[-97.18242,33.03046],[-97.18307,33.03004],[-97.18248,33.03329],[-97.18401,33.032],[-97.18479,33.0328],[-97.18623,33.03221],[-97.18674,33.03276],[-97.18467,33.03472],[-97.18474,33.03531],[-97.18327,33.03692],[-97.18317,33.0378],[-97.18265,33.03815],[-97.18281,33.03915],[-97.18299,33.03946],[-97.18334,33.03933],[-97.18353,33.03978],[-97.18303,33.03977],[-97.18289,33.04017],[-97.18263,33.03994],[-97.1822,33.04014],[-97.18214,33.03982],[-97.18252,33.03973],[-97.18214,33.03946],[-97.18184,33.04136],[-97.18225,33.04196],[-97.18226,33.04261],[-97.18071,33.04251],[-97.18209,33.04237],[-97.18158,33.04118],[-97.18207,33.03888],[-97.18172,33.03837],[-97.18131,33.03968],[-97.18051,33.0392],[-97.1799,33.03949],[-97.1779,33.03917],[-97.1772,33.03838],[-97.17553,33.03758],[-97.17565,33.03725],[-97.17412,33.03681],[-97.17321,33.03601],[-97.17306,33.03533],[-97.17224,33.03473],[-97.17178,33.03377],[-97.17114,33.03355],[-97.17108,33.03313],[-97.17138,33.03313],[-97.17071,33.033],[-97.17099,33.03255],[-97.17126,33.0328],[-97.17049,33.03178],[-97.17014,33.03197],[-97.17037,33.03224],[-97.1697,33.03242],[-97.16828,33.03169],[-97.16857,33.03127],[-97.16821,33.03053],[-97.16882,33.03036],[-97.16668,33.02904],[-97.16427,33.02863],[-97.16393,33.02941],[-97.1635,33.02942],[-97.16306,33.03014],[-97.16325,33.03053],[-97.16291,33.0306],[-97.16259,33.02937],[-97.16188,33.0297],[-97.1622,33.02858],[-97.1614,33.02859],[-97.16152,33.02888],[-97.16117,33.02909],[-97.16051,33.02892],[-97.16027,33.0283],[-97.15972,33.02882],[-97.15948,33.02841],[-97.16068,33.02798],[-97.15991,33.02764],[-97.1591,33.02847],[-97.15834,33.02853],[-97.15589,33.02671],[-97.15607,33.02632],[-97.1552,33.02688],[-97.15529,33.02655],[-97.15497,33.02658],[-97.15565,33.02583],[-97.15546,33.02533],[-97.153,33.0233],[-97.15181,33.02072],[-97.14976,33.01948],[-97.14713,33.0192],[-97.14606,33.01938],[-97.14574,33.01984],[-97.1454,33.01979],[-97.14541,33.01941],[-97.14468,33.01966],[-97.14427,33.0221],[-97.14367,33.02217],[-97.14401,33.02228],[-97.1438,33.0232],[-97.14262,33.02423],[-97.14383,33.02632],[-97.1431,33.02616],[-97.14264,33.02572],[-97.14222,33.02449],[-97.14248,33.02323],[-97.1423,33.02159],[-97.14148,33.0213],[-97.14231,33.0208],[-97.14213,33.01993],[-97.13936,33.01722],[-97.13801,33.01391],[-97.13692,33.01274],[-97.13617,33.01245],[-97.13425,33.01267],[-97.13345,33.01417],[-97.13355,33.01526],[-97.13308,33.01614],[-97.13069,33.01688],[-97.1306,33.01638],[-97.13238,33.01551],[-97.1321,33.01405],[-97.13247,33.01294],[-97.13212,33.01236],[-97.13123,33.01353],[-97.1303,33.01384],[-97.13117,33.01339],[-97.13106,33.0127],[-97.12841,33.01138],[-97.12772,33.01142],[-97.12742,33.01188],[-97.12699,33.01139],[-97.12727,33.01018],[-97.12618,33.00985],[-97.12507,33.0107],[-97.12476,33.01267],[-97.1243,33.01085],[-97.12491,33.01012],[-97.12415,33.00982],[-97.12328,33.0089],[-97.1222,33.00823],[-97.11985,33.00761],[-97.11883,33.00758],[-97.11803,33.0082],[-97.11769,33.00708],[-97.1163,33.00875],[-97.11652,33.00675],[-97.11528,33.00624],[-97.11374,33.00459],[-97.1127,33.00519],[-97.11258,33.00625],[-97.11231,33.00668],[-97.11199,33.00661],[-97.1122,33.00332],[-97.11108,33.00315],[-97.11084,33.00161],[-97.10954,33.00084],[-97.10861,32.99965],[-97.10787,32.99924],[-97.10588,32.99917],[-97.10539,33.00067],[-97.10562,33.00108],[-97.1063,33.00106],[-97.10775,33.00271],[-97.10809,33.00367],[-97.10875,33.00399],[-97.10824,33.00463],[-97.10787,33.0045],[-97.10729,33.00496],[-97.10836,33.0069],[-97.10797,33.00816],[-97.10848,33.00874],[-97.10867,33.0102],[-97.11006,33.01131],[-97.10975,33.01154],[-97.11073,33.01249],[-97.1104,33.01266],[-97.10907,33.01166],[-97.10683,33.01369],[-97.10698,33.01423],[-97.10805,33.0152],[-97.10816,33.01651],[-97.10745,33.01678],[-97.10742,33.01724],[-97.10733,33.01677],[-97.108,33.01649],[-97.10783,33.01522],[-97.1063,33.01401],[-97.10666,33.01327],[-97.10587,33.01325],[-97.10685,33.01302],[-97.10812,33.01138],[-97.10742,33.01081],[-97.10704,33.0109],[-97.1073,33.01008],[-97.10671,33.0085],[-97.10667,33.00714],[-97.10566,33.00752],[-97.1065,33.00639],[-97.10639,33.00606],[-97.1053,33.00567],[-97.10624,33.00568],[-97.10658,33.00393],[-97.10606,33.00388],[-97.10618,33.00349],[-97.10532,33.00367],[-97.10486,33.00273],[-97.1039,33.003],[-97.10305,33.00539],[-97.10179,33.00664],[-97.10234,33.00753],[-97.10162,33.00738],[-97.10121,33.00767],[-97.10125,33.00884],[-97.10028,33.00916],[-97.09969,33.00999],[-97.09992,33.01018],[-97.09958,33.01029],[-97.10021,33.01139],[-97.10022,33.01262],[-97.10002,33.01124],[-97.0995,33.011],[-97.09931,33.00885],[-97.09771,33.0101],[-97.09866,33.00878],[-97.09829,33.00803],[-97.09905,33.00816],[-97.09933,33.00707],[-97.10053,33.00637],[-97.1004,33.00551],[-97.10134,33.00502],[-97.10124,33.00451],[-97.10055,33.00437],[-97.10174,33.00393],[-97.10083,33.0032],[-97.10213,33.0035],[-97.10261,33.00316],[-97.10263,33.00236],[-97.10292,33.00225],[-97.10278,33.00141],[-97.10361,33.00167],[-97.10361,33.00099],[-97.10304,33.00019],[-97.10222,33.00032],[-97.1019,33],[-97.10226,32.99934],[-97.10325,32.99943],[-97.1036,32.99852],[-97.10213,32.99703],[-97.10072,32.99758],[-97.10064,32.99798],[-97.09992,32.99838],[-97.09939,32.9981],[-97.09815,32.99856],[-97.09754,32.99809],[-97.09745,32.99867],[-97.09675,32.99828],[-97.0957,32.99851],[-97.09547,32.99914],[-97.09575,32.99964],[-97.09661,32.9993],[-97.09702,32.99963],[-97.09639,32.99964],[-97.09612,33.00024],[-97.09566,33.00033],[-97.09532,33.00085],[-97.09552,33.00124],[-97.09505,33.00146],[-97.09542,33.00157],[-97.09525,33.00265],[-97.0949,33.00264],[-97.09467,33.00254],[-97.09469,33.00144],[-97.09309,33.00117],[-97.09356,33.00091],[-97.09427,33.00119],[-97.09471,33.00042],[-97.09376,32.99971],[-97.09301,32.99964],[-97.09367,32.99952],[-97.09382,32.99903],[-97.09432,32.99879],[-97.09371,32.99806],[-97.09424,32.99749],[-97.09389,32.99667],[-97.09296,32.99664],[-97.09289,32.99731],[-97.09201,32.99715],[-97.09101,32.99814],[-97.09182,32.99622],[-97.09233,32.99568],[-97.09314,32.99561],[-97.09323,32.99498],[-97.09237,32.99431],[-97.09141,32.99446],[-97.09092,32.99376],[-97.0906,32.99425],[-97.09093,32.99484],[-97.09072,32.99541],[-97.0896,32.99463],[-97.08879,32.99505],[-97.08852,32.99476],[-97.08899,32.99421],[-97.08955,32.9942],[-97.08968,32.99349],[-97.08596,32.99196],[-97.08544,32.99235],[-97.08548,32.99275],[-97.0845,32.99299],[-97.08437,32.99406],[-97.0848,32.99461],[-97.08478,32.99523],[-97.08537,32.9953],[-97.08516,32.9958],[-97.08618,32.99587],[-97.08674,32.99682],[-97.08614,32.99669],[-97.08519,32.99746],[-97.08427,32.99604],[-97.08271,32.99718],[-97.08271,32.99868],[-97.08231,32.9987],[-97.08211,32.99928],[-97.08158,32.99912],[-97.08122,32.99979],[-97.08171,33.00019],[-97.08114,33.00013],[-97.08108,33.00047],[-97.08129,32.99902],[-97.08194,32.99884],[-97.08165,32.99858],[-97.08188,32.99825],[-97.08162,32.99654],[-97.08228,32.99571],[-97.08303,32.99537],[-97.08299,32.99461],[-97.08241,32.99453],[-97.0818,32.99533],[-97.08063,32.99598],[-97.08001,32.99727],[-97.07956,32.99746],[-97.07959,32.99792],[-97.07944,32.99747],[-97.07897,32.99758],[-97.0798,32.99729],[-97.07966,32.99564],[-97.0805,32.99469],[-97.08092,32.99475],[-97.08121,32.99333],[-97.08221,32.99308],[-97.082,32.99238],[-97.08145,32.99265],[-97.08098,32.99228],[-97.08182,32.99177],[-97.08244,32.99199],[-97.08252,32.99156],[-97.0806,32.99079],[-97.08009,32.99009],[-97.0791,32.99047],[-97.07834,32.99165],[-97.07774,32.99181],[-97.07738,32.99164],[-97.07667,32.99009],[-97.07567,32.98967],[-97.07498,32.99092],[-97.07419,32.991],[-97.07342,32.99162],[-97.07328,32.9921],[-97.0728,32.99205],[-97.07336,32.99084],[-97.07297,32.99055],[-97.07366,32.99058],[-97.07402,32.99026],[-97.07397,32.98949],[-97.07263,32.98802],[-97.07162,32.98756],[-97.06946,32.98732],[-97.06841,32.98535],[-97.06783,32.98333],[-97.06859,32.98257],[-97.06798,32.98115],[-97.06583,32.98099],[-97.06543,32.98065],[-97.0638,32.98042],[-97.0617,32.97805],[-97.05893,32.97653],[-97.05867,32.97581],[-97.05771,32.9755],[-97.05744,32.97503],[-97.05545,32.9625],[-97.0566,32.96149],[-97.0574,32.95918],[-97.05663,32.95733],[-97.05806,32.95785],[-97.05929,32.95741],[-97.05892,32.95714],[-97.0592,32.95663],[-97.05894,32.95589],[-97.05918,32.95452],[-97.05801,32.95369],[-97.05778,32.95297],[-97.05831,32.95344],[-97.05893,32.95323],[-97.0601,32.95356],[-97.05969,32.9524],[-97.06028,32.9516],[-97.05944,32.95032],[-97.06007,32.95],[-97.06107,32.95102],[-97.06193,32.94983],[-97.06208,32.94829],[-97.06285,32.94842],[-97.06239,32.94872],[-97.06242,32.94935],[-97.06302,32.95004],[-97.06446,32.94938],[-97.06424,32.94993],[-97.06279,32.95024],[-97.06226,32.95065],[-97.06229,32.9512],[-97.06118,32.95218],[-97.06197,32.95226],[-97.06172,32.95389],[-97.06094,32.95504],[-97.06153,32.95613],[-97.06142,32.95668],[-97.06208,32.95724],[-97.06215,32.95834],[-97.06301,32.95994],[-97.06356,32.9597],[-97.06375,32.96005],[-97.06422,32.95993],[-97.06437,32.95954],[-97.06435,32.95997],[-97.06491,32.95909],[-97.06656,32.95813],[-97.06704,32.95683],[-97.06654,32.95977],[-97.06695,32.96061],[-97.0677,32.96034],[-97.06815,32.96066],[-97.06871,32.96057],[-97.06811,32.96125],[-97.06839,32.96144],[-97.0682,32.96177],[-97.06884,32.96242],[-97.06971,32.96156],[-97.07096,32.96151],[-97.07148,32.96065],[-97.07309,32.96104],[-97.0737,32.96056],[-97.07345,32.96007],[-97.07412,32.95889],[-97.074,32.95762],[-97.07443,32.95647],[-97.07484,32.9567],[-97.07433,32.95714],[-97.07445,32.95745],[-97.07472,32.95736],[-97.07452,32.95799],[-97.07527,32.95906],[-97.07573,32.95803],[-97.07641,32.95915],[-97.07686,32.95886],[-97.07689,32.95819],[-97.07774,32.957],[-97.07766,32.95655],[-97.07675,32.9562],[-97.07778,32.9559],[-97.07862,32.9563],[-97.07878,32.9567],[-97.07872,32.95781],[-97.07823,32.95843],[-97.07883,32.95893],[-97.07911,32.95852],[-97.07943,32.95869],[-97.07965,32.95749],[-97.08067,32.95626],[-97.08041,32.95542],[-97.08108,32.95501],[-97.08216,32.95498],[-97.08259,32.95441],[-97.08259,32.95359],[-97.08265,32.95388],[-97.08279,32.95367],[-97.08294,32.95399],[-97.08254,32.95512],[-97.08322,32.95528],[-97.08342,32.95573],[-97.08279,32.95569],[-97.08247,32.95531],[-97.08125,32.9554],[-97.08188,32.95589],[-97.08138,32.95667],[-97.08166,32.95697],[-97.08132,32.95698],[-97.08079,32.95819],[-97.0809,32.95896],[-97.08187,32.95944],[-97.08138,32.95969],[-97.08073,32.95955],[-97.07941,32.9604],[-97.07891,32.96023],[-97.0787,32.96061],[-97.07846,32.96033],[-97.07792,32.96056],[-97.07743,32.96103],[-97.07746,32.96205],[-97.07597,32.96249],[-97.07561,32.96331],[-97.07481,32.96316],[-97.07349,32.96453],[-97.07301,32.96451],[-97.07267,32.96396],[-97.0722,32.96439],[-97.07328,32.96585],[-97.07407,32.9659],[-97.07488,32.96641],[-97.07603,32.96624],[-97.07658,32.96725],[-97.07719,32.96721],[-97.07876,32.96818],[-97.08063,32.97006],[-97.0826,32.96949],[-97.08275,32.96981],[-97.08198,32.97063],[-97.08201,32.97107],[-97.08386,32.97165],[-97.08446,32.97152],[-97.08502,32.9724],[-97.08689,32.97256],[-97.08825,32.9722],[-97.08834,32.97173],[-97.0895,32.97167],[-97.08935,32.97113],[-97.08879,32.971],[-97.08838,32.9704],[-97.0881,32.96915],[-97.08729,32.96862],[-97.0885,32.96869],[-97.08939,32.96947],[-97.08905,32.96976],[-97.09072,32.97041],[-97.09237,32.9685],[-97.0916,32.96805],[-97.09171,32.96772],[-97.09298,32.96816],[-97.09328,32.96782],[-97.0925,32.96631],[-97.09301,32.96666],[-97.09339,32.96652],[-97.0937,32.96699],[-97.0947,32.96701],[-97.09521,32.96628],[-97.09521,32.96547],[-97.09589,32.96683],[-97.0972,32.9657],[-97.09604,32.96507],[-97.09557,32.96446],[-97.09588,32.96375],[-97.09652,32.96396],[-97.09648,32.96445],[-97.09611,32.96428],[-97.09645,32.96452],[-97.09741,32.96442],[-97.09766,32.96489],[-97.09842,32.9649],[-97.09858,32.96423],[-97.09979,32.96402],[-97.10005,32.96347],[-97.09956,32.96312],[-97.0998,32.96288],[-97.10042,32.96301],[-97.10068,32.96341],[-97.10155,32.96337],[-97.10109,32.96214],[-97.10132,32.96181],[-97.10154,32.96187],[-97.10146,32.96242],[-97.10214,32.96297],[-97.10235,32.9626],[-97.10276,32.96273],[-97.10298,32.9619],[-97.10326,32.96233],[-97.10394,32.96224],[-97.10327,32.96172],[-97.10348,32.96109],[-97.10396,32.96107],[-97.10405,32.96137],[-97.1042,32.96075],[-97.10465,32.961],[-97.10416,32.96171],[-97.10469,32.96217],[-97.10437,32.96232],[-97.10413,32.96352],[-97.10235,32.96457],[-97.10235,32.96513],[-97.10211,32.96476],[-97.10173,32.96477],[-97.09929,32.96651],[-97.09978,32.96751],[-97.09845,32.96717],[-97.09903,32.96839],[-97.09966,32.96863],[-97.09981,32.96905],[-97.09842,32.96955],[-97.09743,32.96875],[-97.09669,32.96913],[-97.0958,32.96907],[-97.09665,32.96997],[-97.0955,32.96976],[-97.09668,32.97101],[-97.09535,32.97057],[-97.09555,32.97102],[-97.09512,32.97103],[-97.09454,32.97025],[-97.0943,32.97045],[-97.09455,32.97129],[-97.09408,32.97133],[-97.09377,32.972],[-97.09374,32.9726],[-97.09456,32.97265],[-97.09419,32.97275],[-97.09437,32.97285],[-97.0954,32.97219],[-97.09595,32.97222],[-97.09633,32.97321],[-97.09583,32.97318],[-97.09569,32.97358],[-97.09714,32.97651],[-97.09625,32.97709],[-97.09602,32.97811],[-97.09548,32.97835],[-97.09576,32.97989],[-97.09691,32.98082],[-97.09712,32.98022],[-97.0988,32.9795],[-97.09861,32.97929],[-97.0989,32.97898],[-97.09991,32.9794],[-97.10026,32.97917],[-97.10118,32.98046],[-97.1004,32.98027],[-97.09923,32.98109],[-97.09886,32.98101],[-97.09877,32.98154],[-97.09921,32.98232],[-97.10057,32.98324],[-97.1014,32.98353],[-97.10241,32.98339],[-97.10294,32.98171],[-97.10397,32.98104],[-97.1054,32.98063],[-97.10788,32.98058],[-97.10796,32.97993],[-97.10709,32.97853],[-97.10755,32.97859],[-97.10664,32.97792],[-97.1069,32.9777],[-97.10777,32.97808],[-97.10773,32.97727],[-97.10812,32.97806],[-97.10878,32.97789],[-97.10855,32.97751],[-97.10878,32.9772],[-97.10927,32.97769],[-97.10878,32.97903],[-97.10932,32.97908],[-97.11005,32.97853],[-97.11007,32.97922],[-97.10945,32.97961],[-97.10947,32.97996],[-97.11219,32.97957],[-97.11223,32.97895],[-97.11305,32.97753],[-97.11299,32.97701],[-97.11399,32.97615],[-97.11323,32.97558],[-97.11398,32.97564],[-97.11348,32.9753],[-97.11385,32.97435],[-97.11412,32.97444],[-97.11404,32.97492],[-97.11473,32.97508],[-97.11439,32.97485],[-97.11432,32.97376],[-97.11415,32.9741],[-97.1141,32.97386],[-97.1142,32.9736],[-97.11468,32.97386],[-97.11477,32.97363],[-97.11489,32.97399],[-97.11443,32.97388],[-97.11484,32.97429],[-97.11447,32.97443],[-97.11457,32.97476],[-97.11505,32.97467],[-97.11492,32.97508],[-97.11569,32.97591],[-97.11523,32.97584],[-97.11567,32.9761],[-97.1153,32.97727],[-97.11452,32.9783],[-97.11486,32.97877],[-97.11427,32.97908],[-97.11443,32.98105],[-97.11351,32.98176],[-97.11257,32.98204],[-97.11246,32.98165],[-97.112,32.98169],[-97.11071,32.98246],[-97.1109,32.98286],[-97.11177,32.98328],[-97.11445,32.98347],[-97.11628,32.98474],[-97.11629,32.98502],[-97.11589,32.98494],[-97.11547,32.98553],[-97.11531,32.98766],[-97.11564,32.98913],[-97.11626,32.9894],[-97.11796,32.9883],[-97.11913,32.98883],[-97.12069,32.98867],[-97.12117,32.98733],[-97.12096,32.98678],[-97.12032,32.98658],[-97.12036,32.98626],[-97.12073,32.98631],[-97.12101,32.98571],[-97.12117,32.98634],[-97.12147,32.98636],[-97.12221,32.98556],[-97.1219,32.98667],[-97.12197,32.98863],[-97.1223,32.98888],[-97.12287,32.98778],[-97.1239,32.98769],[-97.12437,32.98722],[-97.12458,32.98577],[-97.125,32.98511]],[[-97.10407,32.96162],[-97.10425,32.9615],[-97.10393,32.96143],[-97.10407,32.96162]],[[-97.1794,33.03494],[-97.1794,33.03474],[-97.17898,33.03442],[-97.1794,33.03494]],[[-97.10385,32.99995],[-97.10397,32.99969],[-97.10359,32.99965],[-97.10385,32.99995]],[[-97.17983,33.03523],[-97.18019,33.03503],[-97.18049,33.03417],[-97.17983,33.03523]],[[-97.17386,33.01898],[-97.17366,33.0198],[-97.17216,33.01988],[-97.17388,33.01991],[-97.17386,33.01898]],[[-97.17927,33.03192],[-97.17999,33.03178],[-97.17995,33.03051],[-97.17927,33.03192]],[[-97.17966,33.0351],[-97.18015,33.0347],[-97.18017,33.03361],[-97.17966,33.03408],[-97.17966,33.0351]],[[-97.08573,32.97494],[-97.085,32.97432],[-97.08396,32.97406],[-97.08358,32.97429],[-97.08444,32.97499],[-97.08573,32.97494]],[[-97.16368,33.02326],[-97.16353,33.02343],[-97.16461,33.02401],[-97.16502,33.02394],[-97.16573,33.02462],[-97.16635,33.02464],[-97.16609,33.02422],[-97.16722,33.02415],[-97.1666,33.02392],[-97.1666,33.02348],[-97.16572,33.02378],[-97.16368,33.02326]],[[-97.17835,33.0339],[-97.17923,33.03412],[-97.1799,33.03371],[-97.18006,33.03189],[-97.17782,33.03295],[-97.17886,33.03306],[-97.1785,33.0336],[-97.17933,33.03395],[-97.17835,33.0339]],[[-97.17924,33.03717],[-97.1804,33.03636],[-97.18057,33.03576],[-97.18026,33.03536],[-97.17923,33.03533],[-97.17867,33.03464],[-97.17717,33.03392],[-97.17824,33.03492],[-97.1785,33.03594],[-97.17938,33.03621],[-97.17889,33.0366],[-97.17924,33.03717]]]},"properties":{"name":"Grapevine Lake","acres":6611,"objectid":330893}},{"type":"Feature","id":376672,"geometry":{"type":"Polygon","coordinates":[[[-97.49036,32.80936],[-97.49159,32.81006],[-97.49169,32.81041],[-97.49205,32.81032],[-97.4926,32.811],[-97.49227,32.81127],[-97.49294,32.81113],[-97.49216,32.81266],[-97.48961,32.81418],[-97.48778,32.8139],[-97.48736,32.81429],[-97.48718,32.81511],[-97.48574,32.81574],[-97.48419,32.81589],[-97.48169,32.81512],[-97.48059,32.81512],[-97.47778,32.81634],[-97.4762,32.81595],[-97.47494,32.81516],[-97.47497,32.81402],[-97.47415,32.81317],[-97.4732,32.81132],[-97.47233,32.81112],[-97.47135,32.81195],[-97.47201,32.81264],[-97.47175,32.81314],[-97.4708,32.81359],[-97.46966,32.81325],[-97.46852,32.81388],[-97.46898,32.81433],[-97.46964,32.81405],[-97.46983,32.81472],[-97.47089,32.81491],[-97.47041,32.81545],[-97.4707,32.81614],[-97.47035,32.81681],[-97.46882,32.81593],[-97.4687,32.81557],[-97.46772,32.81555],[-97.46735,32.81449],[-97.46665,32.81385],[-97.46599,32.81417],[-97.46428,32.81405],[-97.4584,32.81602],[-97.45723,32.81684],[-97.45692,32.81767],[-97.45517,32.81767],[-97.45169,32.81899],[-97.45109,32.81963],[-97.44767,32.82133],[-97.44602,32.82273],[-97.44554,32.82369],[-97.44626,32.82623],[-97.4475,32.82743],[-97.45298,32.82598],[-97.4576,32.82547],[-97.458,32.82514],[-97.45806,32.82441],[-97.45865,32.82447],[-97.45888,32.82499],[-97.45925,32.82471],[-97.46027,32.82485],[-97.46403,32.8223],[-97.46522,32.82317],[-97.46862,32.82448],[-97.47074,32.8258],[-97.47151,32.82764],[-97.47133,32.82852],[-97.47008,32.82902],[-97.46934,32.83003],[-97.46994,32.83143],[-97.46975,32.83191],[-97.47013,32.83387],[-97.46981,32.83449],[-97.46915,32.83494],[-97.46822,32.835],[-97.46761,32.83554],[-97.46743,32.83629],[-97.46671,32.83592],[-97.46667,32.83422],[-97.4657,32.83357],[-97.46273,32.8347],[-97.46201,32.83365],[-97.46229,32.83736],[-97.4632,32.84012],[-97.4653,32.84146],[-97.46601,32.84256],[-97.47068,32.8441],[-97.4732,32.84765],[-97.4741,32.84833],[-97.47607,32.84889],[-97.47806,32.85011],[-97.47963,32.85067],[-97.48688,32.85051],[-97.48764,32.85011],[-97.48956,32.8507],[-97.49248,32.85241],[-97.49486,32.85452],[-97.49564,32.85447],[-97.4967,32.85528],[-97.49832,32.85773],[-97.49828,32.85968],[-97.49752,32.85751],[-97.497,32.85803],[-97.49707,32.85742],[-97.49609,32.85613],[-97.49391,32.85464],[-97.49262,32.85333],[-97.48984,32.85165],[-97.48833,32.85113],[-97.48716,32.85113],[-97.48256,32.85197],[-97.48064,32.85202],[-97.47965,32.85159],[-97.47929,32.85103],[-97.47707,32.85025],[-97.4768,32.84971],[-97.47547,32.84887],[-97.47435,32.84876],[-97.47322,32.84817],[-97.47084,32.84551],[-97.4676,32.84398],[-97.46534,32.84362],[-97.46453,32.84326],[-97.4639,32.8424],[-97.46362,32.84307],[-97.46458,32.84418],[-97.46632,32.84397],[-97.46714,32.84425],[-97.46726,32.84473],[-97.46634,32.84565],[-97.46783,32.84546],[-97.46866,32.84574],[-97.46837,32.84651],[-97.46734,32.84691],[-97.46702,32.84809],[-97.46738,32.8481],[-97.46858,32.84702],[-97.46939,32.84705],[-97.4692,32.84874],[-97.4683,32.84926],[-97.46861,32.8501],[-97.4704,32.85074],[-97.47182,32.85054],[-97.47249,32.85092],[-97.47196,32.85377],[-97.4727,32.85368],[-97.47304,32.85286],[-97.47397,32.85262],[-97.47579,32.85511],[-97.47378,32.85283],[-97.47316,32.85302],[-97.47274,32.85399],[-97.47041,32.85374],[-97.47165,32.85365],[-97.47201,32.85289],[-97.47212,32.85097],[-97.4709,32.85117],[-97.46863,32.85063],[-97.46808,32.84964],[-97.46827,32.84897],[-97.46911,32.84828],[-97.46917,32.84764],[-97.4688,32.8473],[-97.46709,32.84879],[-97.46747,32.84968],[-97.4668,32.85171],[-97.46555,32.85189],[-97.46514,32.85167],[-97.46513,32.85079],[-97.46563,32.85049],[-97.4661,32.84936],[-97.46696,32.84854],[-97.46679,32.84815],[-97.46709,32.84685],[-97.46829,32.84592],[-97.46749,32.84578],[-97.46668,32.84625],[-97.46587,32.84583],[-97.46588,32.84509],[-97.46677,32.84473],[-97.46672,32.84434],[-97.46421,32.84437],[-97.46298,32.84193],[-97.46254,32.84233],[-97.46346,32.84428],[-97.46437,32.84553],[-97.46522,32.84607],[-97.46427,32.84577],[-97.46228,32.84726],[-97.46311,32.84945],[-97.46239,32.84922],[-97.46207,32.84841],[-97.46122,32.84776],[-97.46077,32.84663],[-97.46242,32.84584],[-97.46262,32.84499],[-97.4622,32.84318],[-97.46069,32.84092],[-97.46016,32.83816],[-97.45965,32.83741],[-97.45999,32.83645],[-97.45868,32.83374],[-97.45888,32.83333],[-97.45944,32.8337],[-97.45958,32.83314],[-97.45939,32.83238],[-97.45967,32.83222],[-97.45914,32.83189],[-97.45944,32.83144],[-97.45901,32.83058],[-97.45785,32.83081],[-97.45657,32.8327],[-97.45345,32.83348],[-97.4534,32.83389],[-97.45255,32.83426],[-97.45163,32.83519],[-97.45092,32.83646],[-97.44952,32.83732],[-97.44983,32.83616],[-97.44968,32.83542],[-97.4502,32.83425],[-97.44869,32.83415],[-97.44945,32.83397],[-97.44968,32.83353],[-97.44864,32.83098],[-97.44421,32.82917],[-97.44302,32.82961],[-97.44282,32.83001],[-97.44132,32.82983],[-97.4425,32.82929],[-97.44342,32.82807],[-97.44274,32.82668],[-97.44271,32.8252],[-97.44235,32.82468],[-97.44267,32.82304],[-97.44353,32.82136],[-97.44511,32.81964],[-97.44427,32.81912],[-97.44429,32.81858],[-97.44362,32.81802],[-97.44423,32.81768],[-97.44328,32.81625],[-97.44239,32.8168],[-97.44177,32.81681],[-97.44359,32.81572],[-97.44387,32.81653],[-97.44538,32.81767],[-97.44732,32.81832],[-97.44815,32.81793],[-97.44851,32.81739],[-97.44844,32.81703],[-97.44735,32.81625],[-97.44749,32.81573],[-97.449,32.81674],[-97.45022,32.81541],[-97.4519,32.81515],[-97.45184,32.81448],[-97.45277,32.81353],[-97.45129,32.81365],[-97.45072,32.81153],[-97.45005,32.8113],[-97.44895,32.81015],[-97.44792,32.80995],[-97.44686,32.8092],[-97.44784,32.80981],[-97.44959,32.80966],[-97.45177,32.81007],[-97.45331,32.80692],[-97.45404,32.80672],[-97.45525,32.80573],[-97.4603,32.80535],[-97.46413,32.80422],[-97.46401,32.80357],[-97.46082,32.80021],[-97.45929,32.79789],[-97.45738,32.79671],[-97.456,32.7968],[-97.45507,32.79596],[-97.45511,32.79512],[-97.45457,32.79454],[-97.453,32.79387],[-97.45153,32.79451],[-97.4509,32.79413],[-97.44947,32.79443],[-97.44484,32.79373],[-97.44433,32.79441],[-97.4435,32.79391],[-97.44244,32.79407],[-97.43921,32.79363],[-97.43897,32.79386],[-97.43936,32.79477],[-97.43885,32.79614],[-97.43893,32.79498],[-97.43816,32.79402],[-97.43776,32.79424],[-97.43698,32.7939],[-97.43618,32.79522],[-97.43589,32.79519],[-97.43638,32.7942],[-97.43624,32.7939],[-97.43196,32.79342],[-97.43063,32.79387],[-97.42917,32.79345],[-97.42799,32.79396],[-97.42372,32.79476],[-97.42353,32.79718],[-97.42274,32.79668],[-97.42103,32.79785],[-97.42211,32.79574],[-97.42196,32.79492],[-97.42115,32.79459],[-97.42019,32.79476],[-97.41943,32.7943],[-97.41842,32.79527],[-97.41822,32.79515],[-97.41837,32.79403],[-97.41477,32.79366],[-97.41497,32.79148],[-97.41591,32.78978],[-97.41755,32.7879],[-97.4196,32.78853],[-97.4213,32.78932],[-97.42191,32.79004],[-97.4223,32.79002],[-97.42227,32.78959],[-97.4212,32.7887],[-97.42073,32.78781],[-97.4211,32.7872],[-97.42442,32.78644],[-97.42513,32.78675],[-97.4249,32.78714],[-97.42691,32.78739],[-97.42889,32.78611],[-97.43284,32.785],[-97.4334,32.78455],[-97.43514,32.78586],[-97.43742,32.78677],[-97.43867,32.78678],[-97.43858,32.78638],[-97.43911,32.78596],[-97.43893,32.78739],[-97.43977,32.78792],[-97.4399,32.78875],[-97.44212,32.78907],[-97.44262,32.78865],[-97.44323,32.78885],[-97.44436,32.78777],[-97.44377,32.78703],[-97.44403,32.7868],[-97.44348,32.78543],[-97.44388,32.78467],[-97.44353,32.7846],[-97.44361,32.78437],[-97.44404,32.78458],[-97.44388,32.78541],[-97.44458,32.7854],[-97.44469,32.78644],[-97.44524,32.78713],[-97.44631,32.7871],[-97.44574,32.7882],[-97.44775,32.78874],[-97.449,32.7868],[-97.4487,32.78858],[-97.45022,32.78876],[-97.4516,32.78731],[-97.45203,32.78562],[-97.45244,32.78516],[-97.45215,32.78392],[-97.4527,32.78303],[-97.45256,32.78382],[-97.45302,32.7846],[-97.45386,32.78406],[-97.45408,32.78249],[-97.45379,32.78221],[-97.45405,32.77923],[-97.4538,32.77875],[-97.45405,32.77817],[-97.45333,32.77764],[-97.45464,32.77813],[-97.45451,32.77882],[-97.45485,32.77941],[-97.45459,32.78012],[-97.45491,32.78023],[-97.45554,32.77973],[-97.45539,32.77852],[-97.45734,32.77759],[-97.45675,32.77835],[-97.45564,32.77866],[-97.45561,32.77921],[-97.45617,32.77997],[-97.45585,32.78042],[-97.45507,32.78067],[-97.45497,32.78155],[-97.45656,32.78158],[-97.45776,32.78233],[-97.45862,32.78199],[-97.45856,32.78238],[-97.45931,32.78251],[-97.46019,32.78248],[-97.46075,32.78195],[-97.46089,32.78245],[-97.46003,32.78305],[-97.45928,32.78315],[-97.45938,32.78336],[-97.45677,32.78329],[-97.45593,32.78295],[-97.45568,32.78334],[-97.45587,32.7836],[-97.45539,32.78406],[-97.45599,32.78447],[-97.45474,32.78503],[-97.45447,32.78592],[-97.45405,32.78624],[-97.45466,32.78645],[-97.45405,32.78685],[-97.45507,32.78727],[-97.45433,32.78781],[-97.45625,32.78986],[-97.4578,32.7901],[-97.45871,32.79076],[-97.46058,32.79075],[-97.4618,32.78862],[-97.46298,32.7889],[-97.46225,32.7895],[-97.46207,32.79069],[-97.46307,32.79189],[-97.46313,32.79241],[-97.46231,32.79294],[-97.46111,32.79311],[-97.46155,32.79344],[-97.46399,32.79327],[-97.46462,32.79414],[-97.46467,32.79353],[-97.46658,32.79312],[-97.47074,32.79463],[-97.47203,32.79458],[-97.47238,32.79498],[-97.47231,32.79566],[-97.47367,32.79663],[-97.47451,32.79633],[-97.47475,32.79526],[-97.4762,32.79484],[-97.47709,32.79502],[-97.47797,32.79572],[-97.48064,32.79568],[-97.4839,32.79689],[-97.48564,32.79656],[-97.48639,32.7958],[-97.48692,32.79575],[-97.4871,32.79617],[-97.48471,32.79777],[-97.49037,32.7952],[-97.49164,32.79439],[-97.49174,32.79373],[-97.49257,32.79286],[-97.49186,32.79379],[-97.4918,32.79454],[-97.48458,32.79804],[-97.4855,32.79804],[-97.48883,32.79632],[-97.4904,32.79605],[-97.49006,32.7967],[-97.48855,32.79728],[-97.48853,32.79803],[-97.48928,32.79891],[-97.49077,32.79952],[-97.49142,32.80025],[-97.49084,32.79988],[-97.49035,32.80013],[-97.49128,32.80042],[-97.49163,32.80087],[-97.4916,32.80299],[-97.4926,32.80415],[-97.49213,32.80675],[-97.49131,32.80665],[-97.48858,32.80493],[-97.48776,32.8048],[-97.48701,32.80539],[-97.48691,32.80578],[-97.48737,32.80627],[-97.48666,32.80697],[-97.48556,32.8071],[-97.48432,32.80593],[-97.4837,32.80611],[-97.48361,32.80651],[-97.48458,32.80998],[-97.48562,32.80978],[-97.4847,32.8091],[-97.48464,32.80843],[-97.48722,32.80769],[-97.48751,32.8079],[-97.48594,32.80962],[-97.4897,32.80891],[-97.48995,32.80935],[-97.49036,32.80936]],[[-97.46578,32.82714],[-97.46495,32.82628],[-97.46409,32.82615],[-97.46466,32.82782],[-97.46537,32.82882],[-97.46658,32.82879],[-97.46706,32.82829],[-97.46679,32.82772],[-97.46578,32.82714]],[[-97.45559,32.81304],[-97.45546,32.81347],[-97.45575,32.81353],[-97.45654,32.81284],[-97.4574,32.81273],[-97.45751,32.81198],[-97.45716,32.81141],[-97.45617,32.81167],[-97.45425,32.81048],[-97.45318,32.8104],[-97.45292,32.81088],[-97.45352,32.81195],[-97.45514,32.81226],[-97.45559,32.81304]],[[-97.4715,32.80594],[-97.47214,32.80593],[-97.47217,32.80519],[-97.47251,32.80495],[-97.47451,32.80446],[-97.47791,32.80399],[-97.47842,32.80366],[-97.48185,32.80386],[-97.48218,32.80348],[-97.48179,32.80301],[-97.48183,32.80249],[-97.48131,32.80279],[-97.48143,32.80338],[-97.4811,32.80358],[-97.47949,32.80259],[-97.47735,32.8029],[-97.47353,32.8044],[-97.47035,32.80513],[-97.47075,32.80567],[-97.4715,32.80594]],[[-97.46396,32.82763],[-97.46373,32.82624],[-97.46293,32.82593],[-97.46157,32.8267],[-97.46153,32.82706],[-97.46039,32.82704],[-97.45922,32.82752],[-97.45949,32.82798],[-97.46174,32.82937],[-97.46344,32.82928],[-97.46396,32.82763]]]},"properties":{"name":"Lake Worth","acres":3396,"objectid":376672}},{"type":"Feature","id":635919,"geometry":{"type":"Polygon","coordinates":[[[-96.67526,32.3104],[-96.6767,32.30966],[-96.67516,32.31023],[-96.67421,32.30796],[-96.67306,32.30724],[-96.67201,32.30719],[-96.67334,32.30675],[-96.67307,32.30515],[-96.67154,32.30264],[-96.67097,32.30267],[-96.67067,32.30106],[-96.67008,32.3004],[-96.6701,32.29982],[-96.66942,32.2987],[-96.66862,32.29805],[-96.66747,32.29813],[-96.66745,32.29724],[-96.66709,32.29687],[-96.66642,32.29703],[-96.66601,32.29772],[-96.66577,32.30013],[-96.66349,32.30254],[-96.66297,32.30259],[-96.66357,32.30151],[-96.66285,32.30244],[-96.66241,32.30391],[-96.66348,32.30477],[-96.66323,32.30548],[-96.66278,32.30568],[-96.66285,32.30639],[-96.66262,32.3064],[-96.66236,32.30554],[-96.66285,32.30491],[-96.66184,32.30404],[-96.6619,32.30317],[-96.66014,32.30371],[-96.66197,32.30274],[-96.66232,32.30284],[-96.66299,32.30181],[-96.66164,32.30172],[-96.66223,32.30101],[-96.66022,32.30204],[-96.65894,32.30145],[-96.66013,32.30187],[-96.66378,32.30002],[-96.6641,32.2995],[-96.66004,32.30165],[-96.65968,32.30154],[-96.66056,32.30078],[-96.6599,32.30066],[-96.66039,32.29993],[-96.66042,32.29899],[-96.65909,32.29635],[-96.65961,32.29556],[-96.65902,32.2953],[-96.65907,32.29481],[-96.65853,32.29458],[-96.65834,32.29321],[-96.65726,32.29091],[-96.65589,32.28966],[-96.6561,32.28894],[-96.65492,32.28784],[-96.65502,32.28646],[-96.65367,32.2837],[-96.65277,32.28298],[-96.65154,32.28301],[-96.65082,32.28339],[-96.65104,32.28408],[-96.65024,32.28317],[-96.65072,32.28296],[-96.65091,32.28229],[-96.65051,32.28052],[-96.65116,32.27861],[-96.65074,32.27843],[-96.64927,32.27897],[-96.64881,32.2787],[-96.65055,32.278],[-96.64997,32.27671],[-96.65004,32.27597],[-96.65055,32.27551],[-96.65023,32.27534],[-96.64951,32.276],[-96.64863,32.27517],[-96.64913,32.27417],[-96.64854,32.27234],[-96.64675,32.27009],[-96.64666,32.26929],[-96.64512,32.26697],[-96.64296,32.26545],[-96.64202,32.26439],[-96.64087,32.26673],[-96.64162,32.26941],[-96.64015,32.26782],[-96.63941,32.26641],[-96.63828,32.26794],[-96.63849,32.26719],[-96.63802,32.26704],[-96.63881,32.26556],[-96.63868,32.26498],[-96.6393,32.26493],[-96.63963,32.26423],[-96.63858,32.26001],[-96.6379,32.25975],[-96.63717,32.26004],[-96.63623,32.25927],[-96.63558,32.25776],[-96.63485,32.25717],[-96.63534,32.25578],[-96.63532,32.25482],[-96.63502,32.25339],[-96.63458,32.25283],[-96.6355,32.25193],[-96.64535,32.25067],[-96.64742,32.25004],[-96.6501,32.2511],[-96.65059,32.25099],[-96.6511,32.25036],[-96.6517,32.25087],[-96.65135,32.25133],[-96.65311,32.25265],[-96.6554,32.25406],[-96.65623,32.25366],[-96.65597,32.25507],[-96.65689,32.25607],[-96.65875,32.25585],[-96.6596,32.25498],[-96.66002,32.25532],[-96.66288,32.2557],[-96.65977,32.25603],[-96.65937,32.2568],[-96.65854,32.25737],[-96.66094,32.25914],[-96.66157,32.25897],[-96.66167,32.25973],[-96.66299,32.26119],[-96.66343,32.26112],[-96.66332,32.26166],[-96.66448,32.2632],[-96.66533,32.26381],[-96.66519,32.26436],[-96.66599,32.2635],[-96.66706,32.263],[-96.66581,32.26415],[-96.66568,32.26466],[-96.66724,32.26571],[-96.66841,32.26604],[-96.66896,32.26689],[-96.67211,32.26765],[-96.67326,32.26708],[-96.67491,32.26783],[-96.67744,32.26963],[-96.67771,32.26999],[-96.67744,32.26992],[-96.67416,32.26791],[-96.67164,32.26827],[-96.67071,32.26782],[-96.66861,32.26787],[-96.66537,32.26732],[-96.66357,32.26647],[-96.66324,32.26567],[-96.6611,32.26343],[-96.65958,32.2628],[-96.65586,32.26039],[-96.65852,32.26459],[-96.66048,32.26669],[-96.66293,32.26789],[-96.66345,32.27444],[-96.66582,32.27661],[-96.6657,32.27704],[-96.66704,32.27881],[-96.66792,32.28121],[-96.67202,32.28587],[-96.67218,32.28689],[-96.67181,32.28823],[-96.67217,32.28866],[-96.67424,32.28982],[-96.67884,32.29081],[-96.68096,32.29249],[-96.68359,32.29233],[-96.6861,32.29382],[-96.68863,32.29425],[-96.6894,32.2952],[-96.69316,32.29569],[-96.69368,32.29609],[-96.6953,32.29636],[-96.69565,32.29699],[-96.69627,32.29727],[-96.69677,32.29707],[-96.69687,32.29747],[-96.69872,32.29765],[-96.70314,32.29693],[-96.70122,32.29765],[-96.70114,32.29804],[-96.70043,32.29814],[-96.70112,32.29931],[-96.70192,32.299],[-96.70319,32.29927],[-96.70369,32.2998],[-96.70433,32.29907],[-96.70511,32.29891],[-96.70441,32.29794],[-96.70448,32.29716],[-96.70545,32.29689],[-96.70922,32.29835],[-96.71099,32.29999],[-96.71132,32.30076],[-96.71256,32.30131],[-96.71848,32.30149],[-96.72038,32.30192],[-96.71244,32.30158],[-96.71107,32.30099],[-96.70981,32.29926],[-96.70798,32.29802],[-96.7049,32.29727],[-96.70483,32.29782],[-96.70534,32.29858],[-96.70615,32.29905],[-96.70778,32.30101],[-96.7088,32.3009],[-96.70932,32.30175],[-96.71027,32.30105],[-96.71082,32.30105],[-96.71091,32.30172],[-96.71165,32.302],[-96.71263,32.30392],[-96.71352,32.30358],[-96.714,32.3038],[-96.71468,32.30343],[-96.71509,32.30441],[-96.71761,32.30361],[-96.71842,32.30443],[-96.71888,32.30376],[-96.72026,32.30473],[-96.72029,32.30403],[-96.72069,32.3039],[-96.72132,32.30449],[-96.72122,32.3053],[-96.72143,32.30454],[-96.72171,32.30445],[-96.72155,32.30532],[-96.7212,32.30557],[-96.72076,32.30528],[-96.72093,32.30445],[-96.72072,32.30416],[-96.7206,32.3049],[-96.72025,32.30507],[-96.71894,32.3041],[-96.71852,32.30476],[-96.71762,32.30399],[-96.7157,32.30441],[-96.71607,32.30501],[-96.71545,32.30531],[-96.71461,32.30457],[-96.71453,32.3037],[-96.71407,32.30419],[-96.71356,32.30392],[-96.71312,32.30421],[-96.71328,32.30489],[-96.71189,32.30358],[-96.71133,32.30214],[-96.71051,32.30185],[-96.71065,32.30132],[-96.70914,32.30211],[-96.7088,32.30132],[-96.70752,32.3013],[-96.70738,32.30075],[-96.70617,32.30588],[-96.70661,32.30633],[-96.70644,32.30679],[-96.7071,32.30723],[-96.70692,32.30749],[-96.70621,32.3068],[-96.70575,32.30546],[-96.70624,32.30442],[-96.70644,32.30285],[-96.7023,32.30263],[-96.70316,32.30375],[-96.70235,32.30417],[-96.70191,32.30484],[-96.69927,32.30624],[-96.69687,32.30591],[-96.69662,32.30511],[-96.69407,32.30438],[-96.69577,32.30517],[-96.69437,32.30699],[-96.69438,32.30608],[-96.69531,32.30523],[-96.69517,32.30508],[-96.68922,32.30373],[-96.6897,32.30321],[-96.68823,32.30347],[-96.68577,32.30257],[-96.68372,32.3026],[-96.68099,32.30187],[-96.67964,32.30185],[-96.67881,32.30228],[-96.67867,32.30456],[-96.67923,32.30528],[-96.6786,32.30533],[-96.67553,32.30147],[-96.67821,32.30534],[-96.67909,32.30555],[-96.6799,32.30784],[-96.67897,32.30855],[-96.6798,32.30821],[-96.68027,32.30928],[-96.68154,32.30867],[-96.68049,32.30967],[-96.68166,32.311],[-96.68156,32.31293],[-96.68228,32.31307],[-96.68134,32.3135],[-96.68233,32.31455],[-96.68348,32.31481],[-96.6832,32.31581],[-96.68365,32.31593],[-96.68434,32.31706],[-96.68496,32.3174],[-96.68484,32.31791],[-96.68563,32.31962],[-96.68547,32.31996],[-96.6845,32.3198],[-96.68447,32.32014],[-96.68597,32.32219],[-96.68773,32.32266],[-96.68806,32.32303],[-96.68765,32.32418],[-96.68742,32.32378],[-96.68718,32.32402],[-96.68616,32.32726],[-96.68624,32.32576],[-96.68709,32.32348],[-96.68756,32.32304],[-96.68566,32.32254],[-96.68402,32.32014],[-96.68444,32.31901],[-96.68491,32.3195],[-96.68511,32.31937],[-96.68338,32.3163],[-96.68272,32.31617],[-96.68297,32.31502],[-96.68241,32.31507],[-96.68177,32.31462],[-96.6816,32.31534],[-96.68091,32.31446],[-96.68026,32.31469],[-96.68005,32.31442],[-96.6803,32.31512],[-96.67979,32.31505],[-96.67997,32.31577],[-96.67938,32.31502],[-96.67653,32.31614],[-96.67939,32.31457],[-96.68016,32.3133],[-96.68013,32.3126],[-96.67935,32.31095],[-96.67762,32.3099],[-96.67902,32.31089],[-96.67994,32.31272],[-96.67952,32.31413],[-96.67838,32.315],[-96.67843,32.31344],[-96.67706,32.31099],[-96.67643,32.31066],[-96.67563,32.31072],[-96.67513,32.31127],[-96.67495,32.31068],[-96.67526,32.3104]],[[-96.68137,32.31439],[-96.68146,32.31451],[-96.68148,32.31433],[-96.68137,32.31439]],[[-96.6782,32.30881],[-96.67816,32.30894],[-96.67843,32.30881],[-96.6782,32.30881]],[[-96.67717,32.30931],[-96.67703,32.30951],[-96.67773,32.30916],[-96.67717,32.30931]],[[-96.69784,32.2993],[-96.69762,32.29998],[-96.69701,32.30049],[-96.6975,32.30094],[-96.69937,32.30092],[-96.70022,32.2998],[-96.69811,32.29973],[-96.69784,32.2993]],[[-96.69715,32.29972],[-96.69786,32.29889],[-96.69826,32.29939],[-96.69987,32.29942],[-96.69967,32.29863],[-96.70004,32.2981],[-96.6982,32.29859],[-96.69762,32.29826],[-96.69577,32.29812],[-96.69569,32.29871],[-96.69611,32.29889],[-96.69617,32.29931],[-96.69709,32.2991],[-96.69715,32.29972]],[[-96.70512,32.29923],[-96.70448,32.29931],[-96.70357,32.3002],[-96.70299,32.29958],[-96.70189,32.29934],[-96.7033,32.30229],[-96.70668,32.30235],[-96.70697,32.3005],[-96.70572,32.29907],[-96.70512,32.29923]]]},"properties":{"name":"Lake Bardwell","acres":3244,"objectid":635919}},{"type":"Feature","id":665737,"geometry":{"type":"Polygon","coordinates":[[[-96.03173,32.2444],[-96.03353,32.24966],[-96.03311,32.2514],[-96.0328,32.25167],[-96.03278,32.25129],[-96.03239,32.25118],[-96.0325,32.25066],[-96.03181,32.25194],[-96.03187,32.25238],[-96.03157,32.2519],[-96.03205,32.2508],[-96.03135,32.24952],[-96.03062,32.24893],[-96.03081,32.2488],[-96.03048,32.24863],[-96.03025,32.24756],[-96.02903,32.24586],[-96.02901,32.24512],[-96.02867,32.24481],[-96.02823,32.2449],[-96.02767,32.24589],[-96.02744,32.24753],[-96.0265,32.24832],[-96.02718,32.24731],[-96.02718,32.24661],[-96.0271,32.2456],[-96.02644,32.24556],[-96.02718,32.24538],[-96.02768,32.24306],[-96.02746,32.24229],[-96.02586,32.24165],[-96.02414,32.24205],[-96.02401,32.24289],[-96.02276,32.24261],[-96.02235,32.24284],[-96.02223,32.24308],[-96.02321,32.24426],[-96.02333,32.24507],[-96.02277,32.24564],[-96.02309,32.24505],[-96.0229,32.2445],[-96.02152,32.24377],[-96.0204,32.24459],[-96.01985,32.24617],[-96.01892,32.24666],[-96.0165,32.24618],[-96.01562,32.24639],[-96.0138,32.24554],[-96.01298,32.24549],[-96.01385,32.2463],[-96.01394,32.24725],[-96.01297,32.24925],[-96.01187,32.2497],[-96.01143,32.25095],[-96.01004,32.25283],[-96.00929,32.25546],[-96.00935,32.2562],[-96.00848,32.25685],[-96.00765,32.25698],[-96.00755,32.25733],[-96.00712,32.25727],[-96.00608,32.25821],[-96.00565,32.25817],[-96.00568,32.25877],[-96.00453,32.25764],[-96.004,32.25786],[-96.00445,32.25748],[-96.00452,32.256],[-96.00312,32.25445],[-96.00203,32.2539],[-96.0008,32.25413],[-95.99974,32.25491],[-95.99916,32.25784],[-95.99817,32.25745],[-95.99755,32.25781],[-95.99883,32.25837],[-95.99899,32.25901],[-95.99873,32.25947],[-95.99827,32.25937],[-95.99812,32.25878],[-95.99725,32.25831],[-95.99735,32.25779],[-95.99647,32.25811],[-95.99722,32.25757],[-95.99609,32.25706],[-95.99495,32.25739],[-95.99504,32.25704],[-95.99364,32.25598],[-95.99387,32.25583],[-95.99559,32.25679],[-95.99744,32.25733],[-95.99746,32.25705],[-95.99652,32.25663],[-95.99626,32.25582],[-95.99692,32.25567],[-95.99732,32.25598],[-95.99764,32.25571],[-95.9971,32.25417],[-95.99732,32.25353],[-95.99798,32.25326],[-95.99752,32.2528],[-95.99818,32.25235],[-95.9977,32.25116],[-95.99852,32.25141],[-96.0011,32.25098],[-96.00215,32.25012],[-96.00499,32.24925],[-96.00562,32.24624],[-96.00671,32.24546],[-96.00731,32.24442],[-96.0093,32.2436],[-96.00942,32.24313],[-96.01039,32.24231],[-96.01132,32.24215],[-96.01134,32.24155],[-96.01166,32.24181],[-96.01497,32.24198],[-96.01684,32.24183],[-96.01788,32.24099],[-96.01873,32.23909],[-96.019,32.23904],[-96.01929,32.23962],[-96.02134,32.23865],[-96.02455,32.23454],[-96.02464,32.23428],[-96.02384,32.23407],[-96.02338,32.23334],[-96.02382,32.23387],[-96.02462,32.23409],[-96.02553,32.23302],[-96.02593,32.23314],[-96.0275,32.23256],[-96.02804,32.23278],[-96.02856,32.23211],[-96.02945,32.23188],[-96.0294,32.23135],[-96.02858,32.23088],[-96.02971,32.23099],[-96.0294,32.22874],[-96.0305,32.22867],[-96.03103,32.22765],[-96.03034,32.22626],[-96.03131,32.22668],[-96.03137,32.22612],[-96.03187,32.22567],[-96.0316,32.22621],[-96.03177,32.22667],[-96.0322,32.22701],[-96.03434,32.22697],[-96.03468,32.22793],[-96.03492,32.22787],[-96.03476,32.22699],[-96.03627,32.22779],[-96.03732,32.22756],[-96.0375,32.2269],[-96.03681,32.22615],[-96.03792,32.22695],[-96.0391,32.22625],[-96.03923,32.22574],[-96.03743,32.22412],[-96.03613,32.22439],[-96.03527,32.22364],[-96.0363,32.2243],[-96.03709,32.22388],[-96.03659,32.22273],[-96.03562,32.22255],[-96.0359,32.22244],[-96.03578,32.22083],[-96.03613,32.22235],[-96.03694,32.22267],[-96.03785,32.22201],[-96.03707,32.22277],[-96.03732,32.22332],[-96.03829,32.22388],[-96.03877,32.22323],[-96.03859,32.22396],[-96.0396,32.22479],[-96.04052,32.22475],[-96.04127,32.22365],[-96.04142,32.22178],[-96.04112,32.22093],[-96.04172,32.22168],[-96.04245,32.22397],[-96.04313,32.22406],[-96.04363,32.22125],[-96.04318,32.22058],[-96.04399,32.2207],[-96.04557,32.21947],[-96.04473,32.2185],[-96.04323,32.21868],[-96.04407,32.21827],[-96.04383,32.21792],[-96.04425,32.21811],[-96.04504,32.21775],[-96.04451,32.21669],[-96.04568,32.21735],[-96.04789,32.21584],[-96.04616,32.21495],[-96.04578,32.21404],[-96.04457,32.21352],[-96.04548,32.21371],[-96.04583,32.21313],[-96.04606,32.21397],[-96.04744,32.21463],[-96.04863,32.21457],[-96.04922,32.2138],[-96.04991,32.21403],[-96.05026,32.21377],[-96.04983,32.2123],[-96.04993,32.21135],[-96.05141,32.20937],[-96.05076,32.20865],[-96.04989,32.20915],[-96.04998,32.20729],[-96.04954,32.20663],[-96.04957,32.20536],[-96.05061,32.20435],[-96.05095,32.20357],[-96.05055,32.20255],[-96.04878,32.20236],[-96.04821,32.20341],[-96.04832,32.2024],[-96.04772,32.20185],[-96.046,32.20243],[-96.04696,32.20183],[-96.04688,32.20149],[-96.04509,32.20176],[-96.04293,32.20155],[-96.04221,32.20112],[-96.04173,32.20119],[-96.04173,32.20088],[-96.04104,32.20101],[-96.04052,32.20142],[-96.04023,32.2024],[-96.03927,32.20329],[-96.03865,32.20466],[-96.04007,32.20685],[-96.0397,32.20801],[-96.03961,32.2072],[-96.03873,32.206],[-96.03767,32.20557],[-96.03797,32.20526],[-96.03801,32.20351],[-96.03882,32.20176],[-96.03895,32.19996],[-96.03841,32.19968],[-96.03815,32.2022],[-96.03702,32.20316],[-96.03626,32.20332],[-96.0352,32.20452],[-96.03557,32.2059],[-96.03467,32.20515],[-96.03303,32.20631],[-96.03313,32.20672],[-96.03394,32.20685],[-96.03295,32.20718],[-96.03332,32.20878],[-96.03267,32.20729],[-96.03213,32.20727],[-96.03151,32.20786],[-96.02963,32.20794],[-96.0284,32.20916],[-96.02793,32.21023],[-96.02739,32.21049],[-96.02773,32.20844],[-96.02642,32.20818],[-96.02574,32.20634],[-96.02552,32.20641],[-96.02621,32.2083],[-96.02543,32.2089],[-96.02507,32.20872],[-96.02494,32.20906],[-96.02442,32.20872],[-96.0227,32.21034],[-96.02211,32.21254],[-96.02214,32.21472],[-96.02146,32.21547],[-96.02067,32.21577],[-96.02035,32.21547],[-96.02069,32.21454],[-96.02038,32.21328],[-96.02072,32.21243],[-96.02056,32.21197],[-96.02004,32.21175],[-96.01906,32.21203],[-96.0197,32.21265],[-96.01976,32.2132],[-96.01897,32.21558],[-96.01959,32.21592],[-96.02024,32.21559],[-96.02055,32.21655],[-96.01981,32.21651],[-96.01942,32.21613],[-96.01924,32.21652],[-96.01959,32.21719],[-96.01893,32.21736],[-96.01893,32.21816],[-96.01807,32.21786],[-96.01852,32.21764],[-96.01838,32.21737],[-96.01886,32.21686],[-96.01882,32.21611],[-96.01627,32.21732],[-96.01513,32.21748],[-96.01335,32.21683],[-96.0129,32.2171],[-96.01294,32.21582],[-96.01184,32.21512],[-96.01103,32.21522],[-96.00893,32.21638],[-96.00774,32.21648],[-96.00755,32.21694],[-96.00821,32.21836],[-96.00858,32.22151],[-96.00757,32.22317],[-96.00724,32.22435],[-96.0068,32.22459],[-96.00712,32.2251],[-96.00644,32.22487],[-96.00618,32.22487],[-96.0063,32.22523],[-96.00539,32.22506],[-96.00405,32.22618],[-96.00177,32.22563],[-95.99883,32.22707],[-95.99742,32.22655],[-95.99672,32.22685],[-95.9966,32.22622],[-95.99536,32.22699],[-95.99653,32.22599],[-95.99654,32.22407],[-95.996,32.22312],[-95.99462,32.22188],[-95.99506,32.22098],[-95.99495,32.22042],[-95.99399,32.21998],[-95.99356,32.22045],[-95.99391,32.22175],[-95.99362,32.22213],[-95.99278,32.22238],[-95.99155,32.2219],[-95.9909,32.22292],[-95.99126,32.22315],[-95.99214,32.22284],[-95.99313,32.22296],[-95.99352,32.22363],[-95.99359,32.22472],[-95.99337,32.22608],[-95.99359,32.22685],[-95.99318,32.22809],[-95.99267,32.22833],[-95.9929,32.2286],[-95.99256,32.22897],[-95.99122,32.22996],[-95.99031,32.23005],[-95.98924,32.22969],[-95.98901,32.23001],[-95.98872,32.22832],[-95.98751,32.2277],[-95.98591,32.22759],[-95.9842,32.22776],[-95.98263,32.22849],[-95.98235,32.22803],[-95.98256,32.22792],[-95.98167,32.22797],[-95.98175,32.22767],[-95.98039,32.22855],[-95.97987,32.22836],[-95.97958,32.22774],[-95.97922,32.22818],[-95.97813,32.22844],[-95.97876,32.22879],[-95.97828,32.22882],[-95.97863,32.22942],[-95.9784,32.22971],[-95.97726,32.23005],[-95.9779,32.2298],[-95.97797,32.22933],[-95.97814,32.22964],[-95.97839,32.22939],[-95.97764,32.22858],[-95.97694,32.22896],[-95.9774,32.22923],[-95.9772,32.22959],[-95.97647,32.22917],[-95.9765,32.23002],[-95.97621,32.23017],[-95.97615,32.22979],[-95.9759,32.22981],[-95.97637,32.2297],[-95.97623,32.22908],[-95.97683,32.2291],[-95.9769,32.22876],[-95.97798,32.22859],[-95.97813,32.22814],[-95.97892,32.22791],[-95.97842,32.22773],[-95.97807,32.22813],[-95.97727,32.22828],[-95.97695,32.22808],[-95.9778,32.22796],[-95.97849,32.22751],[-95.9778,32.2276],[-95.9802,32.22631],[-95.9821,32.22586],[-95.98209,32.22669],[-95.9818,32.22684],[-95.98202,32.22728],[-95.98243,32.22739],[-95.98219,32.22704],[-95.98294,32.22725],[-95.98314,32.22682],[-95.98363,32.22712],[-95.98403,32.22668],[-95.98339,32.22654],[-95.98358,32.22556],[-95.98325,32.22529],[-95.98406,32.22518],[-95.98401,32.22384],[-95.98542,32.22379],[-95.98633,32.22408],[-95.98711,32.2236],[-95.98706,32.2228],[-95.98779,32.22144],[-95.98843,32.21781],[-95.98917,32.21714],[-95.98948,32.21714],[-95.98939,32.21741],[-95.99018,32.21734],[-95.99048,32.217],[-95.99108,32.21755],[-95.99129,32.21727],[-95.99178,32.21752],[-95.99197,32.21726],[-95.99149,32.21696],[-95.99171,32.21665],[-95.99389,32.21674],[-95.99661,32.21615],[-95.99732,32.21634],[-95.99794,32.21702],[-95.99841,32.21674],[-95.99855,32.21617],[-95.99759,32.21538],[-95.99861,32.21456],[-95.99885,32.21379],[-96.00023,32.21446],[-96.00257,32.21342],[-96.00319,32.21238],[-96.00476,32.21344],[-96.00542,32.21354],[-96.00794,32.21201],[-96.01135,32.21181],[-96.01149,32.2111],[-96.01211,32.21068],[-96.01284,32.20795],[-96.01352,32.20732],[-96.01338,32.2066],[-96.01136,32.20612],[-96.01047,32.20667],[-96.00851,32.20697],[-96.00848,32.20644],[-96.00792,32.20609],[-96.00726,32.2062],[-96.00782,32.20582],[-96.00849,32.20588],[-96.00872,32.20521],[-96.01002,32.20479],[-96.01119,32.20395],[-96.01084,32.20289],[-96.01145,32.2028],[-96.01154,32.20229],[-96.01334,32.20358],[-96.01475,32.2035],[-96.01643,32.20294],[-96.01951,32.2009],[-96.01947,32.20131],[-96.01768,32.20268],[-96.01773,32.20305],[-96.01856,32.20337],[-96.02118,32.20133],[-96.02135,32.20043],[-96.02034,32.20019],[-96.02173,32.19907],[-96.02106,32.19989],[-96.02117,32.20019],[-96.02235,32.20084],[-96.02242,32.20162],[-96.02372,32.20167],[-96.02388,32.20202],[-96.0241,32.20194],[-96.02391,32.20139],[-96.02429,32.2013],[-96.02461,32.20062],[-96.02449,32.20027],[-96.02601,32.20064],[-96.02693,32.19981],[-96.02775,32.19987],[-96.02843,32.19954],[-96.02916,32.1986],[-96.02909,32.19781],[-96.02951,32.19721],[-96.02922,32.19501],[-96.0272,32.19609],[-96.02572,32.19624],[-96.02414,32.19563],[-96.02371,32.19505],[-96.02636,32.1949],[-96.02612,32.19383],[-96.02563,32.19384],[-96.02528,32.19337],[-96.02701,32.19395],[-96.02751,32.19364],[-96.02861,32.19213],[-96.02865,32.19156],[-96.02801,32.19053],[-96.02741,32.1903],[-96.02718,32.18938],[-96.0275,32.18933],[-96.02826,32.19],[-96.02903,32.18997],[-96.02965,32.18955],[-96.02932,32.19026],[-96.03018,32.19029],[-96.03123,32.18912],[-96.03095,32.18815],[-96.03139,32.18757],[-96.03113,32.18629],[-96.03175,32.18724],[-96.03224,32.1874],[-96.03193,32.18804],[-96.03277,32.18939],[-96.03284,32.19098],[-96.03371,32.19151],[-96.03405,32.19245],[-96.03485,32.19309],[-96.03551,32.19267],[-96.035,32.19195],[-96.03566,32.19059],[-96.03642,32.19136],[-96.0379,32.19206],[-96.03808,32.19258],[-96.03774,32.19314],[-96.03846,32.1933],[-96.03893,32.19282],[-96.03759,32.19038],[-96.03744,32.1895],[-96.03702,32.18932],[-96.0372,32.18895],[-96.03692,32.18851],[-96.03725,32.18828],[-96.03704,32.18749],[-96.03498,32.18703],[-96.03682,32.18701],[-96.03733,32.18638],[-96.03738,32.18598],[-96.03687,32.18539],[-96.03603,32.18528],[-96.03565,32.18481],[-96.03744,32.18553],[-96.03791,32.18467],[-96.03822,32.186],[-96.03893,32.18604],[-96.03933,32.18574],[-96.03868,32.18631],[-96.03806,32.18634],[-96.03808,32.18716],[-96.03908,32.18706],[-96.03908,32.18738],[-96.03856,32.18768],[-96.03957,32.18942],[-96.04041,32.18921],[-96.04044,32.18825],[-96.04139,32.18804],[-96.04067,32.18845],[-96.04104,32.18934],[-96.04027,32.19018],[-96.04184,32.19162],[-96.04364,32.19065],[-96.04463,32.19106],[-96.04551,32.19098],[-96.04643,32.19039],[-96.04662,32.18924],[-96.04655,32.19054],[-96.04718,32.19058],[-96.04796,32.18981],[-96.04622,32.192],[-96.04663,32.19263],[-96.04771,32.19267],[-96.04753,32.19364],[-96.04785,32.19452],[-96.04903,32.19278],[-96.04908,32.19157],[-96.04863,32.19115],[-96.04942,32.19137],[-96.0499,32.19118],[-96.05039,32.19012],[-96.0501,32.18955],[-96.05052,32.18986],[-96.05048,32.19103],[-96.05154,32.19104],[-96.05171,32.19064],[-96.0524,32.19047],[-96.05179,32.19074],[-96.05187,32.19122],[-96.0505,32.1914],[-96.04998,32.19186],[-96.05008,32.1924],[-96.05092,32.19278],[-96.05022,32.19283],[-96.0502,32.19456],[-96.05141,32.19482],[-96.05154,32.19526],[-96.05208,32.19517],[-96.05259,32.19629],[-96.05322,32.19564],[-96.05443,32.19515],[-96.05458,32.19536],[-96.05371,32.19593],[-96.05427,32.1961],[-96.05703,32.19946],[-96.05795,32.20008],[-96.05822,32.19982],[-96.05812,32.199],[-96.05877,32.1986],[-96.05875,32.19742],[-96.06105,32.19825],[-96.06257,32.19807],[-96.06296,32.19649],[-96.0628,32.19556],[-96.06343,32.1943],[-96.06251,32.19313],[-96.06058,32.1928],[-96.05893,32.19167],[-96.05848,32.19174],[-96.05818,32.19236],[-96.05797,32.19199],[-96.05756,32.19206],[-96.05707,32.19272],[-96.05678,32.19217],[-96.05591,32.19211],[-96.05606,32.1929],[-96.05583,32.19249],[-96.05535,32.19298],[-96.05556,32.19223],[-96.05528,32.19192],[-96.05415,32.19197],[-96.05391,32.19225],[-96.05376,32.19182],[-96.05548,32.19139],[-96.05578,32.19076],[-96.0564,32.19098],[-96.05698,32.19019],[-96.05552,32.18895],[-96.05473,32.18945],[-96.05351,32.18873],[-96.05402,32.18844],[-96.05532,32.18875],[-96.05435,32.18694],[-96.05432,32.18625],[-96.05381,32.1862],[-96.05409,32.18578],[-96.05401,32.18472],[-96.05594,32.18251],[-96.06878,32.18057],[-96.0691,32.18077],[-96.06907,32.18053],[-96.0783,32.17918],[-96.08192,32.18],[-96.08265,32.18061],[-96.08276,32.18021],[-96.08527,32.18082],[-96.08475,32.18139],[-96.08426,32.18134],[-96.08405,32.18087],[-96.08256,32.18078],[-96.08313,32.18183],[-96.083,32.18241],[-96.08273,32.18237],[-96.0852,32.18356],[-96.08698,32.18277],[-96.09002,32.18267],[-96.08986,32.18202],[-96.09091,32.18137],[-96.09291,32.18134],[-96.09368,32.1821],[-96.09521,32.18152],[-96.0984,32.18197],[-96.09925,32.18288],[-96.09882,32.18364],[-96.09795,32.18387],[-96.09779,32.18453],[-96.09681,32.18434],[-96.09567,32.18563],[-96.09599,32.18672],[-96.09682,32.1862],[-96.0986,32.18594],[-96.09794,32.18616],[-96.09771,32.18694],[-96.09745,32.18655],[-96.09724,32.18668],[-96.09695,32.18729],[-96.0968,32.18823],[-96.09726,32.18852],[-96.09751,32.18964],[-96.09821,32.18988],[-96.09822,32.18866],[-96.09966,32.1898],[-96.10005,32.18939],[-96.10094,32.18944],[-96.10116,32.18985],[-96.10188,32.18975],[-96.10281,32.19036],[-96.1031,32.19018],[-96.1032,32.19082],[-96.10294,32.19117],[-96.10409,32.19159],[-96.10424,32.19205],[-96.10551,32.1928],[-96.10451,32.19246],[-96.10385,32.19166],[-96.10361,32.19182],[-96.10356,32.19147],[-96.10251,32.19197],[-96.10274,32.19148],[-96.10243,32.19067],[-96.10118,32.19045],[-96.1015,32.19087],[-96.10118,32.19115],[-96.1008,32.19043],[-96.10049,32.19042],[-96.10036,32.19078],[-96.10019,32.19042],[-96.09969,32.1908],[-96.09965,32.19131],[-96.09885,32.19173],[-96.09867,32.1913],[-96.09834,32.19129],[-96.09786,32.19151],[-96.09786,32.19194],[-96.09825,32.19233],[-96.09877,32.19219],[-96.0991,32.19295],[-96.10015,32.19379],[-96.10045,32.19337],[-96.10086,32.1939],[-96.10113,32.19342],[-96.10132,32.19443],[-96.10228,32.19496],[-96.10139,32.19485],[-96.1012,32.19512],[-96.10081,32.19462],[-96.09878,32.19412],[-96.09818,32.19448],[-96.0978,32.19381],[-96.09662,32.19451],[-96.09694,32.19347],[-96.09568,32.19176],[-96.09579,32.19096],[-96.09555,32.19097],[-96.09479,32.19269],[-96.09521,32.19322],[-96.09447,32.19375],[-96.095,32.19428],[-96.09426,32.19462],[-96.09436,32.19499],[-96.09538,32.19528],[-96.0957,32.19573],[-96.09657,32.19561],[-96.0968,32.19608],[-96.09802,32.19541],[-96.0983,32.19628],[-96.09962,32.19616],[-96.10043,32.19675],[-96.10297,32.19741],[-96.10092,32.1971],[-96.10087,32.1978],[-96.10069,32.19712],[-96.10009,32.1972],[-96.09986,32.19687],[-96.09776,32.19719],[-96.09907,32.19804],[-96.09841,32.19845],[-96.09857,32.19886],[-96.10002,32.19909],[-96.09963,32.19924],[-96.09926,32.20006],[-96.0994,32.20035],[-96.10046,32.20054],[-96.10121,32.1999],[-96.10059,32.20069],[-96.09906,32.20065],[-96.09898,32.20149],[-96.09864,32.20139],[-96.09814,32.20203],[-96.09855,32.20084],[-96.09796,32.20051],[-96.09879,32.20053],[-96.09892,32.19966],[-96.09797,32.19935],[-96.0977,32.19889],[-96.09661,32.19955],[-96.09689,32.19872],[-96.0976,32.1983],[-96.09756,32.19794],[-96.09682,32.198],[-96.09684,32.19761],[-96.09604,32.19738],[-96.09531,32.19778],[-96.09548,32.19842],[-96.09503,32.19849],[-96.09452,32.1978],[-96.09394,32.1977],[-96.0936,32.19902],[-96.09398,32.19979],[-96.09369,32.20007],[-96.09383,32.20047],[-96.0934,32.20066],[-96.09359,32.20135],[-96.09394,32.20136],[-96.09367,32.20152],[-96.09382,32.20195],[-96.09308,32.20134],[-96.09256,32.20168],[-96.09292,32.20312],[-96.09389,32.20317],[-96.09382,32.20367],[-96.09421,32.20406],[-96.09516,32.20379],[-96.09522,32.20313],[-96.09559,32.2036],[-96.09638,32.20346],[-96.09564,32.20378],[-96.09555,32.20465],[-96.09482,32.20555],[-96.09669,32.20617],[-96.09764,32.20579],[-96.09763,32.20545],[-96.09844,32.20587],[-96.09993,32.2053],[-96.10019,32.20392],[-96.10053,32.20571],[-96.09863,32.20796],[-96.09885,32.20882],[-96.10076,32.20805],[-96.10202,32.2068],[-96.10231,32.20602],[-96.10253,32.20603],[-96.10254,32.20669],[-96.10304,32.20664],[-96.10262,32.20707],[-96.10403,32.20657],[-96.10447,32.2056],[-96.10401,32.20516],[-96.10403,32.20431],[-96.10489,32.20397],[-96.10485,32.2043],[-96.10433,32.20453],[-96.10484,32.20572],[-96.10592,32.20513],[-96.10721,32.20558],[-96.10577,32.20555],[-96.10472,32.20604],[-96.1046,32.2063],[-96.10507,32.20658],[-96.10449,32.20666],[-96.10365,32.20779],[-96.10386,32.20833],[-96.10565,32.20861],[-96.10656,32.2091],[-96.10415,32.20896],[-96.1049,32.2128],[-96.10481,32.21372],[-96.10554,32.21409],[-96.105,32.21508],[-96.10565,32.21709],[-96.10602,32.21715],[-96.10592,32.2175],[-96.11055,32.21874],[-96.11099,32.2175],[-96.11072,32.21699],[-96.1115,32.21694],[-96.11174,32.21637],[-96.111,32.21474],[-96.11128,32.21382],[-96.11279,32.21698],[-96.11216,32.21801],[-96.11228,32.21872],[-96.1134,32.2197],[-96.11402,32.22108],[-96.11429,32.22073],[-96.11379,32.21972],[-96.11394,32.21841],[-96.11623,32.21645],[-96.11627,32.2154],[-96.11649,32.21624],[-96.11725,32.21639],[-96.11655,32.21654],[-96.1145,32.21863],[-96.1145,32.21944],[-96.11556,32.22099],[-96.11666,32.2216],[-96.1174,32.22161],[-96.11957,32.22099],[-96.12039,32.22005],[-96.11998,32.2209],[-96.11894,32.22146],[-96.11948,32.22179],[-96.11863,32.22162],[-96.11794,32.22209],[-96.11837,32.22253],[-96.1182,32.22276],[-96.11758,32.22233],[-96.11681,32.22257],[-96.11602,32.22231],[-96.11526,32.22237],[-96.11463,32.22283],[-96.1124,32.22195],[-96.11341,32.22266],[-96.11389,32.22351],[-96.11497,32.22412],[-96.11484,32.22462],[-96.11435,32.22476],[-96.11411,32.2259],[-96.11339,32.22505],[-96.1127,32.22657],[-96.1123,32.22663],[-96.11217,32.22748],[-96.1118,32.22778],[-96.11247,32.22879],[-96.11122,32.22847],[-96.11047,32.2279],[-96.11034,32.22835],[-96.11078,32.22916],[-96.11199,32.23022],[-96.11278,32.23003],[-96.11343,32.2289],[-96.11456,32.22923],[-96.11521,32.22797],[-96.11693,32.2269],[-96.11685,32.22651],[-96.11634,32.22633],[-96.11522,32.22705],[-96.11489,32.22576],[-96.11511,32.22542],[-96.11549,32.22541],[-96.11509,32.22583],[-96.11533,32.22662],[-96.1163,32.22617],[-96.11626,32.22523],[-96.11679,32.22523],[-96.11726,32.22607],[-96.11794,32.22505],[-96.11985,32.22483],[-96.1209,32.22535],[-96.12101,32.22475],[-96.12165,32.22481],[-96.12159,32.22565],[-96.12287,32.22552],[-96.12363,32.22584],[-96.12392,32.22476],[-96.1237,32.22416],[-96.12422,32.22399],[-96.12411,32.22454],[-96.12453,32.22449],[-96.12616,32.22321],[-96.12467,32.22458],[-96.12548,32.22495],[-96.12412,32.22492],[-96.12408,32.2257],[-96.12489,32.22584],[-96.12303,32.22634],[-96.12255,32.22701],[-96.12319,32.22753],[-96.12428,32.22766],[-96.12497,32.22711],[-96.1254,32.22801],[-96.12613,32.22848],[-96.12527,32.22838],[-96.12491,32.228],[-96.12341,32.22854],[-96.12353,32.22954],[-96.1246,32.22991],[-96.12266,32.23002],[-96.12195,32.23138],[-96.12105,32.2321],[-96.12099,32.23292],[-96.11988,32.23554],[-96.12212,32.23491],[-96.12199,32.234],[-96.12379,32.23353],[-96.12484,32.23405],[-96.12387,32.23366],[-96.12301,32.23384],[-96.12244,32.23419],[-96.12271,32.23479],[-96.12538,32.23584],[-96.12491,32.23589],[-96.12496,32.23624],[-96.12439,32.23564],[-96.12284,32.23547],[-96.12229,32.23607],[-96.12185,32.23593],[-96.12147,32.23647],[-96.12085,32.23644],[-96.12062,32.23731],[-96.12091,32.23779],[-96.12134,32.23766],[-96.12164,32.23826],[-96.12232,32.23834],[-96.12276,32.23896],[-96.12312,32.2383],[-96.12366,32.23812],[-96.12606,32.23885],[-96.12767,32.23815],[-96.12756,32.23902],[-96.12699,32.23934],[-96.12692,32.23975],[-96.12784,32.23998],[-96.12781,32.24053],[-96.12864,32.24158],[-96.12903,32.24142],[-96.12963,32.23922],[-96.13019,32.24025],[-96.1313,32.23991],[-96.13249,32.23905],[-96.13249,32.23863],[-96.13154,32.23827],[-96.13249,32.2383],[-96.13271,32.23804],[-96.13284,32.23851],[-96.13339,32.23841],[-96.1328,32.23978],[-96.13409,32.23983],[-96.13424,32.23908],[-96.13527,32.23809],[-96.13476,32.23667],[-96.13568,32.23785],[-96.13682,32.23722],[-96.13657,32.23782],[-96.13585,32.23809],[-96.13562,32.23916],[-96.13731,32.23848],[-96.13776,32.23859],[-96.1387,32.23986],[-96.14043,32.23913],[-96.14082,32.23946],[-96.1416,32.24096],[-96.1401,32.24168],[-96.14033,32.24218],[-96.14007,32.24267],[-96.141,32.24406],[-96.14067,32.24512],[-96.14166,32.24559],[-96.14146,32.24652],[-96.14296,32.24713],[-96.14286,32.24738],[-96.14144,32.24712],[-96.14162,32.24796],[-96.14302,32.24832],[-96.14108,32.24899],[-96.14047,32.2506],[-96.14171,32.25009],[-96.14074,32.25119],[-96.13947,32.25177],[-96.1409,32.25235],[-96.14209,32.25194],[-96.14193,32.2523],[-96.13857,32.25255],[-96.13839,32.2532],[-96.13984,32.25426],[-96.14031,32.25379],[-96.14042,32.25453],[-96.14097,32.25442],[-96.14159,32.25507],[-96.14358,32.25399],[-96.14267,32.25492],[-96.14322,32.25546],[-96.14229,32.25529],[-96.14197,32.25591],[-96.14104,32.25641],[-96.14007,32.25633],[-96.13952,32.25693],[-96.13962,32.25781],[-96.1393,32.25675],[-96.13996,32.25551],[-96.13852,32.2552],[-96.13824,32.25612],[-96.13904,32.26011],[-96.13966,32.26019],[-96.14005,32.25869],[-96.14114,32.25931],[-96.14203,32.25904],[-96.14249,32.2583],[-96.1431,32.25825],[-96.14335,32.25874],[-96.14435,32.25851],[-96.14419,32.25736],[-96.14375,32.25688],[-96.14466,32.25738],[-96.14534,32.25648],[-96.14576,32.25664],[-96.14591,32.25741],[-96.14554,32.2587],[-96.14631,32.25854],[-96.14661,32.25913],[-96.1475,32.25805],[-96.1476,32.25741],[-96.14821,32.25719],[-96.14792,32.2573],[-96.14845,32.25777],[-96.14856,32.25877],[-96.14806,32.26],[-96.14965,32.2608],[-96.14956,32.26024],[-96.14913,32.26011],[-96.14917,32.25943],[-96.15039,32.25985],[-96.15078,32.25916],[-96.15037,32.25906],[-96.15028,32.25865],[-96.15119,32.25867],[-96.15143,32.25797],[-96.15107,32.25755],[-96.15143,32.25773],[-96.15188,32.2575],[-96.1519,32.25799],[-96.15288,32.25817],[-96.15193,32.25849],[-96.15181,32.25992],[-96.1526,32.25986],[-96.15136,32.26099],[-96.15157,32.26202],[-96.15234,32.262],[-96.15255,32.26133],[-96.15531,32.26037],[-96.15575,32.26035],[-96.15573,32.26076],[-96.15726,32.26078],[-96.15725,32.26104],[-96.1554,32.26104],[-96.15441,32.26145],[-96.15437,32.26178],[-96.15401,32.2614],[-96.1534,32.26163],[-96.15322,32.26237],[-96.15351,32.26259],[-96.15304,32.26251],[-96.15294,32.26298],[-96.15324,32.2637],[-96.15376,32.264],[-96.15488,32.26358],[-96.15428,32.26419],[-96.1545,32.26484],[-96.1541,32.26436],[-96.15261,32.26376],[-96.15238,32.26393],[-96.15345,32.26495],[-96.15364,32.26594],[-96.15534,32.26614],[-96.15364,32.2668],[-96.15524,32.26832],[-96.15509,32.26974],[-96.15581,32.26977],[-96.15595,32.26933],[-96.1563,32.26946],[-96.15709,32.26876],[-96.1573,32.26816],[-96.15699,32.26772],[-96.15742,32.26771],[-96.15746,32.26723],[-96.15773,32.26805],[-96.15812,32.26823],[-96.15854,32.26738],[-96.15986,32.26712],[-96.16107,32.26618],[-96.16135,32.26454],[-96.16171,32.26415],[-96.16209,32.26415],[-96.16153,32.26457],[-96.16167,32.26552],[-96.16281,32.26562],[-96.16279,32.2648],[-96.1631,32.26448],[-96.16318,32.26548],[-96.16413,32.26478],[-96.16544,32.26513],[-96.16525,32.26536],[-96.16437,32.26515],[-96.16298,32.26592],[-96.16325,32.26667],[-96.16257,32.26604],[-96.16173,32.2663],[-96.1613,32.26715],[-96.16226,32.26731],[-96.16281,32.26849],[-96.16401,32.26942],[-96.16301,32.26892],[-96.16238,32.26972],[-96.16273,32.2689],[-96.16186,32.26751],[-96.1609,32.26768],[-96.16072,32.26841],[-96.1602,32.26869],[-96.16086,32.26946],[-96.16038,32.2693],[-96.1603,32.26971],[-96.1602,32.26906],[-96.15956,32.26901],[-96.15919,32.26918],[-96.15894,32.27005],[-96.15862,32.2691],[-96.15737,32.27058],[-96.15758,32.27144],[-96.15845,32.27123],[-96.1578,32.27166],[-96.15872,32.27248],[-96.16014,32.27191],[-96.15934,32.27279],[-96.16064,32.27282],[-96.16109,32.27248],[-96.16106,32.27279],[-96.16179,32.27317],[-96.16293,32.27308],[-96.16306,32.2734],[-96.1638,32.27346],[-96.1653,32.27277],[-96.16385,32.27373],[-96.16503,32.27458],[-96.16417,32.27441],[-96.1634,32.27374],[-96.16351,32.27419],[-96.16328,32.27393],[-96.1615,32.27385],[-96.16136,32.27445],[-96.16083,32.27363],[-96.15972,32.27396],[-96.15982,32.27464],[-96.15872,32.27389],[-96.15785,32.27396],[-96.15781,32.27337],[-96.15711,32.27421],[-96.15657,32.27436],[-96.15685,32.27321],[-96.15606,32.27292],[-96.1554,32.27371],[-96.15531,32.27238],[-96.15423,32.27203],[-96.15389,32.27238],[-96.15397,32.27381],[-96.15487,32.27402],[-96.15522,32.27458],[-96.15432,32.27489],[-96.15548,32.27653],[-96.15613,32.27661],[-96.15701,32.27607],[-96.15659,32.27696],[-96.15738,32.2779],[-96.15798,32.27786],[-96.15822,32.27708],[-96.15855,32.2777],[-96.15934,32.27775],[-96.15981,32.27651],[-96.16012,32.27643],[-96.16027,32.27699],[-96.161,32.27726],[-96.16159,32.27708],[-96.1613,32.27744],[-96.16274,32.27847],[-96.16333,32.27842],[-96.16274,32.27869],[-96.16261,32.27911],[-96.16247,32.27832],[-96.16046,32.27762],[-96.15963,32.27853],[-96.15835,32.27903],[-96.15913,32.27994],[-96.16003,32.27945],[-96.15942,32.28064],[-96.15991,32.28145],[-96.15972,32.2818],[-96.16024,32.28324],[-96.1614,32.28386],[-96.16259,32.28286],[-96.16244,32.28336],[-96.16349,32.28385],[-96.16263,32.28391],[-96.16177,32.28486],[-96.16215,32.28583],[-96.16264,32.28587],[-96.16252,32.28626],[-96.16286,32.28677],[-96.16354,32.28665],[-96.16302,32.28692],[-96.16297,32.28822],[-96.16337,32.28889],[-96.16405,32.28895],[-96.16354,32.28913],[-96.1631,32.29002],[-96.16315,32.29047],[-96.16396,32.29117],[-96.1648,32.29138],[-96.1698,32.29078],[-96.17139,32.2917],[-96.17165,32.29257],[-96.1735,32.29461],[-96.17406,32.29482],[-96.17533,32.29439],[-96.17546,32.295],[-96.17673,32.29543],[-96.17872,32.29495],[-96.17938,32.29405],[-96.17928,32.29506],[-96.18064,32.29453],[-96.18383,32.29443],[-96.18457,32.2933],[-96.18402,32.29483],[-96.18543,32.29605],[-96.1858,32.29691],[-96.18423,32.29925],[-96.18438,32.2998],[-96.1849,32.30002],[-96.18432,32.30002],[-96.18319,32.30076],[-96.18272,32.30142],[-96.18337,32.30165],[-96.18252,32.30165],[-96.18187,32.30305],[-96.18334,32.30499],[-96.18423,32.305],[-96.1846,32.30553],[-96.18444,32.30572],[-96.18429,32.30542],[-96.18337,32.3053],[-96.18284,32.30609],[-96.18295,32.30515],[-96.18212,32.305],[-96.18172,32.30532],[-96.182,32.30483],[-96.18168,32.30466],[-96.17983,32.30487],[-96.18078,32.30654],[-96.179,32.30564],[-96.17824,32.30681],[-96.17896,32.30717],[-96.17923,32.30806],[-96.18005,32.30835],[-96.1792,32.30833],[-96.17899,32.30874],[-96.17862,32.30838],[-96.17806,32.30839],[-96.17785,32.30782],[-96.17734,32.30783],[-96.17676,32.30861],[-96.17685,32.30938],[-96.17736,32.31006],[-96.18095,32.31013],[-96.17987,32.31043],[-96.18057,32.31117],[-96.18203,32.31223],[-96.18361,32.31235],[-96.18219,32.31246],[-96.18199,32.31298],[-96.18232,32.31426],[-96.18326,32.31505],[-96.18494,32.3145],[-96.18589,32.31335],[-96.18649,32.31319],[-96.18679,32.31212],[-96.18667,32.31285],[-96.18711,32.31305],[-96.18676,32.31335],[-96.18676,32.31388],[-96.18794,32.31421],[-96.18832,32.31491],[-96.18977,32.31605],[-96.19043,32.31737],[-96.19059,32.3187],[-96.1916,32.31919],[-96.19175,32.31821],[-96.19191,32.31941],[-96.19328,32.31932],[-96.19233,32.31965],[-96.19337,32.3202],[-96.19345,32.32074],[-96.19366,32.3207],[-96.19331,32.3217],[-96.19393,32.3219],[-96.19398,32.32255],[-96.19364,32.32254],[-96.19365,32.32208],[-96.19315,32.32221],[-96.19339,32.32266],[-96.19277,32.32419],[-96.19268,32.32599],[-96.19235,32.3262],[-96.19262,32.32653],[-96.19019,32.32688],[-96.18968,32.32507],[-96.18903,32.3245],[-96.18807,32.3272],[-96.1868,32.32737],[-96.18684,32.32757],[-96.1879,32.32744],[-96.18817,32.32793],[-96.18899,32.32822],[-96.1899,32.32716],[-96.19285,32.32668],[-96.19267,32.32709],[-96.19301,32.32726],[-96.19277,32.32733],[-96.19408,32.32852],[-96.19522,32.33121],[-96.198,32.33301],[-96.19884,32.33257],[-96.1987,32.33284],[-96.19913,32.33304],[-96.19874,32.33331],[-96.19915,32.33334],[-96.19955,32.33432],[-96.20007,32.33437],[-96.20105,32.33653],[-96.20186,32.33702],[-96.20191,32.3376],[-96.20294,32.33813],[-96.20354,32.33885],[-96.20276,32.33812],[-96.20163,32.33779],[-96.202,32.33838],[-96.20158,32.33864],[-96.20184,32.33837],[-96.20141,32.33795],[-96.20148,32.33754],[-96.20121,32.33819],[-96.20033,32.33792],[-96.20149,32.33901],[-96.20254,32.33949],[-96.2015,32.33912],[-96.20132,32.33947],[-96.20136,32.33908],[-96.20059,32.3384],[-96.20016,32.33893],[-96.20045,32.33829],[-96.20011,32.33791],[-96.19985,32.33821],[-96.19993,32.33754],[-96.19932,32.33741],[-96.19777,32.33621],[-96.19753,32.33626],[-96.19736,32.33729],[-96.19731,32.33625],[-96.19358,32.3384],[-96.19415,32.33832],[-96.19389,32.33915],[-96.19437,32.33989],[-96.19327,32.33879],[-96.19117,32.34066],[-96.19097,32.34113],[-96.1912,32.34159],[-96.19063,32.34124],[-96.19003,32.34189],[-96.19,32.3425],[-96.18994,32.34207],[-96.18944,32.34259],[-96.19041,32.34345],[-96.19019,32.3435],[-96.18984,32.34285],[-96.18944,32.34281],[-96.1894,32.34319],[-96.19052,32.3459],[-96.19109,32.34665],[-96.19158,32.34668],[-96.19215,32.3495],[-96.19157,32.35176],[-96.19316,32.35396],[-96.19383,32.35369],[-96.19413,32.35449],[-96.19522,32.35542],[-96.19424,32.35518],[-96.1939,32.35536],[-96.19417,32.35631],[-96.19777,32.35507],[-96.19784,32.35441],[-96.19817,32.35421],[-96.19798,32.35473],[-96.19838,32.35509],[-96.20008,32.35492],[-96.20182,32.3555],[-96.2027,32.35775],[-96.20267,32.35843],[-96.20322,32.35925],[-96.20285,32.35943],[-96.20298,32.36157],[-96.20263,32.36217],[-96.20384,32.36193],[-96.20322,32.36245],[-96.20325,32.36275],[-96.20338,32.363],[-96.20353,32.36256],[-96.20431,32.36411],[-96.20419,32.36339],[-96.20478,32.3643],[-96.20477,32.36458],[-96.20436,32.36441],[-96.2054,32.36524],[-96.20479,32.36568],[-96.20556,32.36632],[-96.20602,32.37053],[-96.20768,32.3719],[-96.20977,32.37232],[-96.20991,32.37261],[-96.21024,32.37235],[-96.21217,32.37412],[-96.21303,32.3744],[-96.21337,32.37535],[-96.213,32.37555],[-96.21352,32.37606],[-96.21334,32.37637],[-96.21387,32.37716],[-96.21662,32.37744],[-96.21698,32.37783],[-96.21957,32.37856],[-96.22084,32.37852],[-96.22353,32.37934],[-96.22449,32.38004],[-96.22559,32.37912],[-96.2254,32.3796],[-96.22621,32.38057],[-96.22769,32.38106],[-96.22669,32.38189],[-96.228,32.38204],[-96.22866,32.38261],[-96.22928,32.38355],[-96.22882,32.38351],[-96.22871,32.3841],[-96.22946,32.3835],[-96.22943,32.38401],[-96.22986,32.38384],[-96.22931,32.38421],[-96.2292,32.38395],[-96.22891,32.38449],[-96.22934,32.38433],[-96.23083,32.3859],[-96.23169,32.38593],[-96.23109,32.38619],[-96.23176,32.3863],[-96.232,32.38686],[-96.23206,32.38737],[-96.23181,32.38728],[-96.23146,32.3878],[-96.23218,32.38836],[-96.23212,32.38872],[-96.2328,32.38956],[-96.23274,32.39006],[-96.23446,32.39041],[-96.23435,32.39081],[-96.2357,32.39202],[-96.2353,32.39287],[-96.23543,32.39374],[-96.23638,32.39384],[-96.23508,32.39396],[-96.23589,32.39595],[-96.23521,32.39678],[-96.23528,32.39721],[-96.23583,32.39756],[-96.23628,32.39719],[-96.23695,32.39728],[-96.23838,32.39782],[-96.23816,32.39824],[-96.23869,32.39852],[-96.23836,32.39901],[-96.2392,32.39944],[-96.24152,32.39971],[-96.23917,32.39994],[-96.23915,32.40084],[-96.24146,32.40099],[-96.24154,32.40121],[-96.23754,32.40143],[-96.23766,32.40188],[-96.23735,32.40226],[-96.24138,32.40295],[-96.24156,32.4035],[-96.24134,32.4032],[-96.23922,32.40324],[-96.23848,32.40364],[-96.23752,32.40333],[-96.2366,32.40462],[-96.23416,32.40529],[-96.23409,32.40568],[-96.2319,32.40668],[-96.23004,32.4059],[-96.23161,32.40709],[-96.23468,32.40713],[-96.2413,32.40925],[-96.23686,32.40792],[-96.23548,32.40871],[-96.23479,32.40827],[-96.2347,32.40788],[-96.23359,32.40803],[-96.23284,32.40867],[-96.2329,32.40916],[-96.23392,32.40915],[-96.23394,32.40879],[-96.23352,32.40852],[-96.2339,32.40814],[-96.23419,32.40921],[-96.23505,32.40945],[-96.23162,32.40967],[-96.23205,32.40989],[-96.23296,32.40971],[-96.23229,32.40993],[-96.23431,32.41093],[-96.23251,32.41005],[-96.2319,32.41013],[-96.23247,32.41041],[-96.23065,32.41023],[-96.23137,32.41044],[-96.23156,32.41109],[-96.23222,32.41136],[-96.23106,32.41136],[-96.23113,32.41173],[-96.23301,32.4122],[-96.23163,32.41205],[-96.23246,32.41275],[-96.23232,32.41365],[-96.23038,32.41322],[-96.23038,32.41399],[-96.23073,32.41421],[-96.23026,32.41503],[-96.23029,32.41642],[-96.23017,32.41582],[-96.22892,32.4163],[-96.2279,32.41518],[-96.22638,32.41496],[-96.22604,32.41394],[-96.22498,32.41362],[-96.22398,32.41248],[-96.22026,32.41041],[-96.21979,32.40902],[-96.21928,32.40864],[-96.2186,32.40842],[-96.21645,32.40926],[-96.21558,32.4091],[-96.21508,32.40955],[-96.21387,32.40965],[-96.2132,32.4093],[-96.21274,32.40854],[-96.20913,32.40835],[-96.20588,32.40743],[-96.20462,32.40823],[-96.20434,32.40889],[-96.20484,32.41137],[-96.20473,32.41394],[-96.2044,32.4144],[-96.20158,32.41523],[-96.19991,32.4152],[-96.19929,32.41491],[-96.1992,32.41455],[-96.19853,32.41445],[-96.19737,32.41469],[-96.19633,32.4157],[-96.19498,32.41547],[-96.19457,32.41496],[-96.19388,32.41503],[-96.19186,32.41376],[-96.19241,32.41416],[-96.19173,32.41506],[-96.19292,32.41579],[-96.19319,32.41637],[-96.19289,32.41659],[-96.19322,32.41667],[-96.19242,32.41725],[-96.19238,32.41758],[-96.19272,32.41773],[-96.19217,32.41802],[-96.19193,32.41906],[-96.19044,32.42077],[-96.19039,32.42263],[-96.1886,32.42202],[-96.18976,32.41972],[-96.18933,32.41958],[-96.18912,32.41996],[-96.1888,32.41974],[-96.18843,32.41993],[-96.18761,32.41935],[-96.18883,32.41857],[-96.18908,32.41758],[-96.19079,32.41777],[-96.18938,32.41686],[-96.18974,32.41642],[-96.18937,32.41629],[-96.18927,32.41581],[-96.1902,32.41543],[-96.19042,32.41493],[-96.19132,32.41477],[-96.19156,32.41441],[-96.19121,32.41419],[-96.19093,32.41467],[-96.19002,32.41488],[-96.18992,32.41524],[-96.18935,32.41528],[-96.18914,32.41481],[-96.18833,32.41519],[-96.18911,32.4158],[-96.18916,32.41652],[-96.18791,32.41663],[-96.18774,32.41692],[-96.1881,32.41724],[-96.18701,32.41758],[-96.18616,32.41841],[-96.18481,32.41882],[-96.18443,32.41851],[-96.18457,32.41769],[-96.18549,32.41736],[-96.18458,32.41748],[-96.18446,32.41724],[-96.1864,32.4161],[-96.18625,32.41574],[-96.18551,32.41546],[-96.18566,32.41463],[-96.18529,32.41545],[-96.18599,32.4157],[-96.18608,32.4161],[-96.18421,32.41696],[-96.18438,32.41663],[-96.18595,32.41597],[-96.18524,32.41568],[-96.18522,32.41509],[-96.18509,32.41621],[-96.18418,32.4162],[-96.18367,32.41741],[-96.18152,32.41781],[-96.18048,32.41924],[-96.17997,32.4181],[-96.17911,32.41811],[-96.1783,32.41849],[-96.17823,32.41887],[-96.17779,32.41882],[-96.17766,32.41921],[-96.17729,32.41919],[-96.17855,32.41688],[-96.17803,32.41549],[-96.17825,32.41521],[-96.17887,32.41565],[-96.17867,32.41524],[-96.17927,32.41481],[-96.17866,32.41473],[-96.17902,32.4144],[-96.17898,32.41387],[-96.17869,32.41406],[-96.17665,32.41378],[-96.17713,32.41333],[-96.17711,32.41262],[-96.17654,32.41236],[-96.17576,32.41114],[-96.17689,32.41178],[-96.17742,32.41155],[-96.17698,32.40949],[-96.17733,32.40839],[-96.1781,32.40728],[-96.17839,32.40738],[-96.17765,32.4095],[-96.17817,32.41062],[-96.1794,32.41017],[-96.17933,32.41056],[-96.18099,32.41125],[-96.1827,32.40986],[-96.1845,32.41084],[-96.1852,32.41002],[-96.18415,32.40936],[-96.18396,32.40848],[-96.18321,32.40777],[-96.18376,32.40698],[-96.18459,32.40726],[-96.18551,32.40597],[-96.18546,32.40554],[-96.18474,32.40552],[-96.18406,32.40494],[-96.18255,32.40496],[-96.18105,32.40417],[-96.17943,32.40518],[-96.18046,32.40582],[-96.18042,32.40635],[-96.17934,32.4061],[-96.17888,32.40526],[-96.17755,32.4045],[-96.17762,32.40394],[-96.17702,32.40454],[-96.17678,32.40421],[-96.17722,32.4034],[-96.1775,32.40321],[-96.17765,32.40348],[-96.17866,32.40346],[-96.17909,32.4044],[-96.17996,32.40414],[-96.1791,32.40301],[-96.18,32.40254],[-96.18057,32.4028],[-96.18111,32.40255],[-96.18036,32.40114],[-96.18084,32.40058],[-96.18152,32.40082],[-96.18174,32.40186],[-96.18206,32.40206],[-96.1818,32.40313],[-96.1825,32.40368],[-96.18359,32.40362],[-96.18461,32.40315],[-96.18582,32.40368],[-96.18489,32.40378],[-96.18487,32.40416],[-96.18614,32.40391],[-96.18649,32.40318],[-96.18805,32.40214],[-96.18739,32.40104],[-96.18759,32.40057],[-96.18733,32.40072],[-96.1862,32.40026],[-96.18618,32.39987],[-96.18567,32.39958],[-96.1847,32.39984],[-96.18394,32.40046],[-96.18291,32.40033],[-96.18176,32.39943],[-96.18158,32.39984],[-96.18095,32.39985],[-96.18026,32.39921],[-96.18031,32.39847],[-96.17979,32.39823],[-96.17941,32.39715],[-96.18034,32.39716],[-96.18097,32.39652],[-96.17701,32.39538],[-96.17289,32.39284],[-96.17293,32.39085],[-96.17264,32.39034],[-96.17254,32.39176],[-96.17238,32.39066],[-96.1719,32.39018],[-96.17233,32.38941],[-96.17452,32.38811],[-96.17627,32.38777],[-96.17528,32.38681],[-96.17326,32.38385],[-96.17076,32.38221],[-96.16966,32.38093],[-96.16775,32.37697],[-96.16758,32.37534],[-96.16724,32.37511],[-96.16676,32.37526],[-96.16522,32.37706],[-96.16437,32.37594],[-96.16372,32.37613],[-96.16347,32.37787],[-96.16256,32.37894],[-96.16136,32.37961],[-96.16163,32.38052],[-96.16121,32.37978],[-96.15888,32.37997],[-96.15809,32.38062],[-96.1586,32.38166],[-96.1569,32.38134],[-96.15697,32.38188],[-96.15968,32.38355],[-96.15842,32.38289],[-96.15926,32.38369],[-96.15932,32.38468],[-96.15913,32.38529],[-96.15858,32.38539],[-96.15715,32.38683],[-96.15743,32.38831],[-96.15785,32.38849],[-96.15782,32.38885],[-96.15659,32.38916],[-96.15539,32.39025],[-96.15282,32.39121],[-96.14825,32.38862],[-96.14752,32.3894],[-96.15121,32.39175],[-96.14985,32.39168],[-96.14943,32.39221],[-96.14821,32.39252],[-96.14799,32.38988],[-96.14664,32.39003],[-96.14599,32.39042],[-96.14611,32.39155],[-96.14723,32.39283],[-96.14659,32.39305],[-96.14607,32.3937],[-96.14534,32.39349],[-96.14292,32.3937],[-96.14117,32.3963],[-96.14043,32.39637],[-96.13961,32.39569],[-96.13905,32.39416],[-96.13965,32.39368],[-96.13757,32.39368],[-96.13784,32.39317],[-96.13888,32.39272],[-96.13694,32.39303],[-96.13587,32.39504],[-96.13519,32.39497],[-96.13503,32.39541],[-96.13452,32.39548],[-96.13428,32.39626],[-96.13426,32.39539],[-96.13499,32.39518],[-96.13512,32.39391],[-96.13614,32.39272],[-96.13608,32.39221],[-96.13566,32.39219],[-96.13614,32.39161],[-96.13656,32.39171],[-96.13603,32.392],[-96.13652,32.39303],[-96.13695,32.39255],[-96.13844,32.39215],[-96.13709,32.39203],[-96.1392,32.39164],[-96.13978,32.39103],[-96.14211,32.39163],[-96.14343,32.39142],[-96.14371,32.39104],[-96.14371,32.39063],[-96.14328,32.39043],[-96.14192,32.3908],[-96.13985,32.3899],[-96.13911,32.39053],[-96.13835,32.39035],[-96.13789,32.39063],[-96.13727,32.38994],[-96.13726,32.38886],[-96.13693,32.38877],[-96.13717,32.38746],[-96.13665,32.38635],[-96.13669,32.38699],[-96.13567,32.38714],[-96.13657,32.38731],[-96.1369,32.38778],[-96.13578,32.38821],[-96.13541,32.38803],[-96.1355,32.38854],[-96.13471,32.38873],[-96.13538,32.3883],[-96.13524,32.38802],[-96.13597,32.38775],[-96.13634,32.38799],[-96.13649,32.38766],[-96.13516,32.38733],[-96.13484,32.38789],[-96.13482,32.38734],[-96.13512,32.38713],[-96.13476,32.38667],[-96.13348,32.38754],[-96.13413,32.38678],[-96.13401,32.38648],[-96.13473,32.38587],[-96.13457,32.38506],[-96.13514,32.38394],[-96.13596,32.38343],[-96.13717,32.38332],[-96.13784,32.38245],[-96.13711,32.38144],[-96.13768,32.38166],[-96.13772,32.37969],[-96.13738,32.37892],[-96.13773,32.37841],[-96.13769,32.37765],[-96.1373,32.37719],[-96.13704,32.37731],[-96.13709,32.37883],[-96.13603,32.37961],[-96.13667,32.37872],[-96.13635,32.37764],[-96.13643,32.37631],[-96.13679,32.37613],[-96.1374,32.3765],[-96.13791,32.376],[-96.13876,32.37381],[-96.13801,32.37234],[-96.13673,32.3716],[-96.13631,32.37042],[-96.13623,32.36862],[-96.13655,32.36812],[-96.13796,32.36756],[-96.14091,32.36844],[-96.14201,32.36823],[-96.14476,32.36582],[-96.14692,32.36482],[-96.1479,32.36383],[-96.15218,32.36161],[-96.1547,32.35977],[-96.15557,32.35663],[-96.1565,32.35604],[-96.15634,32.35552],[-96.15656,32.35531],[-96.15585,32.3537],[-96.15584,32.35268],[-96.1563,32.35252],[-96.15572,32.3521],[-96.15576,32.3517],[-96.1578,32.35006],[-96.15885,32.34972],[-96.1598,32.34821],[-96.15962,32.34759],[-96.1574,32.34722],[-96.15609,32.34641],[-96.15559,32.34653],[-96.1549,32.34736],[-96.15593,32.34595],[-96.15484,32.34467],[-96.15496,32.34419],[-96.15393,32.34389],[-96.15503,32.34401],[-96.15533,32.34364],[-96.15549,32.34248],[-96.15618,32.34137],[-96.15463,32.34118],[-96.15626,32.34084],[-96.15629,32.34027],[-96.15679,32.34019],[-96.15674,32.3391],[-96.1561,32.3379],[-96.15635,32.33775],[-96.15634,32.33682],[-96.15429,32.33605],[-96.15377,32.33618],[-96.15452,32.33601],[-96.15434,32.33528],[-96.15488,32.33625],[-96.1562,32.33658],[-96.15845,32.33529],[-96.16014,32.33505],[-96.16049,32.3344],[-96.15978,32.33347],[-96.16111,32.33418],[-96.16133,32.33402],[-96.16051,32.33281],[-96.16056,32.33134],[-96.16106,32.33119],[-96.16102,32.33087],[-96.16052,32.33087],[-96.16006,32.33024],[-96.16112,32.33017],[-96.16258,32.329],[-96.16389,32.32874],[-96.16374,32.32776],[-96.16271,32.32788],[-96.16139,32.32893],[-96.16013,32.32892],[-96.15829,32.32751],[-96.15776,32.32754],[-96.15748,32.32793],[-96.15731,32.32724],[-96.15679,32.32721],[-96.15734,32.32686],[-96.15595,32.32619],[-96.15723,32.32657],[-96.15759,32.3262],[-96.1576,32.32718],[-96.15883,32.32714],[-96.15975,32.32781],[-96.1611,32.32792],[-96.16097,32.32668],[-96.16027,32.32614],[-96.16006,32.3263],[-96.15959,32.32559],[-96.16145,32.32587],[-96.1619,32.32553],[-96.16189,32.32512],[-96.1609,32.32408],[-96.16052,32.32291],[-96.15878,32.32243],[-96.16131,32.32234],[-96.16209,32.32275],[-96.16274,32.3227],[-96.16254,32.32141],[-96.16426,32.32083],[-96.16452,32.31974],[-96.16549,32.3196],[-96.16509,32.31931],[-96.16575,32.31777],[-96.16648,32.31774],[-96.16661,32.31707],[-96.16612,32.31633],[-96.16584,32.3161],[-96.16503,32.31651],[-96.16482,32.31617],[-96.16377,32.31612],[-96.1627,32.31725],[-96.1627,32.31878],[-96.16236,32.31872],[-96.16233,32.31828],[-96.16172,32.31809],[-96.15926,32.31869],[-96.15706,32.31857],[-96.15706,32.31923],[-96.15775,32.31925],[-96.15722,32.31942],[-96.15722,32.32008],[-96.15687,32.31944],[-96.15621,32.3191],[-96.15431,32.31932],[-96.15598,32.31868],[-96.15501,32.31772],[-96.15446,32.3166],[-96.15489,32.31487],[-96.15301,32.31466],[-96.15516,32.31452],[-96.15585,32.31316],[-96.15529,32.31299],[-96.15552,32.31229],[-96.15527,32.3119],[-96.15593,32.31193],[-96.15603,32.3114],[-96.15431,32.31013],[-96.15315,32.30836],[-96.15249,32.30819],[-96.15234,32.30859],[-96.15194,32.30858],[-96.15177,32.30767],[-96.15124,32.30773],[-96.15026,32.30602],[-96.14948,32.30554],[-96.14903,32.3057],[-96.14857,32.30631],[-96.14872,32.30683],[-96.14827,32.30745],[-96.14817,32.30828],[-96.14929,32.30887],[-96.14957,32.30966],[-96.15029,32.30999],[-96.14943,32.30992],[-96.14935,32.31084],[-96.14964,32.31123],[-96.14926,32.31093],[-96.1493,32.30976],[-96.1489,32.30932],[-96.14768,32.30913],[-96.147,32.30984],[-96.14706,32.31023],[-96.14712,32.31049],[-96.14758,32.31035],[-96.14732,32.31126],[-96.14786,32.31449],[-96.14892,32.31532],[-96.14924,32.31466],[-96.1492,32.31537],[-96.14996,32.31556],[-96.15096,32.31667],[-96.14965,32.31584],[-96.14814,32.31572],[-96.14817,32.31526],[-96.14669,32.31446],[-96.1456,32.31526],[-96.14648,32.31662],[-96.14754,32.31724],[-96.14631,32.31694],[-96.14599,32.31762],[-96.14661,32.31812],[-96.14607,32.31801],[-96.14577,32.31864],[-96.14593,32.31664],[-96.145,32.31605],[-96.1439,32.31798],[-96.14373,32.31882],[-96.14454,32.31995],[-96.14479,32.32124],[-96.14389,32.31938],[-96.14271,32.3193],[-96.14276,32.32043],[-96.14232,32.32047],[-96.1422,32.32104],[-96.14255,32.32148],[-96.14217,32.32218],[-96.14239,32.32241],[-96.14227,32.32402],[-96.14317,32.32536],[-96.14302,32.32643],[-96.14453,32.32608],[-96.14318,32.32654],[-96.14397,32.32729],[-96.1437,32.32752],[-96.14338,32.32703],[-96.14302,32.32718],[-96.14291,32.32668],[-96.14186,32.32758],[-96.1412,32.33019],[-96.14073,32.33079],[-96.13992,32.33081],[-96.14007,32.33115],[-96.14074,32.33116],[-96.1407,32.33223],[-96.14095,32.33243],[-96.1405,32.33236],[-96.13989,32.33365],[-96.13995,32.33216],[-96.13936,32.33298],[-96.13958,32.33161],[-96.139,32.33203],[-96.13898,32.33242],[-96.13879,32.33189],[-96.1383,32.3317],[-96.13909,32.33191],[-96.13927,32.33175],[-96.13898,32.33143],[-96.13941,32.33161],[-96.13933,32.33122],[-96.13997,32.33158],[-96.13956,32.33115],[-96.13964,32.3308],[-96.1384,32.33061],[-96.13892,32.32872],[-96.1389,32.32739],[-96.13834,32.32726],[-96.13715,32.32786],[-96.13865,32.32702],[-96.13956,32.32539],[-96.13974,32.32392],[-96.13868,32.32326],[-96.1378,32.32322],[-96.13756,32.32342],[-96.1379,32.32384],[-96.13703,32.32355],[-96.13577,32.32483],[-96.137,32.32325],[-96.1365,32.32255],[-96.13734,32.32299],[-96.13749,32.32259],[-96.13889,32.3224],[-96.14015,32.32152],[-96.14104,32.31861],[-96.14093,32.31807],[-96.14151,32.31751],[-96.14169,32.31597],[-96.14055,32.31661],[-96.14029,32.31709],[-96.13905,32.31743],[-96.13895,32.31791],[-96.13844,32.31742],[-96.13796,32.31785],[-96.13761,32.3177],[-96.13769,32.31796],[-96.13467,32.31804],[-96.13394,32.31728],[-96.13221,32.31783],[-96.13101,32.31727],[-96.13224,32.31766],[-96.13329,32.31747],[-96.13389,32.31699],[-96.13361,32.31601],[-96.13438,32.31776],[-96.13498,32.31786],[-96.13468,32.31746],[-96.13515,32.31777],[-96.13625,32.31729],[-96.13654,32.31748],[-96.13751,32.31721],[-96.13923,32.31618],[-96.13961,32.31479],[-96.14038,32.31511],[-96.1405,32.31452],[-96.14161,32.31318],[-96.14114,32.31251],[-96.13979,32.31237],[-96.14115,32.31234],[-96.1422,32.31302],[-96.14268,32.31274],[-96.14263,32.31205],[-96.14324,32.31151],[-96.14323,32.30997],[-96.14196,32.30963],[-96.14071,32.31062],[-96.14112,32.3097],[-96.14056,32.30965],[-96.142,32.30922],[-96.14279,32.30824],[-96.14418,32.30736],[-96.14434,32.30674],[-96.14385,32.30624],[-96.14041,32.30685],[-96.13951,32.30667],[-96.13952,32.30629],[-96.1406,32.30645],[-96.14214,32.30547],[-96.14224,32.30486],[-96.1406,32.30409],[-96.13964,32.30272],[-96.14048,32.30153],[-96.1428,32.30115],[-96.14357,32.30052],[-96.14363,32.30001],[-96.144,32.29986],[-96.14389,32.29949],[-96.14319,32.29897],[-96.14222,32.29953],[-96.14209,32.29895],[-96.14244,32.29842],[-96.14204,32.29799],[-96.14161,32.29825],[-96.14076,32.29792],[-96.13787,32.29773],[-96.13782,32.29826],[-96.13847,32.29888],[-96.13775,32.29869],[-96.13755,32.29905],[-96.13775,32.29955],[-96.13828,32.29976],[-96.13773,32.29986],[-96.13732,32.29953],[-96.13692,32.30009],[-96.1374,32.29933],[-96.13686,32.29881],[-96.13502,32.29992],[-96.13383,32.29972],[-96.13326,32.30013],[-96.13315,32.30068],[-96.13394,32.30102],[-96.13291,32.30085],[-96.13259,32.30164],[-96.13321,32.30243],[-96.13399,32.30238],[-96.13325,32.30254],[-96.1336,32.30379],[-96.13344,32.30313],[-96.13132,32.30086],[-96.13044,32.30099],[-96.13015,32.30181],[-96.1297,32.30169],[-96.12867,32.30543],[-96.12938,32.30652],[-96.12888,32.30646],[-96.12817,32.30562],[-96.12753,32.30775],[-96.128,32.30891],[-96.12767,32.30892],[-96.12709,32.30814],[-96.12705,32.30843],[-96.12484,32.30941],[-96.12285,32.3099],[-96.12272,32.31039],[-96.12268,32.30951],[-96.11939,32.30926],[-96.11777,32.3098],[-96.11772,32.3104],[-96.11871,32.31169],[-96.11716,32.31011],[-96.11537,32.31146],[-96.11577,32.31236],[-96.1152,32.31177],[-96.11473,32.31183],[-96.11447,32.31275],[-96.1138,32.31336],[-96.11365,32.31588],[-96.11301,32.31561],[-96.11335,32.31536],[-96.11339,32.31343],[-96.11368,32.31271],[-96.11344,32.31204],[-96.11236,32.31183],[-96.11216,32.30888],[-96.11213,32.31205],[-96.11144,32.31316],[-96.10947,32.31482],[-96.10884,32.31808],[-96.1085,32.31822],[-96.10865,32.31851],[-96.10792,32.31913],[-96.10807,32.31956],[-96.10731,32.32032],[-96.10755,32.32074],[-96.10709,32.32033],[-96.10501,32.32069],[-96.10646,32.32252],[-96.10527,32.32157],[-96.10444,32.32169],[-96.10275,32.3245],[-96.10057,32.32599],[-96.09889,32.32839],[-96.09613,32.32844],[-96.09482,32.32878],[-96.09634,32.32921],[-96.09618,32.32999],[-96.09506,32.3299],[-96.09386,32.32934],[-96.09482,32.33009],[-96.09497,32.33036],[-96.09467,32.33011],[-96.09464,32.33049],[-96.09397,32.33047],[-96.094,32.32998],[-96.09348,32.32971],[-96.09324,32.33062],[-96.09016,32.33065],[-96.09014,32.3309],[-96.09343,32.33108],[-96.09211,32.33299],[-96.09075,32.33415],[-96.09036,32.33407],[-96.08955,32.33485],[-96.08806,32.33543],[-96.08781,32.33544],[-96.08775,32.33503],[-96.08813,32.3342],[-96.08698,32.33462],[-96.08669,32.33429],[-96.08637,32.33509],[-96.08661,32.33529],[-96.08619,32.33519],[-96.08582,32.33554],[-96.08591,32.33506],[-96.08653,32.33455],[-96.08611,32.33437],[-96.08728,32.33427],[-96.08758,32.33396],[-96.0877,32.33296],[-96.08727,32.33372],[-96.08654,32.33383],[-96.08716,32.33338],[-96.08672,32.33303],[-96.08754,32.33222],[-96.08792,32.33224],[-96.08856,32.33097],[-96.08952,32.3309],[-96.0895,32.33063],[-96.08867,32.33062],[-96.08803,32.33014],[-96.08977,32.32934],[-96.0898,32.32958],[-96.09016,32.32943],[-96.09012,32.32845],[-96.09058,32.32814],[-96.09048,32.32787],[-96.0908,32.32785],[-96.09019,32.32705],[-96.09078,32.32486],[-96.09047,32.32037],[-96.09152,32.31911],[-96.09199,32.31611],[-96.09266,32.31561],[-96.09217,32.31514],[-96.09191,32.31341],[-96.09163,32.313],[-96.09073,32.31289],[-96.0879,32.31378],[-96.08719,32.31451],[-96.08651,32.3141],[-96.08662,32.31374],[-96.08577,32.3135],[-96.08487,32.31381],[-96.08388,32.31335],[-96.08341,32.3126],[-96.08082,32.3125],[-96.08031,32.31274],[-96.08036,32.31343],[-96.08009,32.31263],[-96.07926,32.31304],[-96.07919,32.31344],[-96.07828,32.31345],[-96.07779,32.31407],[-96.07611,32.31472],[-96.07696,32.31411],[-96.07599,32.31417],[-96.07713,32.31376],[-96.0767,32.31331],[-96.07648,32.31389],[-96.07679,32.31264],[-96.07631,32.3135],[-96.07611,32.31268],[-96.07475,32.31378],[-96.07554,32.31266],[-96.07496,32.31248],[-96.07501,32.31224],[-96.07736,32.31153],[-96.07739,32.31105],[-96.07956,32.31025],[-96.0802,32.30944],[-96.081,32.30943],[-96.08099,32.30855],[-96.08141,32.30821],[-96.082,32.30843],[-96.08289,32.3076],[-96.0849,32.30731],[-96.085,32.30698],[-96.08516,32.30723],[-96.08564,32.30694],[-96.08564,32.30651],[-96.08588,32.30705],[-96.08704,32.30682],[-96.08839,32.30746],[-96.09195,32.30751],[-96.0931,32.3083],[-96.09348,32.3081],[-96.09354,32.30866],[-96.09456,32.30838],[-96.0941,32.30977],[-96.09468,32.3098],[-96.09538,32.30897],[-96.0985,32.30747],[-96.09894,32.30766],[-96.10002,32.30683],[-96.10221,32.30645],[-96.10319,32.30562],[-96.10397,32.30409],[-96.10379,32.30226],[-96.10347,32.30175],[-96.10318,32.30207],[-96.10299,32.30183],[-96.10343,32.30165],[-96.10277,32.30125],[-96.10119,32.30179],[-96.10245,32.3011],[-96.10307,32.30113],[-96.10288,32.30067],[-96.1031,32.30049],[-96.10341,32.30136],[-96.10374,32.30143],[-96.1043,32.30096],[-96.10444,32.30122],[-96.10487,32.30029],[-96.10468,32.3013],[-96.10636,32.3025],[-96.10858,32.30269],[-96.10929,32.30219],[-96.10949,32.30161],[-96.10854,32.30034],[-96.10959,32.30118],[-96.11017,32.30099],[-96.11032,32.29945],[-96.11059,32.30105],[-96.11218,32.30155],[-96.11239,32.30341],[-96.11243,32.302],[-96.11542,32.30102],[-96.11607,32.29973],[-96.11512,32.29931],[-96.11604,32.29941],[-96.11723,32.29896],[-96.11733,32.29816],[-96.11679,32.29696],[-96.11733,32.29793],[-96.11781,32.29811],[-96.11821,32.29704],[-96.11762,32.29659],[-96.11836,32.29657],[-96.11848,32.29615],[-96.11816,32.29583],[-96.11857,32.29586],[-96.11879,32.29551],[-96.11877,32.29506],[-96.11815,32.29472],[-96.11461,32.29364],[-96.11523,32.29372],[-96.11517,32.29339],[-96.11608,32.29408],[-96.11726,32.29411],[-96.11807,32.29273],[-96.11937,32.29232],[-96.12117,32.29284],[-96.1227,32.2927],[-96.12284,32.29204],[-96.12137,32.29113],[-96.12237,32.29141],[-96.12167,32.28965],[-96.12277,32.29137],[-96.12455,32.29065],[-96.12523,32.29119],[-96.12664,32.2915],[-96.12877,32.29129],[-96.12954,32.29087],[-96.12981,32.29029],[-96.12842,32.28988],[-96.12736,32.29001],[-96.12808,32.28976],[-96.12815,32.28909],[-96.12663,32.28837],[-96.12819,32.28875],[-96.12867,32.28955],[-96.13001,32.28938],[-96.13057,32.28892],[-96.1315,32.28912],[-96.13194,32.28806],[-96.13191,32.28715],[-96.13066,32.28534],[-96.13119,32.28546],[-96.13134,32.2861],[-96.13238,32.28669],[-96.13296,32.28872],[-96.13357,32.28734],[-96.13402,32.28707],[-96.13397,32.28619],[-96.13331,32.28544],[-96.13298,32.28442],[-96.13385,32.2836],[-96.13259,32.2833],[-96.13142,32.28363],[-96.13182,32.28334],[-96.13185,32.28207],[-96.13282,32.28239],[-96.13322,32.28205],[-96.13331,32.28133],[-96.13125,32.28089],[-96.13117,32.28055],[-96.13173,32.28047],[-96.13236,32.27966],[-96.13198,32.27892],[-96.13124,32.27908],[-96.13119,32.27855],[-96.13209,32.27802],[-96.13347,32.27867],[-96.13366,32.27846],[-96.13321,32.27726],[-96.13383,32.27646],[-96.13299,32.27628],[-96.13214,32.2774],[-96.13153,32.27678],[-96.13097,32.27726],[-96.12999,32.27708],[-96.12962,32.27812],[-96.12964,32.27768],[-96.12914,32.27721],[-96.12773,32.27744],[-96.12667,32.28089],[-96.12728,32.28266],[-96.12684,32.28177],[-96.12598,32.28115],[-96.1254,32.28142],[-96.12509,32.28272],[-96.1248,32.28198],[-96.12428,32.28201],[-96.12477,32.28183],[-96.12606,32.28028],[-96.12561,32.27837],[-96.12536,32.27814],[-96.1243,32.27827],[-96.12574,32.2778],[-96.1258,32.2773],[-96.12476,32.27594],[-96.12338,32.27614],[-96.12448,32.27557],[-96.12429,32.27467],[-96.12278,32.27399],[-96.12148,32.27411],[-96.12073,32.2727],[-96.12041,32.27264],[-96.11985,32.27316],[-96.11933,32.2718],[-96.11952,32.27315],[-96.11846,32.27621],[-96.11857,32.27476],[-96.11885,32.27441],[-96.11852,32.27398],[-96.11765,32.27416],[-96.11872,32.27368],[-96.11826,32.27172],[-96.11732,32.27103],[-96.11627,32.27164],[-96.11655,32.27122],[-96.11611,32.27096],[-96.11721,32.27073],[-96.11746,32.27021],[-96.11705,32.26975],[-96.11501,32.26932],[-96.11568,32.26936],[-96.11604,32.26907],[-96.11585,32.26828],[-96.11547,32.26827],[-96.11604,32.26777],[-96.11786,32.26788],[-96.11845,32.26925],[-96.11871,32.26921],[-96.11864,32.26775],[-96.11835,32.26742],[-96.1185,32.26681],[-96.11926,32.26579],[-96.12006,32.26532],[-96.12354,32.26642],[-96.12526,32.26855],[-96.12588,32.26864],[-96.12695,32.26808],[-96.12739,32.26748],[-96.127,32.26663],[-96.12568,32.26618],[-96.12359,32.26617],[-96.11969,32.26482],[-96.11786,32.26575],[-96.11823,32.26685],[-96.11781,32.26767],[-96.11601,32.26761],[-96.11565,32.26691],[-96.1146,32.26639],[-96.11485,32.26569],[-96.11303,32.26498],[-96.11156,32.26573],[-96.11213,32.26647],[-96.11221,32.26711],[-96.1118,32.26615],[-96.11115,32.26677],[-96.11163,32.266],[-96.1109,32.26556],[-96.11149,32.26529],[-96.11111,32.26462],[-96.11166,32.26502],[-96.11224,32.26444],[-96.11173,32.26381],[-96.11244,32.2643],[-96.11332,32.26382],[-96.11399,32.26172],[-96.11396,32.2604],[-96.11331,32.25921],[-96.11299,32.25917],[-96.11279,32.26093],[-96.11164,32.26158],[-96.11143,32.26238],[-96.11168,32.26078],[-96.1114,32.26006],[-96.10999,32.25925],[-96.10811,32.25883],[-96.10755,32.25901],[-96.10794,32.25987],[-96.10708,32.2611],[-96.1072,32.26149],[-96.1068,32.26169],[-96.10655,32.26018],[-96.10559,32.26108],[-96.10585,32.26159],[-96.10563,32.26258],[-96.10728,32.26379],[-96.10873,32.26411],[-96.10748,32.26415],[-96.10797,32.26494],[-96.10702,32.26416],[-96.10586,32.26434],[-96.10646,32.26551],[-96.10526,32.26433],[-96.10487,32.26717],[-96.10588,32.26686],[-96.10641,32.26705],[-96.1059,32.26698],[-96.10509,32.26748],[-96.105,32.26802],[-96.10461,32.2678],[-96.1041,32.26846],[-96.1042,32.26892],[-96.10664,32.26932],[-96.10389,32.26947],[-96.1031,32.2707],[-96.1041,32.27071],[-96.10304,32.2712],[-96.10264,32.27174],[-96.10353,32.27218],[-96.10303,32.27215],[-96.10304,32.27259],[-96.10235,32.27202],[-96.1018,32.27285],[-96.10253,32.27447],[-96.1029,32.27457],[-96.10215,32.27554],[-96.10245,32.27585],[-96.10177,32.27697],[-96.10108,32.27675],[-96.1011,32.27705],[-96.10074,32.27696],[-96.10081,32.27655],[-96.10143,32.2767],[-96.10179,32.27622],[-96.1015,32.27547],[-96.10173,32.27511],[-96.1016,32.27417],[-96.10054,32.27337],[-96.09984,32.27353],[-96.09977,32.27381],[-96.09896,32.27378],[-96.09899,32.27312],[-96.09937,32.27288],[-96.09982,32.27303],[-96.0999,32.2723],[-96.1009,32.27169],[-96.10091,32.27031],[-96.10185,32.27012],[-96.10205,32.26951],[-96.10189,32.26892],[-96.10066,32.2689],[-96.09982,32.26848],[-96.09953,32.2689],[-96.09961,32.26838],[-96.09906,32.2682],[-96.09907,32.26758],[-96.10109,32.26826],[-96.10212,32.26722],[-96.10212,32.26636],[-96.10044,32.26512],[-96.10183,32.26594],[-96.10293,32.26565],[-96.10298,32.26479],[-96.10269,32.26457],[-96.10119,32.26377],[-96.09986,32.2635],[-96.10144,32.26325],[-96.10179,32.26363],[-96.10255,32.26364],[-96.10256,32.26176],[-96.10191,32.2617],[-96.10234,32.26127],[-96.10225,32.26006],[-96.10125,32.25962],[-96.10074,32.25996],[-96.10062,32.2605],[-96.10019,32.26008],[-96.09924,32.26086],[-96.09913,32.26157],[-96.09933,32.26016],[-96.09864,32.25994],[-96.0976,32.2606],[-96.09755,32.26092],[-96.0974,32.26066],[-96.09832,32.2598],[-96.09809,32.2595],[-96.09981,32.25968],[-96.10014,32.25909],[-96.09984,32.25859],[-96.10048,32.2589],[-96.10056,32.25855],[-96.10107,32.25877],[-96.10169,32.25837],[-96.1016,32.25775],[-96.10043,32.2573],[-96.10147,32.25744],[-96.10257,32.25841],[-96.10403,32.25842],[-96.10417,32.2578],[-96.10382,32.25729],[-96.10467,32.25608],[-96.10435,32.25573],[-96.1033,32.2557],[-96.10246,32.25522],[-96.10166,32.2554],[-96.10132,32.25496],[-96.10182,32.25495],[-96.10207,32.25461],[-96.10159,32.25352],[-96.10255,32.25424],[-96.10345,32.25387],[-96.10267,32.25309],[-96.10265,32.25223],[-96.10135,32.25208],[-96.10115,32.25177],[-96.10137,32.25133],[-96.1009,32.25111],[-96.10203,32.25119],[-96.10247,32.25094],[-96.10221,32.24982],[-96.10153,32.24952],[-96.10035,32.24973],[-96.10114,32.24945],[-96.10124,32.24904],[-96.10098,32.2483],[-96.0999,32.24838],[-96.10109,32.24782],[-96.10134,32.24704],[-96.10185,32.24798],[-96.10223,32.24808],[-96.10231,32.24533],[-96.10069,32.24558],[-96.1001,32.24534],[-96.09892,32.24614],[-96.09974,32.24513],[-96.10061,32.24464],[-96.10093,32.24363],[-96.10048,32.24302],[-96.0999,32.24328],[-96.09968,32.24425],[-96.099,32.24428],[-96.09856,32.24484],[-96.09819,32.24411],[-96.0978,32.2449],[-96.09691,32.24409],[-96.09651,32.24298],[-96.09685,32.24269],[-96.09731,32.24301],[-96.09757,32.24224],[-96.09807,32.24209],[-96.09751,32.24164],[-96.09652,32.24167],[-96.09627,32.24123],[-96.09465,32.24147],[-96.09481,32.24064],[-96.09534,32.24028],[-96.09501,32.24],[-96.09507,32.23922],[-96.09573,32.23925],[-96.09546,32.23811],[-96.09688,32.23708],[-96.09732,32.23718],[-96.09722,32.23661],[-96.0965,32.23623],[-96.0939,32.23787],[-96.09382,32.23862],[-96.09321,32.23899],[-96.09353,32.23981],[-96.09332,32.24027],[-96.09384,32.24032],[-96.09388,32.24105],[-96.09317,32.24147],[-96.09299,32.2421],[-96.0923,32.24228],[-96.09291,32.24303],[-96.09484,32.24215],[-96.09458,32.24353],[-96.09566,32.24336],[-96.09555,32.24436],[-96.09593,32.24475],[-96.09566,32.24508],[-96.09495,32.24424],[-96.09399,32.24416],[-96.09453,32.24622],[-96.09612,32.24598],[-96.09492,32.24639],[-96.09484,32.24742],[-96.09513,32.24766],[-96.0959,32.2473],[-96.09526,32.24825],[-96.09535,32.24891],[-96.09601,32.24845],[-96.09668,32.24853],[-96.09619,32.24858],[-96.09581,32.24916],[-96.09634,32.24959],[-96.09618,32.25031],[-96.09643,32.25068],[-96.09702,32.25104],[-96.09745,32.25076],[-96.09713,32.25113],[-96.09753,32.25198],[-96.09674,32.25132],[-96.09448,32.25037],[-96.09407,32.25116],[-96.094,32.25239],[-96.09424,32.25434],[-96.09491,32.25435],[-96.09512,32.25518],[-96.09631,32.2546],[-96.09527,32.25542],[-96.09662,32.25635],[-96.09424,32.25517],[-96.09342,32.25531],[-96.09286,32.25635],[-96.0939,32.25679],[-96.09256,32.2566],[-96.09186,32.25699],[-96.09159,32.25754],[-96.09233,32.25809],[-96.09402,32.2582],[-96.09259,32.25832],[-96.09237,32.25859],[-96.09234,32.25906],[-96.09311,32.25923],[-96.09236,32.25938],[-96.0915,32.26142],[-96.09204,32.25923],[-96.09148,32.25817],[-96.09,32.25811],[-96.08881,32.25914],[-96.08889,32.25839],[-96.08835,32.25857],[-96.0875,32.25809],[-96.08658,32.25914],[-96.0873,32.25795],[-96.08861,32.25816],[-96.09019,32.25748],[-96.09009,32.25707],[-96.09049,32.25711],[-96.09062,32.25632],[-96.09185,32.25562],[-96.09214,32.25455],[-96.09193,32.25394],[-96.09138,32.25403],[-96.09217,32.25332],[-96.09206,32.25251],[-96.08782,32.25258],[-96.08783,32.25319],[-96.08718,32.2531],[-96.08569,32.25425],[-96.08359,32.25478],[-96.08372,32.25566],[-96.08285,32.25537],[-96.08308,32.25487],[-96.08251,32.25531],[-96.08242,32.25475],[-96.08032,32.25431],[-96.08009,32.25393],[-96.07829,32.25584],[-96.0783,32.25702],[-96.07798,32.2577],[-96.07839,32.25859],[-96.07778,32.25811],[-96.07798,32.25712],[-96.07774,32.25631],[-96.07726,32.2563],[-96.07711,32.2569],[-96.07618,32.25759],[-96.07592,32.25878],[-96.07622,32.25939],[-96.07542,32.25868],[-96.07538,32.2603],[-96.0751,32.2587],[-96.07397,32.25944],[-96.07383,32.25994],[-96.07316,32.26042],[-96.07255,32.26205],[-96.07205,32.26228],[-96.07203,32.26273],[-96.07125,32.26276],[-96.07137,32.26348],[-96.07059,32.26351],[-96.0705,32.26386],[-96.07051,32.26339],[-96.07094,32.26348],[-96.07123,32.26316],[-96.07061,32.26295],[-96.07041,32.26325],[-96.07067,32.26241],[-96.0713,32.26202],[-96.07121,32.26177],[-96.07215,32.26036],[-96.0721,32.25976],[-96.07275,32.25939],[-96.07287,32.25897],[-96.07253,32.25859],[-96.07137,32.25859],[-96.07029,32.25794],[-96.06944,32.25798],[-96.06852,32.25716],[-96.06823,32.25758],[-96.0672,32.25763],[-96.06669,32.2586],[-96.06693,32.25769],[-96.06645,32.25769],[-96.06729,32.25736],[-96.06824,32.25622],[-96.06926,32.25595],[-96.07122,32.25647],[-96.07294,32.25603],[-96.07346,32.25544],[-96.07548,32.25498],[-96.07647,32.25418],[-96.07731,32.25278],[-96.07717,32.25062],[-96.0762,32.24955],[-96.07431,32.24926],[-96.07627,32.24921],[-96.07589,32.24899],[-96.07613,32.24911],[-96.07615,32.24884],[-96.07717,32.24947],[-96.07752,32.24884],[-96.07733,32.2497],[-96.07783,32.2502],[-96.08054,32.25064],[-96.08233,32.24938],[-96.08498,32.24883],[-96.08542,32.24846],[-96.08461,32.2478],[-96.08589,32.24829],[-96.08847,32.2468],[-96.08865,32.2464],[-96.08843,32.24494],[-96.08768,32.2445],[-96.08799,32.2441],[-96.08732,32.24196],[-96.08712,32.24004],[-96.08781,32.23771],[-96.08737,32.23696],[-96.08683,32.23727],[-96.08636,32.23463],[-96.08592,32.23398],[-96.08401,32.23469],[-96.08296,32.23595],[-96.08295,32.2347],[-96.08336,32.23349],[-96.08278,32.23301],[-96.08183,32.23287],[-96.08052,32.23319],[-96.0796,32.23601],[-96.07983,32.23379],[-96.0795,32.23338],[-96.07771,32.23344],[-96.07788,32.23435],[-96.07734,32.23536],[-96.07772,32.23412],[-96.07735,32.23348],[-96.07517,32.23366],[-96.07665,32.23326],[-96.07687,32.23264],[-96.07716,32.23296],[-96.07958,32.23233],[-96.07974,32.23103],[-96.08031,32.23177],[-96.08136,32.23135],[-96.08298,32.23153],[-96.08103,32.23001],[-96.08045,32.22906],[-96.07919,32.2286],[-96.08022,32.22855],[-96.08019,32.22658],[-96.08081,32.22453],[-96.07818,32.2252],[-96.07801,32.22559],[-96.07764,32.22549],[-96.07789,32.22466],[-96.0786,32.22445],[-96.07877,32.22327],[-96.07941,32.22349],[-96.08025,32.22239],[-96.07992,32.22194],[-96.07919,32.22257],[-96.07753,32.22244],[-96.07744,32.22197],[-96.0784,32.22188],[-96.07884,32.22127],[-96.07842,32.22117],[-96.07847,32.22018],[-96.07795,32.21941],[-96.07731,32.21911],[-96.07665,32.21933],[-96.0759,32.21978],[-96.07574,32.22036],[-96.07485,32.22002],[-96.07404,32.2207],[-96.07458,32.22125],[-96.07333,32.22089],[-96.07326,32.22185],[-96.07259,32.22258],[-96.073,32.2217],[-96.07296,32.22092],[-96.07236,32.22049],[-96.0741,32.21994],[-96.07443,32.21897],[-96.07525,32.21895],[-96.07609,32.21734],[-96.07538,32.21698],[-96.0747,32.21572],[-96.07307,32.21678],[-96.07359,32.21593],[-96.07374,32.21438],[-96.07438,32.21394],[-96.07572,32.2138],[-96.07765,32.21369],[-96.07823,32.21417],[-96.07903,32.21377],[-96.07999,32.21383],[-96.07992,32.21342],[-96.07958,32.21369],[-96.07906,32.21349],[-96.07836,32.21232],[-96.07858,32.21144],[-96.07682,32.21151],[-96.07653,32.21173],[-96.07678,32.21182],[-96.07598,32.21203],[-96.07605,32.21157],[-96.07718,32.21079],[-96.07717,32.20963],[-96.07484,32.20843],[-96.07334,32.2072],[-96.07237,32.20736],[-96.07241,32.20811],[-96.07113,32.20807],[-96.07084,32.20887],[-96.07101,32.20977],[-96.07206,32.21094],[-96.07205,32.21143],[-96.07143,32.21088],[-96.07095,32.21147],[-96.07075,32.21113],[-96.07099,32.21064],[-96.06845,32.20903],[-96.06846,32.20989],[-96.06796,32.21024],[-96.06839,32.21086],[-96.06817,32.21149],[-96.06867,32.21204],[-96.06838,32.21283],[-96.06874,32.21392],[-96.06856,32.21489],[-96.06779,32.21277],[-96.0666,32.2107],[-96.06497,32.21155],[-96.06565,32.21306],[-96.06426,32.21246],[-96.06437,32.21346],[-96.06514,32.21372],[-96.06452,32.214],[-96.06501,32.21491],[-96.0644,32.21432],[-96.06348,32.21434],[-96.06201,32.21766],[-96.06354,32.21786],[-96.0643,32.21841],[-96.06509,32.21814],[-96.06522,32.21889],[-96.0666,32.21884],[-96.06723,32.21932],[-96.066,32.21958],[-96.06582,32.22075],[-96.06554,32.22034],[-96.06462,32.22086],[-96.06452,32.22047],[-96.06516,32.22014],[-96.06506,32.21955],[-96.06426,32.21925],[-96.06333,32.21933],[-96.06271,32.21892],[-96.0612,32.21886],[-96.06151,32.21982],[-96.06212,32.22017],[-96.06137,32.2207],[-96.06206,32.22192],[-96.06121,32.22152],[-96.06069,32.22236],[-96.06199,32.22334],[-96.06007,32.22249],[-96.05942,32.22362],[-96.0592,32.22446],[-96.05943,32.22479],[-96.05914,32.22517],[-96.05938,32.22575],[-96.06009,32.22577],[-96.05951,32.22629],[-96.05963,32.22727],[-96.05934,32.22746],[-96.05964,32.22837],[-96.05872,32.22734],[-96.05896,32.22695],[-96.05826,32.22602],[-96.05799,32.22478],[-96.0573,32.22461],[-96.05805,32.22448],[-96.05816,32.22404],[-96.05773,32.22366],[-96.05814,32.2235],[-96.05793,32.22315],[-96.05855,32.22264],[-96.05842,32.22191],[-96.05913,32.22131],[-96.05865,32.22075],[-96.05914,32.22056],[-96.05828,32.21988],[-96.05729,32.22006],[-96.05693,32.22093],[-96.05631,32.22146],[-96.05649,32.22273],[-96.05605,32.22334],[-96.05604,32.22412],[-96.0559,32.22334],[-96.05503,32.22335],[-96.05542,32.22301],[-96.05527,32.22251],[-96.0538,32.22273],[-96.05296,32.22184],[-96.05264,32.22189],[-96.0517,32.22251],[-96.0514,32.22348],[-96.05273,32.22454],[-96.05412,32.22504],[-96.05293,32.22539],[-96.05289,32.22579],[-96.0544,32.22635],[-96.0532,32.22635],[-96.05293,32.22676],[-96.05321,32.22768],[-96.05367,32.22799],[-96.05508,32.2281],[-96.05419,32.22824],[-96.05467,32.22913],[-96.05391,32.22827],[-96.05305,32.22804],[-96.05271,32.2284],[-96.05346,32.23],[-96.05254,32.2284],[-96.05274,32.22768],[-96.05225,32.22703],[-96.05199,32.22747],[-96.05182,32.2266],[-96.05139,32.22626],[-96.05034,32.22646],[-96.0502,32.22686],[-96.05018,32.2265],[-96.04929,32.22617],[-96.04811,32.2273],[-96.04862,32.22894],[-96.0491,32.22962],[-96.04982,32.2299],[-96.049,32.22973],[-96.04838,32.22995],[-96.04862,32.2309],[-96.04793,32.23176],[-96.04794,32.23242],[-96.04817,32.23305],[-96.04855,32.23279],[-96.04859,32.2332],[-96.04918,32.23367],[-96.04861,32.23439],[-96.04913,32.23538],[-96.05064,32.23621],[-96.04904,32.23595],[-96.04773,32.23499],[-96.04705,32.23414],[-96.04704,32.23334],[-96.04661,32.23305],[-96.0463,32.23341],[-96.04697,32.23688],[-96.04588,32.23951],[-96.04541,32.23865],[-96.04596,32.23614],[-96.04439,32.23386],[-96.04296,32.23492],[-96.04252,32.23615],[-96.04106,32.23647],[-96.04054,32.23872],[-96.0406,32.23679],[-96.03968,32.23643],[-96.03902,32.23571],[-96.03806,32.23569],[-96.03727,32.23526],[-96.03671,32.23356],[-96.03649,32.23363],[-96.03684,32.23472],[-96.03636,32.2351],[-96.0365,32.23584],[-96.03623,32.23668],[-96.03414,32.23967],[-96.03347,32.23966],[-96.03239,32.24028],[-96.03293,32.2414],[-96.03215,32.24284],[-96.03318,32.24284],[-96.03225,32.24332],[-96.03212,32.24358],[-96.03258,32.24376],[-96.03207,32.24382],[-96.03173,32.2444]],[[-95.98057,32.22673],[-95.9808,32.22673],[-95.98074,32.2267],[-95.98057,32.22673]],[[-95.98508,32.22705],[-95.98513,32.22695],[-95.98502,32.22694],[-95.98508,32.22705]],[[-95.98026,32.22816],[-95.98036,32.22817],[-95.98036,32.22804],[-95.98026,32.22816]],[[-96.23019,32.40971],[-96.2303,32.40955],[-96.23023,32.40955],[-96.23019,32.40971]],[[-95.97627,32.23008],[-95.97635,32.22993],[-95.97622,32.22999],[-95.97627,32.23008]],[[-95.98077,32.22764],[-95.98089,32.22764],[-95.9808,32.22754],[-95.98077,32.22764]],[[-95.98488,32.22622],[-95.98501,32.226],[-95.98484,32.22616],[-95.98488,32.22622]],[[-96.01171,32.24948],[-96.01178,32.24942],[-96.01162,32.24935],[-96.01171,32.24948]],[[-95.98445,32.22744],[-95.98464,32.22737],[-95.98447,32.22731],[-95.98445,32.22744]],[[-96.23877,32.40086],[-96.23901,32.40087],[-96.23886,32.40074],[-96.23877,32.40086]],[[-96.01167,32.24992],[-96.01175,32.24979],[-96.01157,32.24982],[-96.01167,32.24992]],[[-95.97988,32.22794],[-95.9801,32.22803],[-95.98005,32.22785],[-95.97988,32.22794]],[[-95.97916,32.22743],[-95.97934,32.22724],[-95.97908,32.22732],[-95.97916,32.22743]],[[-96.12506,32.28181],[-96.12525,32.28156],[-96.12509,32.28163],[-96.12506,32.28181]],[[-95.98102,32.22802],[-95.98131,32.22783],[-95.98097,32.22798],[-95.98102,32.22802]],[[-96.02737,32.20688],[-96.02773,32.20708],[-96.02752,32.20684],[-96.02737,32.20688]],[[-95.98062,32.22796],[-95.98078,32.22788],[-95.98059,32.22768],[-95.98062,32.22796]],[[-95.97711,32.22947],[-95.97719,32.22927],[-95.97702,32.22924],[-95.97711,32.22947]],[[-96.08214,32.31163],[-96.08194,32.31146],[-96.08194,32.31169],[-96.08214,32.31163]],[[-96.08016,32.31259],[-96.08025,32.31224],[-96.08011,32.31235],[-96.08016,32.31259]],[[-96.07679,32.31233],[-96.077,32.31236],[-96.07711,32.31216],[-96.07679,32.31233]],[[-96.08248,32.31135],[-96.08265,32.31144],[-96.08265,32.31108],[-96.08248,32.31135]],[[-95.97874,32.22768],[-95.97897,32.22738],[-95.97861,32.22759],[-95.97874,32.22768]],[[-95.98118,32.22769],[-95.98106,32.22731],[-95.98092,32.22758],[-95.98118,32.22769]],[[-96.07695,32.31329],[-96.07708,32.31293],[-96.07686,32.31299],[-96.07695,32.31329]],[[-96.1463,32.37986],[-96.146,32.38003],[-96.14644,32.38006],[-96.1463,32.37986]],[[-96.22989,32.40958],[-96.23027,32.40926],[-96.2301,32.40916],[-96.22989,32.40958]],[[-96.08784,32.33355],[-96.08817,32.33298],[-96.08789,32.33287],[-96.08784,32.33355]],[[-96.18613,32.40541],[-96.18578,32.40582],[-96.18633,32.40567],[-96.18613,32.40541]],[[-96.08731,32.33306],[-96.08751,32.33264],[-96.0872,32.3329],[-96.08731,32.33306]],[[-96.02822,32.20696],[-96.02846,32.20693],[-96.02846,32.20656],[-96.02822,32.20696]],[[-96.1355,32.38708],[-96.13534,32.38675],[-96.13508,32.38675],[-96.1355,32.38708]],[[-96.08837,32.33435],[-96.08884,32.33413],[-96.08884,32.33394],[-96.08837,32.33435]],[[-96.08808,32.33279],[-96.08818,32.33217],[-96.08798,32.33235],[-96.08808,32.33279]],[[-95.98311,32.22753],[-95.98331,32.22766],[-95.98387,32.22723],[-95.98311,32.22753]],[[-96.10401,32.30188],[-96.10404,32.30163],[-96.10362,32.30156],[-96.10401,32.30188]],[[-96.07671,32.31249],[-96.07657,32.31211],[-96.07616,32.31255],[-96.07671,32.31249]],[[-96.07697,32.31277],[-96.07762,32.31277],[-96.07713,32.31246],[-96.07697,32.31277]],[[-96.14376,32.38186],[-96.14465,32.38169],[-96.14422,32.3816],[-96.14376,32.38186]],[[-96.01239,32.24187],[-96.01163,32.24196],[-96.01245,32.24207],[-96.01239,32.24187]],[[-95.98004,32.22714],[-95.98041,32.22734],[-95.98071,32.22708],[-95.98011,32.22683],[-95.98004,32.22714]],[[-96.09298,32.32983],[-96.09366,32.32961],[-96.09453,32.32986],[-96.09342,32.32948],[-96.09298,32.32983]],[[-96.01852,32.20422],[-96.01847,32.20448],[-96.01893,32.20447],[-96.01944,32.20419],[-96.01852,32.20422]],[[-96.23049,32.41212],[-96.23018,32.4125],[-96.23152,32.41222],[-96.23049,32.41212]],[[-95.97902,32.22766],[-95.97912,32.22788],[-95.97963,32.22754],[-95.98032,32.22778],[-95.98079,32.22727],[-95.98037,32.22746],[-95.97958,32.2272],[-95.97902,32.22766]],[[-96.16634,32.31422],[-96.16704,32.31415],[-96.16716,32.31341],[-96.16769,32.31289],[-96.1673,32.31277],[-96.16683,32.31385],[-96.16634,32.31422]],[[-96.21268,32.37702],[-96.21353,32.37702],[-96.21312,32.37623],[-96.2123,32.377],[-96.21268,32.37702]],[[-96.23085,32.4101],[-96.23212,32.40994],[-96.23053,32.4096],[-96.23047,32.40988],[-96.23085,32.4101]],[[-96.07729,32.31384],[-96.07796,32.31366],[-96.07825,32.31296],[-96.07816,32.31332],[-96.07885,32.31288],[-96.07833,32.3132],[-96.07842,32.31276],[-96.07736,32.31332],[-96.07729,32.31308],[-96.07688,32.31361],[-96.07791,32.31351],[-96.07729,32.31384]],[[-96.18721,32.40504],[-96.1867,32.40574],[-96.18706,32.40616],[-96.18779,32.40554],[-96.18721,32.40504]],[[-96.23219,32.41345],[-96.23241,32.41298],[-96.23196,32.41261],[-96.23065,32.41244],[-96.2304,32.41272],[-96.23121,32.41273],[-96.23219,32.41345]],[[-96.17419,32.3217],[-96.17514,32.32133],[-96.1753,32.32067],[-96.1747,32.32056],[-96.17419,32.3217]],[[-96.02974,32.20659],[-96.02938,32.20745],[-96.03023,32.20767],[-96.03072,32.2072],[-96.03078,32.20667],[-96.02974,32.20659]],[[-96.19157,32.41771],[-96.19162,32.41721],[-96.19079,32.41725],[-96.19037,32.41685],[-96.19018,32.41593],[-96.19081,32.4151],[-96.19041,32.4151],[-96.19033,32.41548],[-96.1895,32.41577],[-96.18952,32.41618],[-96.18994,32.41631],[-96.18961,32.41689],[-96.19084,32.41759],[-96.19092,32.41796],[-96.19157,32.41771]],[[-96.01757,32.20276],[-96.01524,32.20372],[-96.01335,32.20395],[-96.01436,32.20423],[-96.0168,32.20387],[-96.01757,32.20276]],[[-96.18571,32.41027],[-96.1855,32.41018],[-96.18481,32.41103],[-96.18646,32.41194],[-96.18713,32.4111],[-96.18571,32.41027]],[[-96.18942,32.40796],[-96.19074,32.40714],[-96.19038,32.40665],[-96.18893,32.40593],[-96.1883,32.406],[-96.18815,32.40689],[-96.18871,32.40711],[-96.18845,32.40728],[-96.18879,32.40772],[-96.18942,32.40796]],[[-96.18165,32.322],[-96.18339,32.32132],[-96.18454,32.3201],[-96.18478,32.31929],[-96.18242,32.32058],[-96.18129,32.32161],[-96.18165,32.322]],[[-96.19113,32.41409],[-96.19136,32.41356],[-96.1881,32.41168],[-96.18737,32.41248],[-96.19067,32.41446],[-96.19113,32.41409]],[[-96.14701,32.38787],[-96.14401,32.38607],[-96.14319,32.38684],[-96.14674,32.38895],[-96.14743,32.38813],[-96.14701,32.38787]],[[-96.23274,32.40879],[-96.23225,32.40855],[-96.23275,32.40873],[-96.23297,32.40845],[-96.23256,32.40832],[-96.23021,32.40829],[-96.22988,32.40713],[-96.22891,32.40603],[-96.22848,32.40596],[-96.22792,32.40651],[-96.22719,32.40663],[-96.22837,32.40672],[-96.22839,32.40634],[-96.22894,32.4062],[-96.22935,32.40764],[-96.22877,32.40809],[-96.22951,32.40844],[-96.22885,32.40832],[-96.22926,32.40892],[-96.22965,32.40878],[-96.22955,32.40916],[-96.22997,32.40882],[-96.23044,32.409],[-96.23163,32.40863],[-96.232,32.40902],[-96.23164,32.40884],[-96.23037,32.40945],[-96.23219,32.40968],[-96.23279,32.40932],[-96.23274,32.40879]],[[-96.23136,32.40709],[-96.22951,32.40571],[-96.2286,32.4055],[-96.228,32.40582],[-96.22924,32.40586],[-96.23057,32.40823],[-96.23304,32.40816],[-96.23414,32.40746],[-96.2349,32.40772],[-96.23544,32.40849],[-96.23671,32.408],[-96.23426,32.40717],[-96.23136,32.40709]],[[-96.13992,32.3837],[-96.13826,32.38273],[-96.13749,32.38354],[-96.13898,32.38451],[-96.13914,32.38528],[-96.13956,32.38477],[-96.14301,32.38674],[-96.14356,32.38585],[-96.13992,32.3837]],[[-96.07944,32.21107],[-96.08008,32.21165],[-96.08189,32.21194],[-96.0821,32.21175],[-96.08217,32.21049],[-96.08145,32.20973],[-96.08118,32.20886],[-96.08039,32.20857],[-96.08022,32.20815],[-96.08047,32.20787],[-96.08014,32.20764],[-96.07977,32.2082],[-96.07915,32.20844],[-96.07899,32.20895],[-96.079,32.21013],[-96.07944,32.21107]],[[-96.17274,32.32665],[-96.1722,32.32687],[-96.17279,32.32772],[-96.17261,32.32809],[-96.17299,32.32795],[-96.17443,32.32881],[-96.17444,32.32911],[-96.17161,32.32948],[-96.17247,32.32826],[-96.17223,32.32833],[-96.1719,32.32747],[-96.17093,32.32693],[-96.1705,32.3279],[-96.1706,32.32963],[-96.16864,32.3299],[-96.16868,32.3301],[-96.17078,32.32984],[-96.17005,32.33],[-96.16936,32.33082],[-96.17016,32.33125],[-96.17166,32.33054],[-96.17245,32.32959],[-96.17698,32.32897],[-96.17847,32.3297],[-96.17847,32.32882],[-96.18072,32.32844],[-96.18069,32.32822],[-96.17838,32.32854],[-96.17751,32.32826],[-96.17611,32.32886],[-96.17603,32.32839],[-96.17572,32.32837],[-96.17527,32.32859],[-96.17532,32.32898],[-96.17464,32.32906],[-96.17557,32.32797],[-96.17456,32.32711],[-96.1742,32.32702],[-96.17402,32.32732],[-96.17344,32.32667],[-96.17274,32.32665]],[[-96.20445,32.39715],[-96.20426,32.39535],[-96.20501,32.39404],[-96.20501,32.39287],[-96.20357,32.39241],[-96.20363,32.39167],[-96.20268,32.39122],[-96.19939,32.39143],[-96.1974,32.39111],[-96.19538,32.39173],[-96.19524,32.39233],[-96.19579,32.39393],[-96.19671,32.39548],[-96.19955,32.39594],[-96.20073,32.39671],[-96.20038,32.39856],[-96.20086,32.39916],[-96.2036,32.39867],[-96.20433,32.39784],[-96.20445,32.39715]]]},"properties":{"name":"Cedar Creek Reservoir","acres":32711,"objectid":665737}},{"type":"Feature","id":763446,"geometry":{"type":"Polygon","coordinates":[[[-96.48162,32.87501],[-96.48102,32.87417],[-96.48001,32.87001],[-96.48116,32.86808],[-96.48204,32.86733],[-96.48179,32.8654],[-96.48293,32.86597],[-96.48357,32.86595],[-96.48681,32.86266],[-96.48667,32.86203],[-96.48718,32.86194],[-96.48817,32.86032],[-96.48943,32.85946],[-96.48884,32.85881],[-96.49012,32.85862],[-96.49029,32.85743],[-96.49074,32.85719],[-96.49152,32.85458],[-96.49148,32.85365],[-96.4909,32.85355],[-96.49109,32.85236],[-96.4907,32.85161],[-96.49014,32.85156],[-96.48924,32.85224],[-96.48939,32.8513],[-96.4875,32.84969],[-96.48674,32.84989],[-96.48603,32.84946],[-96.48754,32.84958],[-96.48812,32.85024],[-96.48968,32.85085],[-96.49131,32.85088],[-96.49183,32.85137],[-96.49369,32.84977],[-96.4935,32.84875],[-96.49469,32.84951],[-96.49537,32.8486],[-96.49672,32.84854],[-96.49761,32.84718],[-96.4979,32.84429],[-96.49654,32.84337],[-96.49532,32.84315],[-96.49703,32.84282],[-96.4994,32.84302],[-96.50152,32.84159],[-96.50371,32.84131],[-96.50473,32.84072],[-96.5055,32.84104],[-96.50682,32.83839],[-96.50794,32.83717],[-96.50775,32.83622],[-96.50845,32.8349],[-96.50733,32.83382],[-96.50709,32.83536],[-96.50613,32.83758],[-96.50563,32.83591],[-96.50485,32.8355],[-96.50572,32.83476],[-96.50513,32.83384],[-96.50539,32.83247],[-96.50522,32.83174],[-96.50478,32.83174],[-96.5043,32.83233],[-96.5029,32.83301],[-96.50242,32.8329],[-96.50199,32.83222],[-96.49982,32.83326],[-96.49841,32.83517],[-96.49697,32.83571],[-96.4964,32.83653],[-96.49567,32.83656],[-96.49564,32.83702],[-96.49474,32.83773],[-96.49432,32.83797],[-96.49365,32.83776],[-96.49347,32.83875],[-96.49267,32.83863],[-96.49345,32.83863],[-96.49334,32.83715],[-96.49442,32.83736],[-96.4949,32.83694],[-96.49434,32.83685],[-96.49583,32.83583],[-96.49563,32.83538],[-96.49358,32.83448],[-96.49653,32.83497],[-96.49742,32.83405],[-96.49761,32.83184],[-96.49864,32.83164],[-96.4992,32.83069],[-96.50099,32.82927],[-96.50276,32.82934],[-96.50341,32.82849],[-96.50193,32.82792],[-96.50162,32.82684],[-96.49966,32.82413],[-96.49952,32.82317],[-96.49836,32.8223],[-96.49889,32.82255],[-96.49922,32.8232],[-96.49729,32.82413],[-96.4963,32.82502],[-96.49472,32.82463],[-96.49218,32.8253],[-96.49039,32.82443],[-96.48967,32.8257],[-96.48875,32.8259],[-96.49108,32.82302],[-96.49264,32.82365],[-96.49343,32.82354],[-96.49388,32.82299],[-96.49369,32.82222],[-96.49389,32.82194],[-96.49596,32.82182],[-96.49722,32.82029],[-96.49556,32.81947],[-96.49305,32.81739],[-96.49076,32.81756],[-96.49231,32.81635],[-96.49243,32.81567],[-96.49184,32.81459],[-96.49092,32.8143],[-96.49141,32.81373],[-96.49127,32.81323],[-96.48933,32.81259],[-96.48919,32.81144],[-96.48907,32.81269],[-96.48867,32.81262],[-96.48809,32.81349],[-96.48545,32.81518],[-96.48492,32.815],[-96.48635,32.81422],[-96.48733,32.81306],[-96.48791,32.8118],[-96.48767,32.81114],[-96.48613,32.81145],[-96.48305,32.81371],[-96.48626,32.81058],[-96.48579,32.81025],[-96.4831,32.80985],[-96.48319,32.80964],[-96.48495,32.80919],[-96.4877,32.80965],[-96.48893,32.81005],[-96.48909,32.81075],[-96.48924,32.81013],[-96.48997,32.81008],[-96.49086,32.80943],[-96.4907,32.80865],[-96.49195,32.80807],[-96.4931,32.80554],[-96.49314,32.80508],[-96.49265,32.80474],[-96.49337,32.80478],[-96.49379,32.80444],[-96.49352,32.80143],[-96.4937,32.8001],[-96.49397,32.79976],[-96.49496,32.79989],[-96.49978,32.80067],[-96.52816,32.80682],[-96.52886,32.80814],[-96.52812,32.80886],[-96.52899,32.80954],[-96.52909,32.81003],[-96.53038,32.81142],[-96.5312,32.81191],[-96.53371,32.81561],[-96.53968,32.81774],[-96.54064,32.81844],[-96.54153,32.81986],[-96.54203,32.82085],[-96.54176,32.8223],[-96.54253,32.8233],[-96.54115,32.82331],[-96.54038,32.82516],[-96.53954,32.82591],[-96.53923,32.82685],[-96.53793,32.8285],[-96.53999,32.82864],[-96.5418,32.82962],[-96.54312,32.83185],[-96.54181,32.83357],[-96.54197,32.83515],[-96.54271,32.8352],[-96.54323,32.83484],[-96.54348,32.83523],[-96.54418,32.83524],[-96.54481,32.83496],[-96.54507,32.83553],[-96.54481,32.83617],[-96.54339,32.83602],[-96.5433,32.83802],[-96.54245,32.83906],[-96.54245,32.83997],[-96.53653,32.85216],[-96.53683,32.85211],[-96.5426,32.8402],[-96.54405,32.83858],[-96.54596,32.83804],[-96.54608,32.83877],[-96.54466,32.83887],[-96.54388,32.83966],[-96.54586,32.8411],[-96.54681,32.84311],[-96.54728,32.84305],[-96.54839,32.8419],[-96.54946,32.84146],[-96.54867,32.84288],[-96.55027,32.84379],[-96.54804,32.84339],[-96.54562,32.84435],[-96.54585,32.84493],[-96.54922,32.84828],[-96.54604,32.84642],[-96.54551,32.84649],[-96.5451,32.84708],[-96.5451,32.84798],[-96.5461,32.84901],[-96.54659,32.85059],[-96.54748,32.8513],[-96.54773,32.85201],[-96.54762,32.85327],[-96.54676,32.85437],[-96.5462,32.8546],[-96.54608,32.85524],[-96.54728,32.85638],[-96.54727,32.85723],[-96.54787,32.85798],[-96.54891,32.85855],[-96.5504,32.85853],[-96.54871,32.85879],[-96.54756,32.85798],[-96.54709,32.85813],[-96.54611,32.85757],[-96.54506,32.85743],[-96.54302,32.85776],[-96.54056,32.85767],[-96.53966,32.85802],[-96.53869,32.85947],[-96.53815,32.85939],[-96.53862,32.86239],[-96.53999,32.86388],[-96.53805,32.86406],[-96.53742,32.86461],[-96.53706,32.86671],[-96.53792,32.86741],[-96.53745,32.86772],[-96.5376,32.86807],[-96.53993,32.86803],[-96.54162,32.86759],[-96.54382,32.86806],[-96.54674,32.86765],[-96.54783,32.86475],[-96.55317,32.8619],[-96.55737,32.86253],[-96.5595,32.8636],[-96.56452,32.86267],[-96.56718,32.86396],[-96.56755,32.86505],[-96.56939,32.8664],[-96.57165,32.86668],[-96.57137,32.86839],[-96.57181,32.86844],[-96.57263,32.86612],[-96.57437,32.86585],[-96.57483,32.86664],[-96.57738,32.86589],[-96.57714,32.86623],[-96.57833,32.86692],[-96.58008,32.86712],[-96.58083,32.86743],[-96.58157,32.8683],[-96.58204,32.86813],[-96.58168,32.86862],[-96.58241,32.86979],[-96.58505,32.87063],[-96.58568,32.87158],[-96.58568,32.87243],[-96.58804,32.87223],[-96.58561,32.87284],[-96.58532,32.8732],[-96.58627,32.87386],[-96.58645,32.8746],[-96.58698,32.875],[-96.58989,32.87605],[-96.5907,32.87704],[-96.59064,32.87764],[-96.59129,32.87785],[-96.59186,32.87855],[-96.59194,32.88104],[-96.59236,32.88128],[-96.59266,32.88089],[-96.59235,32.88149],[-96.59258,32.88229],[-96.59333,32.8821],[-96.59302,32.88245],[-96.5925,32.88244],[-96.59251,32.88275],[-96.59302,32.88308],[-96.59358,32.88293],[-96.59352,32.88232],[-96.59422,32.88292],[-96.59319,32.88362],[-96.59398,32.88333],[-96.59516,32.8839],[-96.59482,32.88439],[-96.59369,32.8839],[-96.59328,32.88447],[-96.5959,32.88457],[-96.59531,32.88483],[-96.59474,32.88468],[-96.59399,32.88542],[-96.59448,32.88661],[-96.5964,32.88781],[-96.59663,32.8904],[-96.5974,32.89077],[-96.59678,32.89219],[-96.59604,32.89276],[-96.59682,32.89066],[-96.59637,32.89098],[-96.59615,32.89199],[-96.59499,32.89348],[-96.59501,32.89241],[-96.59546,32.89209],[-96.59491,32.89152],[-96.59495,32.89088],[-96.59435,32.89073],[-96.59424,32.8918],[-96.59366,32.89059],[-96.59261,32.8907],[-96.59322,32.89162],[-96.59227,32.89066],[-96.5933,32.89023],[-96.59353,32.88972],[-96.5927,32.88846],[-96.59237,32.88868],[-96.5926,32.88827],[-96.59204,32.88663],[-96.59126,32.88663],[-96.59107,32.88697],[-96.59056,32.88602],[-96.58985,32.88606],[-96.59049,32.88823],[-96.58968,32.88724],[-96.58987,32.88694],[-96.58953,32.88672],[-96.5893,32.88536],[-96.58856,32.88454],[-96.58829,32.88479],[-96.58807,32.88428],[-96.58687,32.88438],[-96.58663,32.88499],[-96.58831,32.88609],[-96.58862,32.88764],[-96.59055,32.889],[-96.59055,32.8893],[-96.5881,32.88793],[-96.58621,32.88823],[-96.58583,32.88789],[-96.58566,32.88821],[-96.58538,32.88755],[-96.58313,32.88724],[-96.5806,32.88583],[-96.58067,32.88623],[-96.57931,32.88505],[-96.57868,32.88394],[-96.57855,32.88256],[-96.57957,32.88076],[-96.57948,32.88021],[-96.57822,32.87889],[-96.57649,32.87872],[-96.57331,32.87776],[-96.57196,32.87668],[-96.57156,32.87672],[-96.57131,32.87722],[-96.57109,32.87617],[-96.57007,32.87554],[-96.56997,32.87479],[-96.57135,32.87016],[-96.5712,32.86982],[-96.57077,32.86994],[-96.56952,32.87464],[-96.56859,32.87434],[-96.56729,32.87478],[-96.56652,32.87411],[-96.56422,32.87329],[-96.56197,32.8733],[-96.56157,32.87349],[-96.56188,32.87453],[-96.56064,32.87472],[-96.56054,32.87535],[-96.55947,32.87576],[-96.55966,32.87671],[-96.55929,32.87835],[-96.55968,32.87966],[-96.55934,32.88151],[-96.56,32.88305],[-96.55975,32.88413],[-96.55948,32.8837],[-96.55985,32.88307],[-96.55875,32.88191],[-96.55879,32.87992],[-96.5567,32.87818],[-96.55649,32.87734],[-96.55589,32.87664],[-96.55507,32.87712],[-96.55473,32.87691],[-96.55441,32.87634],[-96.55447,32.87542],[-96.55397,32.87495],[-96.55335,32.87497],[-96.55307,32.87546],[-96.55113,32.87523],[-96.54796,32.87627],[-96.54791,32.87692],[-96.54908,32.87765],[-96.55014,32.87965],[-96.5498,32.88082],[-96.55014,32.88159],[-96.54942,32.88187],[-96.54903,32.88264],[-96.54881,32.8857],[-96.54972,32.88988],[-96.54948,32.89114],[-96.54841,32.89166],[-96.54076,32.89163],[-96.54881,32.89186],[-96.5485,32.89293],[-96.54774,32.89375],[-96.54822,32.89482],[-96.54807,32.89524],[-96.54796,32.89479],[-96.54664,32.89469],[-96.54467,32.89576],[-96.54422,32.89645],[-96.54353,32.89906],[-96.53871,32.89462],[-96.53836,32.89473],[-96.54126,32.89763],[-96.54387,32.89968],[-96.54431,32.90121],[-96.54571,32.90227],[-96.54559,32.90355],[-96.54607,32.90371],[-96.5462,32.90604],[-96.54818,32.90613],[-96.54627,32.90643],[-96.54581,32.90765],[-96.54119,32.90764],[-96.54118,32.90792],[-96.54601,32.90807],[-96.54653,32.90913],[-96.54726,32.90928],[-96.54714,32.90959],[-96.5478,32.90983],[-96.54836,32.91057],[-96.55089,32.91132],[-96.54885,32.91102],[-96.54771,32.91036],[-96.54803,32.91081],[-96.54687,32.91342],[-96.54739,32.91424],[-96.547,32.91507],[-96.54713,32.91734],[-96.54648,32.91778],[-96.54606,32.919],[-96.54569,32.91834],[-96.54321,32.91821],[-96.54334,32.9192],[-96.54271,32.91987],[-96.54297,32.92131],[-96.54242,32.9219],[-96.54229,32.92048],[-96.54106,32.92012],[-96.54076,32.92053],[-96.54028,32.92052],[-96.54017,32.92097],[-96.53922,32.92056],[-96.53987,32.91872],[-96.53985,32.91762],[-96.53939,32.91747],[-96.53918,32.91696],[-96.53952,32.91631],[-96.53931,32.91509],[-96.53988,32.91424],[-96.54034,32.91417],[-96.54042,32.91355],[-96.53976,32.91199],[-96.53873,32.91156],[-96.53887,32.91054],[-96.53802,32.90861],[-96.53837,32.90798],[-96.53977,32.90798],[-96.53997,32.90767],[-96.5384,32.9076],[-96.5388,32.90677],[-96.53802,32.90639],[-96.53786,32.90552],[-96.53835,32.90484],[-96.53796,32.90481],[-96.53732,32.9055],[-96.53614,32.90547],[-96.53534,32.90493],[-96.53474,32.90381],[-96.53426,32.90372],[-96.53423,32.90331],[-96.534,32.90357],[-96.53392,32.90337],[-96.53456,32.90299],[-96.53421,32.90287],[-96.53476,32.90229],[-96.53467,32.90114],[-96.53549,32.90041],[-96.53484,32.90012],[-96.53476,32.898],[-96.53613,32.89538],[-96.53644,32.89321],[-96.53759,32.89407],[-96.53789,32.89393],[-96.53672,32.89262],[-96.53703,32.8919],[-96.54032,32.89177],[-96.54026,32.89153],[-96.5368,32.89141],[-96.53879,32.88979],[-96.54126,32.88889],[-96.54045,32.88683],[-96.54106,32.88471],[-96.54051,32.88271],[-96.53973,32.882],[-96.53897,32.88061],[-96.53814,32.88093],[-96.53717,32.88054],[-96.5369,32.88111],[-96.5358,32.88125],[-96.53451,32.8806],[-96.53126,32.8804],[-96.52974,32.87916],[-96.52888,32.87912],[-96.52818,32.87833],[-96.52888,32.87935],[-96.52845,32.88003],[-96.52867,32.88065],[-96.52848,32.88113],[-96.52815,32.88121],[-96.52733,32.87945],[-96.52481,32.87801],[-96.52319,32.87544],[-96.52323,32.87496],[-96.52389,32.87428],[-96.53327,32.87015],[-96.53308,32.86973],[-96.52253,32.874],[-96.52168,32.87272],[-96.52074,32.87248],[-96.51984,32.87114],[-96.52058,32.87041],[-96.52,32.86883],[-96.52013,32.86779],[-96.51987,32.86713],[-96.518,32.86702],[-96.51654,32.86793],[-96.51526,32.87032],[-96.51217,32.87277],[-96.51308,32.87408],[-96.51549,32.87345],[-96.51657,32.87417],[-96.51655,32.87488],[-96.51499,32.87559],[-96.51631,32.87651],[-96.51548,32.8774],[-96.49068,32.88886],[-96.49112,32.8895],[-96.51053,32.88052],[-96.51398,32.8797],[-96.51709,32.87962],[-96.5169,32.88028],[-96.51726,32.88042],[-96.51731,32.88128],[-96.51661,32.88172],[-96.51674,32.88242],[-96.51639,32.8835],[-96.51543,32.88365],[-96.51539,32.88421],[-96.51571,32.88491],[-96.51566,32.88618],[-96.51619,32.88635],[-96.51568,32.88674],[-96.5158,32.88788],[-96.51655,32.88871],[-96.51811,32.88934],[-96.51664,32.88933],[-96.51621,32.88964],[-96.51589,32.89202],[-96.51523,32.89319],[-96.51541,32.89364],[-96.51624,32.89396],[-96.51753,32.89514],[-96.51641,32.8946],[-96.51536,32.89494],[-96.51467,32.89459],[-96.5143,32.89488],[-96.51309,32.8974],[-96.51218,32.89859],[-96.513,32.89975],[-96.51209,32.90004],[-96.51102,32.89993],[-96.50977,32.90221],[-96.50853,32.90362],[-96.50799,32.90652],[-96.50816,32.90695],[-96.50966,32.90756],[-96.50914,32.90786],[-96.50768,32.9079],[-96.50638,32.90856],[-96.50616,32.90938],[-96.50493,32.90962],[-96.50388,32.91158],[-96.50418,32.91222],[-96.50352,32.91212],[-96.50345,32.91274],[-96.50131,32.914],[-96.50106,32.91459],[-96.50247,32.91648],[-96.50327,32.917],[-96.50376,32.91909],[-96.50296,32.9195],[-96.5038,32.91947],[-96.50486,32.9212],[-96.50548,32.92342],[-96.50632,32.92363],[-96.50727,32.92441],[-96.50865,32.92432],[-96.50835,32.92494],[-96.50865,32.92541],[-96.51344,32.9278],[-96.51414,32.92858],[-96.51481,32.9288],[-96.51534,32.92992],[-96.516,32.93313],[-96.51522,32.93569],[-96.51552,32.93696],[-96.51674,32.9388],[-96.51755,32.93905],[-96.51971,32.93899],[-96.5199,32.93984],[-96.51912,32.94029],[-96.51783,32.94031],[-96.51744,32.94078],[-96.51745,32.94334],[-96.51783,32.94393],[-96.51708,32.94441],[-96.51655,32.94612],[-96.51721,32.94873],[-96.51819,32.94987],[-96.51797,32.95002],[-96.51902,32.95168],[-96.51789,32.953],[-96.51809,32.95316],[-96.51878,32.95267],[-96.51918,32.95294],[-96.51838,32.95365],[-96.51816,32.95354],[-96.51807,32.95411],[-96.51779,32.95399],[-96.51792,32.95322],[-96.51726,32.95315],[-96.51627,32.95199],[-96.51631,32.95274],[-96.51592,32.95196],[-96.51609,32.95176],[-96.51721,32.95252],[-96.51622,32.95162],[-96.51573,32.952],[-96.51489,32.95201],[-96.51439,32.95249],[-96.51432,32.95323],[-96.51568,32.95528],[-96.51591,32.95646],[-96.51557,32.95721],[-96.5157,32.95826],[-96.51534,32.95963],[-96.51396,32.96156],[-96.512,32.96271],[-96.51184,32.96312],[-96.50912,32.96421],[-96.50828,32.96515],[-96.50707,32.96878],[-96.50716,32.9693],[-96.50621,32.97062],[-96.50639,32.97175],[-96.50602,32.97273],[-96.50611,32.97463],[-96.50571,32.97567],[-96.50585,32.97612],[-96.50531,32.97667],[-96.50536,32.97806],[-96.50486,32.9788],[-96.50348,32.97962],[-96.50331,32.98007],[-96.50258,32.98031],[-96.50313,32.98074],[-96.5031,32.98118],[-96.50365,32.98193],[-96.50362,32.98343],[-96.50393,32.98377],[-96.50408,32.98539],[-96.50447,32.98556],[-96.5026,32.98649],[-96.50195,32.98585],[-96.50149,32.98635],[-96.50033,32.98608],[-96.50003,32.98666],[-96.49937,32.98665],[-96.49915,32.987],[-96.49975,32.98735],[-96.49639,32.98893],[-96.49593,32.98944],[-96.49558,32.99065],[-96.49627,32.99169],[-96.49577,32.99184],[-96.49573,32.99234],[-96.49657,32.99329],[-96.49608,32.99341],[-96.49548,32.99646],[-96.49566,32.99704],[-96.49624,32.99746],[-96.49598,32.99769],[-96.49687,33],[-96.49609,33.00275],[-96.49406,33.00637],[-96.49305,33.00663],[-96.4921,33.00754],[-96.49,33.00718],[-96.48928,33.00811],[-96.48958,33.00912],[-96.48884,33.0086],[-96.48796,33.00867],[-96.48722,33.00924],[-96.48697,33.01071],[-96.48671,33.00884],[-96.48813,33.00712],[-96.48934,33.00418],[-96.48823,33.00163],[-96.48753,33.00109],[-96.48682,33.00105],[-96.48597,33.00336],[-96.48556,33.0035],[-96.48467,33.00514],[-96.48444,33.00438],[-96.4837,33.00474],[-96.4791,33.00299],[-96.48323,33.00493],[-96.48272,33.00573],[-96.4825,33.00744],[-96.48149,33.0083],[-96.48064,33.00846],[-96.47948,33.00841],[-96.47809,33.00735],[-96.47758,33.00497],[-96.47766,33.00364],[-96.47625,33.00273],[-96.47504,33.00279],[-96.47316,33.00374],[-96.47036,33.00404],[-96.46683,33.00243],[-96.46811,32.99927],[-96.46981,32.99991],[-96.47011,32.99978],[-96.46813,32.99896],[-96.46812,32.99872],[-96.46912,32.99618],[-96.46902,32.99571],[-96.47127,32.99435],[-96.4727,32.9916],[-96.47291,32.9902],[-96.47238,32.98855],[-96.47342,32.98742],[-96.47278,32.9854],[-96.47816,32.9854],[-96.47972,32.98508],[-96.46619,32.98483],[-96.46311,32.98533],[-96.46121,32.98795],[-96.46296,32.98533],[-96.45779,32.9866],[-96.45994,32.98572],[-96.46602,32.98465],[-96.47353,32.98464],[-96.47043,32.9827],[-96.46047,32.98243],[-96.46014,32.98217],[-96.46076,32.98197],[-96.4662,32.98175],[-96.46604,32.98232],[-96.47044,32.98244],[-96.47418,32.98473],[-96.47851,32.98475],[-96.4783,32.98446],[-96.47564,32.98414],[-96.47484,32.98324],[-96.47368,32.98268],[-96.47555,32.98242],[-96.47581,32.98214],[-96.47583,32.98055],[-96.47465,32.9781],[-96.47405,32.9782],[-96.47362,32.97937],[-96.47305,32.97995],[-96.4715,32.98067],[-96.47231,32.97915],[-96.47199,32.97887],[-96.47228,32.97769],[-96.47163,32.97603],[-96.47109,32.9756],[-96.47193,32.97507],[-96.47284,32.97529],[-96.47339,32.97466],[-96.47471,32.97443],[-96.47594,32.97187],[-96.47773,32.97159],[-96.47919,32.96732],[-96.48132,32.96657],[-96.48121,32.96534],[-96.48213,32.96472],[-96.483,32.96299],[-96.48299,32.96216],[-96.48248,32.9615],[-96.49114,32.96167],[-96.49109,32.9612],[-96.4818,32.961],[-96.48146,32.95923],[-96.48265,32.95619],[-96.48272,32.95468],[-96.48318,32.95409],[-96.48321,32.95257],[-96.48305,32.95208],[-96.48251,32.95179],[-96.48084,32.95106],[-96.47973,32.95092],[-96.48112,32.95089],[-96.48443,32.95252],[-96.48714,32.95268],[-96.48938,32.95083],[-96.48975,32.94889],[-96.49067,32.94833],[-96.49154,32.94852],[-96.49349,32.94807],[-96.4939,32.94768],[-96.49407,32.94667],[-96.49314,32.94635],[-96.49149,32.94703],[-96.48942,32.94724],[-96.48853,32.94697],[-96.48797,32.94635],[-96.4877,32.94522],[-96.48637,32.94389],[-96.48691,32.9433],[-96.48569,32.94212],[-96.48569,32.94179],[-96.48361,32.94169],[-96.48335,32.94227],[-96.48264,32.94205],[-96.48326,32.94202],[-96.48326,32.94169],[-96.48385,32.94147],[-96.48462,32.94164],[-96.48586,32.94137],[-96.48625,32.94101],[-96.48552,32.94032],[-96.48443,32.94021],[-96.48263,32.93902],[-96.48223,32.93909],[-96.48202,32.93826],[-96.48101,32.9377],[-96.4811,32.9373],[-96.47975,32.93342],[-96.47889,32.93289],[-96.47894,32.93249],[-96.4773,32.93104],[-96.47503,32.93046],[-96.47421,32.92984],[-96.47328,32.9296],[-96.47377,32.92913],[-96.47246,32.92908],[-96.47393,32.92895],[-96.47384,32.92851],[-96.49189,32.92456],[-96.49184,32.92436],[-96.47358,32.92818],[-96.47247,32.92728],[-96.47243,32.92661],[-96.47174,32.92604],[-96.47156,32.92527],[-96.47093,32.92459],[-96.4705,32.92282],[-96.47097,32.92225],[-96.47086,32.92176],[-96.46786,32.91782],[-96.46717,32.91546],[-96.46666,32.9147],[-96.46682,32.91267],[-96.46796,32.90953],[-96.46787,32.90831],[-96.46914,32.90935],[-96.46984,32.90935],[-96.471,32.90878],[-96.47188,32.9072],[-96.47151,32.906],[-96.47104,32.9058],[-96.47268,32.9041],[-96.47256,32.90367],[-96.47331,32.90398],[-96.47556,32.90275],[-96.47567,32.90241],[-96.47536,32.90229],[-96.47576,32.90187],[-96.47831,32.90111],[-96.47992,32.90097],[-96.48148,32.90024],[-96.48218,32.89924],[-96.48187,32.89759],[-96.4814,32.89735],[-96.48103,32.89595],[-96.48126,32.89428],[-96.4895,32.89068],[-96.48862,32.88936],[-96.48254,32.89217],[-96.48253,32.89125],[-96.48107,32.89128],[-96.48149,32.8905],[-96.48152,32.88909],[-96.48238,32.88647],[-96.48435,32.88388],[-96.48483,32.88385],[-96.48549,32.88235],[-96.48633,32.88182],[-96.48709,32.88058],[-96.48725,32.87962],[-96.48649,32.87862],[-96.48678,32.87805],[-96.48571,32.87809],[-96.48287,32.87636],[-96.48256,32.8758],[-96.4832,32.87542],[-96.4816,32.87565],[-96.48179,32.87527],[-96.48379,32.87518],[-96.48162,32.87501]],[[-96.47352,32.97732],[-96.47347,32.97718],[-96.47319,32.97725],[-96.47352,32.97732]],[[-96.47893,32.98455],[-96.47887,32.98476],[-96.47928,32.98469],[-96.47893,32.98455]],[[-96.59017,32.88561],[-96.59037,32.88533],[-96.58926,32.88465],[-96.5897,32.8857],[-96.59017,32.88561]],[[-96.5934,32.88462],[-96.59268,32.88495],[-96.59319,32.8853],[-96.59444,32.88459],[-96.5934,32.88462]],[[-96.58062,32.88424],[-96.58121,32.88515],[-96.5829,32.88539],[-96.58441,32.88479],[-96.58633,32.88496],[-96.58669,32.88422],[-96.58615,32.88437],[-96.58409,32.88399],[-96.58235,32.88423],[-96.58159,32.8835],[-96.58103,32.88195],[-96.58109,32.88118],[-96.58078,32.88103],[-96.5803,32.88206],[-96.58062,32.88424]],[[-96.5868,32.8867],[-96.58477,32.88596],[-96.58211,32.88638],[-96.58349,32.88703],[-96.58538,32.8871],[-96.58641,32.88796],[-96.58828,32.88774],[-96.58822,32.88659],[-96.58768,32.88586],[-96.58644,32.88516],[-96.58486,32.88497],[-96.58418,32.88503],[-96.58245,32.88611],[-96.58288,32.88575],[-96.5851,32.88555],[-96.5868,32.8867]]]},"properties":{"name":"Lake Ray Hubbard","acres":21844,"objectid":763446}},{"type":"Feature","id":870439,"geometry":{"type":"Polygon","coordinates":[[[-97.23813,32.68607],[-97.23715,32.68602],[-97.23538,32.68436],[-97.23279,32.68365],[-97.23152,32.68437],[-97.2314,32.68549],[-97.23171,32.68676],[-97.23213,32.68747],[-97.23247,32.68735],[-97.23238,32.68775],[-97.23329,32.68794],[-97.23241,32.6881],[-97.23231,32.69015],[-97.23387,32.69202],[-97.23415,32.69293],[-97.23335,32.6936],[-97.23285,32.69462],[-97.23344,32.69517],[-97.22783,32.69566],[-97.22618,32.69634],[-97.22543,32.6962],[-97.22394,32.69741],[-97.22258,32.69751],[-97.2219,32.69716],[-97.22109,32.69758],[-97.22068,32.6972],[-97.21877,32.69697],[-97.21564,32.69999],[-97.2167,32.70133],[-97.21838,32.70231],[-97.21859,32.70284],[-97.21824,32.70444],[-97.21744,32.70524],[-97.21552,32.7062],[-97.21578,32.70684],[-97.21877,32.70685],[-97.21948,32.70595],[-97.21994,32.70652],[-97.22195,32.7063],[-97.22234,32.70585],[-97.22179,32.70487],[-97.22297,32.70522],[-97.223,32.70641],[-97.22381,32.70686],[-97.2228,32.70675],[-97.22133,32.70769],[-97.21905,32.70839],[-97.21912,32.709],[-97.22072,32.70853],[-97.22264,32.70885],[-97.22353,32.70991],[-97.22203,32.70964],[-97.22156,32.71003],[-97.22094,32.70964],[-97.21913,32.71105],[-97.21889,32.71227],[-97.2194,32.7126],[-97.21928,32.71315],[-97.2198,32.71343],[-97.21974,32.71397],[-97.21869,32.71476],[-97.21938,32.71545],[-97.21903,32.71589],[-97.21792,32.71544],[-97.21774,32.71644],[-97.21582,32.7195],[-97.21575,32.7201],[-97.21659,32.72037],[-97.21544,32.72118],[-97.21619,32.72156],[-97.21583,32.72227],[-97.21708,32.72314],[-97.2169,32.72351],[-97.21795,32.72421],[-97.21832,32.72416],[-97.21836,32.72457],[-97.21996,32.72636],[-97.22136,32.72665],[-97.22169,32.72758],[-97.22317,32.72838],[-97.22136,32.7276],[-97.22114,32.72702],[-97.22069,32.72681],[-97.22,32.7267],[-97.22007,32.72722],[-97.21981,32.72738],[-97.21966,32.72658],[-97.2186,32.72522],[-97.21645,32.72345],[-97.21544,32.72203],[-97.2152,32.72092],[-97.21561,32.7194],[-97.21759,32.71606],[-97.21696,32.71531],[-97.21632,32.71572],[-97.21527,32.71562],[-97.21418,32.71764],[-97.21277,32.71887],[-97.21444,32.71901],[-97.21259,32.71938],[-97.2122,32.72002],[-97.21332,32.72061],[-97.21488,32.72043],[-97.21373,32.72102],[-97.21367,32.72139],[-97.21494,32.72169],[-97.21462,32.72206],[-97.21495,32.72259],[-97.21679,32.72439],[-97.21777,32.72478],[-97.21755,32.72549],[-97.21933,32.72654],[-97.21873,32.72689],[-97.21733,32.7257],[-97.21524,32.72535],[-97.21365,32.72443],[-97.21308,32.72545],[-97.21357,32.72652],[-97.21299,32.72685],[-97.21258,32.72636],[-97.21195,32.72682],[-97.21217,32.72589],[-97.21167,32.72565],[-97.21183,32.72522],[-97.21157,32.72507],[-97.21202,32.72483],[-97.21271,32.72348],[-97.21133,32.72199],[-97.21027,32.72156],[-97.20973,32.72173],[-97.20895,32.72269],[-97.20822,32.72407],[-97.20905,32.72503],[-97.20909,32.72564],[-97.2096,32.72595],[-97.20948,32.72643],[-97.20972,32.72663],[-97.20919,32.72646],[-97.20938,32.72604],[-97.20891,32.72618],[-97.20856,32.72554],[-97.20724,32.7248],[-97.20546,32.7255],[-97.20482,32.72541],[-97.19382,32.71789],[-97.19388,32.71754],[-97.19286,32.71721],[-97.19284,32.71661],[-97.19229,32.71624],[-97.1927,32.71585],[-97.19331,32.71602],[-97.19404,32.71524],[-97.19437,32.71429],[-97.19729,32.71322],[-97.19772,32.71354],[-97.19764,32.71295],[-97.19837,32.71271],[-97.19863,32.71374],[-97.20025,32.71419],[-97.20012,32.71284],[-97.20056,32.71273],[-97.20136,32.71317],[-97.20388,32.71177],[-97.20352,32.71028],[-97.20305,32.70989],[-97.20361,32.70931],[-97.20348,32.70788],[-97.20273,32.70726],[-97.20052,32.70289],[-97.20049,32.70185],[-97.20126,32.70093],[-97.20154,32.69951],[-97.20145,32.69725],[-97.20107,32.69662],[-97.20271,32.69849],[-97.20359,32.69858],[-97.2065,32.6969],[-97.20972,32.69405],[-97.20988,32.69238],[-97.21052,32.69143],[-97.21122,32.69124],[-97.21079,32.6902],[-97.21127,32.69053],[-97.21148,32.69141],[-97.21236,32.69126],[-97.21233,32.69051],[-97.21158,32.68949],[-97.21276,32.69074],[-97.21619,32.68961],[-97.21664,32.69032],[-97.21728,32.69054],[-97.21767,32.69032],[-97.21774,32.68971],[-97.21804,32.68968],[-97.21841,32.69023],[-97.21798,32.68858],[-97.21853,32.68882],[-97.22207,32.68873],[-97.22257,32.68791],[-97.22247,32.68547],[-97.22392,32.68385],[-97.22511,32.68006],[-97.22648,32.67803],[-97.22601,32.67774],[-97.22696,32.67713],[-97.22802,32.67478],[-97.23054,32.67465],[-97.22886,32.67434],[-97.22989,32.6735],[-97.22965,32.67129],[-97.23117,32.66907],[-97.23282,32.66986],[-97.23368,32.67173],[-97.23269,32.674],[-97.23115,32.67497],[-97.22992,32.67677],[-97.22976,32.67763],[-97.23025,32.68019],[-97.22995,32.68126],[-97.23042,32.68174],[-97.2315,32.68187],[-97.23205,32.6823],[-97.23226,32.68285],[-97.23205,32.68385],[-97.23286,32.68355],[-97.2354,32.68412],[-97.23813,32.68607]],[[-97.216,32.71271],[-97.21649,32.71316],[-97.21629,32.71352],[-97.21675,32.71356],[-97.21681,32.71384],[-97.21703,32.71292],[-97.21747,32.71292],[-97.21694,32.71222],[-97.21753,32.71157],[-97.21783,32.71027],[-97.21857,32.70909],[-97.21841,32.70868],[-97.21671,32.70966],[-97.21662,32.71071],[-97.21549,32.71197],[-97.2143,32.71271],[-97.21418,32.71313],[-97.21443,32.71324],[-97.2152,32.71264],[-97.216,32.71271]],[[-97.23049,32.67503],[-97.23259,32.6738],[-97.23334,32.67198],[-97.23341,32.67125],[-97.23217,32.6697],[-97.23152,32.66994],[-97.23037,32.67125],[-97.23033,32.67242],[-97.23169,32.67412],[-97.23029,32.67507],[-97.22989,32.67626],[-97.22922,32.67667],[-97.22881,32.6775],[-97.2293,32.68009],[-97.22891,32.68128],[-97.22945,32.68014],[-97.22902,32.67758],[-97.22929,32.67678],[-97.23021,32.67593],[-97.23049,32.67503]]]},"properties":{"name":"Lake Arlington","acres":1918,"objectid":870439}},{"type":"Feature","id":749901,"geometry":{"type":"Polygon","coordinates":[[[-97.45954,32.60563],[-97.45977,32.60543],[-97.4595,32.60445],[-97.45972,32.6038],[-97.45915,32.60295],[-97.4598,32.60314],[-97.45924,32.602],[-97.45865,32.60161],[-97.45812,32.60209],[-97.45793,32.60115],[-97.4566,32.60137],[-97.45681,32.601],[-97.45542,32.59991],[-97.45447,32.59713],[-97.45381,32.59738],[-97.45421,32.59673],[-97.45408,32.59615],[-97.45509,32.5957],[-97.45681,32.59311],[-97.45712,32.59117],[-97.45745,32.5929],[-97.4564,32.59513],[-97.45688,32.59692],[-97.45841,32.59823],[-97.4605,32.59856],[-97.46092,32.59834],[-97.46132,32.59912],[-97.46319,32.60031],[-97.4628,32.60065],[-97.46364,32.60103],[-97.46438,32.60355],[-97.46607,32.60439],[-97.46858,32.60432],[-97.46804,32.60461],[-97.46941,32.60488],[-97.4711,32.60414],[-97.47426,32.60038],[-97.4748,32.59925],[-97.47616,32.59819],[-97.4765,32.59688],[-97.47658,32.59791],[-97.47725,32.5983],[-97.47675,32.59906],[-97.47727,32.59936],[-97.47569,32.60044],[-97.47502,32.60127],[-97.47848,32.60097],[-97.47863,32.6021],[-97.47526,32.60356],[-97.47538,32.60404],[-97.4762,32.60414],[-97.4762,32.60478],[-97.47521,32.60529],[-97.47534,32.60604],[-97.47318,32.60729],[-97.47222,32.60742],[-97.47191,32.60816],[-97.4707,32.60849],[-97.47065,32.61025],[-97.46712,32.61341],[-97.46743,32.61426],[-97.46885,32.61258],[-97.4711,32.61096],[-97.47159,32.61124],[-97.47369,32.61062],[-97.47563,32.61041],[-97.47608,32.61068],[-97.47791,32.61],[-97.47881,32.61063],[-97.48066,32.6108],[-97.48174,32.60962],[-97.48207,32.61003],[-97.48202,32.61141],[-97.48323,32.61253],[-97.48379,32.61265],[-97.48488,32.61223],[-97.48523,32.61348],[-97.48652,32.61401],[-97.48731,32.61395],[-97.4881,32.61316],[-97.48848,32.6111],[-97.49011,32.60837],[-97.48993,32.60682],[-97.49058,32.60759],[-97.49224,32.60621],[-97.49316,32.60593],[-97.49304,32.60448],[-97.49343,32.60478],[-97.49337,32.60543],[-97.49375,32.60544],[-97.49525,32.60439],[-97.49666,32.60469],[-97.4975,32.60407],[-97.49845,32.60385],[-97.49988,32.60155],[-97.49987,32.60234],[-97.5012,32.60113],[-97.50341,32.60002],[-97.5037,32.59958],[-97.50448,32.59956],[-97.50388,32.60002],[-97.50521,32.60017],[-97.50659,32.59923],[-97.5076,32.59908],[-97.5093,32.59641],[-97.50906,32.59502],[-97.5097,32.59483],[-97.50931,32.59538],[-97.5096,32.5961],[-97.50944,32.59674],[-97.50808,32.59922],[-97.50667,32.59963],[-97.50552,32.60046],[-97.50257,32.60065],[-97.50187,32.6011],[-97.49902,32.60448],[-97.49627,32.60552],[-97.49735,32.60643],[-97.49801,32.60607],[-97.49832,32.60499],[-97.49888,32.60489],[-97.49955,32.60572],[-97.50031,32.6056],[-97.50088,32.606],[-97.50062,32.60632],[-97.50117,32.60677],[-97.50129,32.60764],[-97.50166,32.60632],[-97.50247,32.60552],[-97.50254,32.60466],[-97.503,32.60432],[-97.50311,32.60361],[-97.50513,32.6029],[-97.50428,32.60372],[-97.50334,32.60387],[-97.50296,32.60478],[-97.50309,32.60526],[-97.50191,32.60667],[-97.50146,32.60797],[-97.50113,32.60806],[-97.50068,32.60765],[-97.50013,32.60634],[-97.49899,32.60589],[-97.49832,32.60682],[-97.49567,32.60671],[-97.49522,32.60721],[-97.49574,32.60709],[-97.4964,32.60766],[-97.49869,32.60839],[-97.50037,32.60959],[-97.50184,32.61131],[-97.50211,32.61284],[-97.50389,32.61267],[-97.50588,32.61174],[-97.50857,32.60908],[-97.50812,32.60988],[-97.50824,32.61016],[-97.50473,32.61296],[-97.50569,32.61279],[-97.50705,32.61316],[-97.50916,32.61293],[-97.51055,32.61186],[-97.51116,32.61176],[-97.51181,32.61196],[-97.51349,32.61347],[-97.51551,32.61341],[-97.51519,32.61368],[-97.51538,32.61416],[-97.51712,32.61497],[-97.51789,32.61576],[-97.51834,32.61579],[-97.51949,32.61498],[-97.52289,32.61608],[-97.52772,32.61967],[-97.52626,32.61896],[-97.52259,32.61632],[-97.52064,32.61591],[-97.51949,32.61533],[-97.51819,32.61638],[-97.51843,32.61778],[-97.51786,32.61731],[-97.51801,32.61689],[-97.51764,32.61659],[-97.51765,32.61616],[-97.5168,32.61531],[-97.51456,32.61397],[-97.51331,32.61383],[-97.51114,32.61212],[-97.51072,32.61214],[-97.50946,32.61323],[-97.50819,32.61328],[-97.50762,32.61361],[-97.50365,32.61358],[-97.50364,32.61406],[-97.50435,32.61459],[-97.5071,32.61507],[-97.50697,32.61555],[-97.50405,32.61556],[-97.50344,32.61625],[-97.50306,32.61534],[-97.50178,32.61541],[-97.49926,32.61478],[-97.49859,32.61322],[-97.49569,32.6124],[-97.49505,32.61329],[-97.49498,32.61478],[-97.49506,32.61531],[-97.49566,32.61577],[-97.49524,32.61597],[-97.49512,32.61763],[-97.49459,32.61876],[-97.49338,32.6192],[-97.49218,32.62022],[-97.4885,32.62223],[-97.48671,32.62284],[-97.48676,32.6225],[-97.48626,32.6223],[-97.48496,32.62271],[-97.4847,32.6231],[-97.48567,32.62377],[-97.48469,32.62358],[-97.48204,32.62384],[-97.48154,32.62429],[-97.48107,32.62727],[-97.48066,32.62795],[-97.48065,32.62925],[-97.48089,32.62956],[-97.48199,32.62966],[-97.48274,32.63026],[-97.4832,32.63109],[-97.48291,32.63186],[-97.4834,32.63247],[-97.48265,32.63199],[-97.48178,32.6304],[-97.47713,32.63168],[-97.47598,32.63172],[-97.4757,32.6329],[-97.47543,32.63257],[-97.47571,32.63203],[-97.47549,32.63169],[-97.47447,32.63138],[-97.47403,32.63176],[-97.47502,32.63459],[-97.47459,32.63467],[-97.47252,32.6338],[-97.47143,32.63418],[-97.47123,32.63455],[-97.47116,32.63627],[-97.47041,32.63749],[-97.47054,32.63833],[-97.46874,32.64181],[-97.46897,32.64215],[-97.46998,32.64243],[-97.47124,32.64213],[-97.4713,32.64243],[-97.47012,32.6436],[-97.47174,32.64536],[-97.47438,32.64628],[-97.4737,32.64622],[-97.47327,32.64705],[-97.47053,32.64688],[-97.46931,32.64755],[-97.46872,32.64818],[-97.4685,32.6493],[-97.46872,32.65121],[-97.46927,32.65206],[-97.47155,32.65309],[-97.47273,32.6542],[-97.47443,32.65511],[-97.47488,32.65563],[-97.47484,32.65617],[-97.47506,32.65595],[-97.47669,32.65612],[-97.47796,32.6567],[-97.47876,32.65735],[-97.47945,32.65866],[-97.4779,32.65697],[-97.47651,32.65688],[-97.47586,32.65752],[-97.47476,32.65652],[-97.47512,32.65808],[-97.47464,32.6585],[-97.47467,32.65792],[-97.47443,32.65816],[-97.47316,32.65782],[-97.47284,32.65811],[-97.47265,32.65923],[-97.47158,32.65825],[-97.46864,32.65749],[-97.46687,32.65628],[-97.4654,32.65443],[-97.46425,32.65469],[-97.46333,32.65358],[-97.46244,32.65431],[-97.46168,32.6544],[-97.44802,32.65065],[-97.44777,32.64832],[-97.44697,32.64724],[-97.4465,32.6473],[-97.44649,32.64687],[-97.44685,32.64673],[-97.44668,32.64557],[-97.44523,32.64451],[-97.44539,32.64432],[-97.44723,32.64483],[-97.44791,32.64342],[-97.44616,32.6414],[-97.44479,32.63842],[-97.44471,32.6367],[-97.44521,32.6355],[-97.44387,32.63438],[-97.44148,32.6353],[-97.44134,32.63581],[-97.43986,32.63534],[-97.43884,32.63619],[-97.43719,32.63392],[-97.43638,32.63378],[-97.43655,32.63313],[-97.43534,32.63191],[-97.43581,32.63155],[-97.43508,32.63036],[-97.43271,32.62955],[-97.43233,32.62913],[-97.43253,32.62858],[-97.43266,32.62924],[-97.43398,32.6293],[-97.43506,32.6298],[-97.43581,32.63029],[-97.43636,32.63118],[-97.43894,32.6331],[-97.44014,32.63312],[-97.44234,32.63259],[-97.44356,32.63155],[-97.44213,32.62783],[-97.44212,32.62712],[-97.44255,32.62731],[-97.44255,32.62778],[-97.44411,32.6292],[-97.44426,32.62968],[-97.44497,32.62987],[-97.44504,32.63042],[-97.44581,32.63125],[-97.44955,32.6327],[-97.45191,32.63343],[-97.45278,32.63321],[-97.4526,32.63195],[-97.45194,32.63078],[-97.45151,32.63068],[-97.45188,32.6302],[-97.45181,32.62974],[-97.45219,32.63053],[-97.45327,32.63098],[-97.45429,32.63208],[-97.45472,32.63229],[-97.45475,32.6318],[-97.45517,32.63195],[-97.45628,32.62721],[-97.45592,32.62549],[-97.45708,32.62618],[-97.45845,32.624],[-97.45852,32.62268],[-97.45824,32.6223],[-97.4602,32.62176],[-97.46305,32.62],[-97.46376,32.61986],[-97.46239,32.61857],[-97.46226,32.61757],[-97.46174,32.61728],[-97.46056,32.61719],[-97.45925,32.61781],[-97.45952,32.61703],[-97.46102,32.61648],[-97.46087,32.61513],[-97.46038,32.61421],[-97.45979,32.61118],[-97.4589,32.61093],[-97.45899,32.61069],[-97.45861,32.61053],[-97.45751,32.6107],[-97.45869,32.61],[-97.46026,32.61048],[-97.45967,32.6095],[-97.46019,32.60912],[-97.45948,32.60869],[-97.45861,32.60715],[-97.45571,32.6068],[-97.4566,32.60662],[-97.4573,32.60689],[-97.45782,32.60621],[-97.4595,32.6063],[-97.46014,32.60767],[-97.46147,32.6081],[-97.46195,32.60869],[-97.46178,32.60978],[-97.46218,32.61037],[-97.46287,32.61049],[-97.46304,32.60872],[-97.4626,32.60765],[-97.46013,32.60592],[-97.45921,32.60587],[-97.45954,32.60563]],[[-97.50172,32.61371],[-97.50102,32.61385],[-97.50276,32.61446],[-97.50172,32.61371]]]},"properties":{"name":"Benbrook Lake","acres":3686,"objectid":749901}},{"type":"Feature","id":901187,"geometry":{"type":"Polygon","coordinates":[[[-96.97741,32.70155],[-96.9767,32.70143],[-96.97659,32.70097],[-96.97523,32.70108],[-96.97476,32.70141],[-96.97497,32.70174],[-96.9758,32.70159],[-96.97587,32.70204],[-96.97528,32.70196],[-96.97729,32.70325],[-96.9787,32.70635],[-96.97797,32.70709],[-96.97782,32.70862],[-96.97727,32.70858],[-96.97688,32.70932],[-96.97675,32.7103],[-96.97723,32.71177],[-96.97583,32.7141],[-96.97479,32.71515],[-96.97444,32.71615],[-96.97494,32.7165],[-96.97482,32.71689],[-96.97357,32.71759],[-96.9741,32.71965],[-96.97378,32.72015],[-96.97439,32.72159],[-96.97287,32.72382],[-96.9728,32.72478],[-96.97564,32.72675],[-96.98212,32.73043],[-96.98244,32.73044],[-96.98499,32.72834],[-96.98712,32.72818],[-96.98834,32.72876],[-96.98717,32.7283],[-96.98644,32.72834],[-96.98645,32.72877],[-96.98623,32.72839],[-96.98507,32.72866],[-96.98431,32.72973],[-96.98519,32.72985],[-96.98544,32.72913],[-96.9856,32.7302],[-96.98446,32.73068],[-96.98192,32.73386],[-96.98052,32.73431],[-96.9794,32.73572],[-96.97819,32.73626],[-96.97757,32.73706],[-96.97727,32.73699],[-96.97738,32.73462],[-96.98089,32.73234],[-96.98173,32.73114],[-96.97261,32.72552],[-96.97165,32.72678],[-96.97149,32.72788],[-96.97061,32.72838],[-96.9706,32.72235],[-96.97024,32.72195],[-96.96875,32.72191],[-96.96828,32.72224],[-96.96828,32.72853],[-96.96743,32.72894],[-96.96717,32.7337],[-96.96628,32.73339],[-96.96594,32.73355],[-96.96622,32.73381],[-96.96566,32.73397],[-96.96429,32.73321],[-96.96291,32.73163],[-96.96225,32.73152],[-96.95963,32.73334],[-96.96025,32.73432],[-96.95941,32.73523],[-96.95921,32.73632],[-96.95884,32.73666],[-96.95936,32.7366],[-96.9598,32.73694],[-96.95972,32.73748],[-96.96007,32.73764],[-96.95946,32.73781],[-96.95112,32.73738],[-96.93856,32.72898],[-96.9381,32.72779],[-96.93814,32.72649],[-96.93735,32.7247],[-96.93743,32.72293],[-96.93697,32.72246],[-96.94197,32.72227],[-96.94692,32.71971],[-96.94848,32.71964],[-96.94865,32.71912],[-96.94958,32.7187],[-96.95149,32.71936],[-96.95207,32.71902],[-96.95152,32.71792],[-96.95275,32.7171],[-96.94809,32.71884],[-96.94143,32.72216],[-96.93588,32.72244],[-96.93509,32.72219],[-96.93889,32.7219],[-96.9387,32.72059],[-96.939,32.72122],[-96.93981,32.72136],[-96.93993,32.72189],[-96.94119,32.72181],[-96.95153,32.71713],[-96.95193,32.71659],[-96.95176,32.71629],[-96.95245,32.71564],[-96.95443,32.71486],[-96.9547,32.71383],[-96.95378,32.7106],[-96.9554,32.70669],[-96.95613,32.70602],[-96.95702,32.70597],[-96.95738,32.70436],[-96.95898,32.70273],[-96.95979,32.70108],[-96.96306,32.69865],[-96.96314,32.69791],[-96.96371,32.69788],[-96.96389,32.69823],[-96.96528,32.69707],[-96.96701,32.69629],[-96.96762,32.69542],[-96.96913,32.69468],[-96.97067,32.69551],[-96.97102,32.69654],[-96.97061,32.69743],[-96.97086,32.69769],[-96.97154,32.6976],[-96.97169,32.6982],[-96.97274,32.69749],[-96.97275,32.69634],[-96.97325,32.69635],[-96.97374,32.69695],[-96.97444,32.69596],[-96.97464,32.69617],[-96.9749,32.6958],[-96.97554,32.69613],[-96.97617,32.69593],[-96.97607,32.69535],[-96.97443,32.69467],[-96.97587,32.69497],[-96.97636,32.69479],[-96.97699,32.69408],[-96.97711,32.69308],[-96.97727,32.69332],[-96.97802,32.69322],[-96.97846,32.69284],[-96.97837,32.69324],[-96.97738,32.6935],[-96.97715,32.69471],[-96.97899,32.6933],[-96.97859,32.69405],[-96.97869,32.69449],[-96.9774,32.69606],[-96.9777,32.69634],[-96.97827,32.69614],[-96.97883,32.69684],[-96.97834,32.69712],[-96.97681,32.69682],[-96.97547,32.69767],[-96.97483,32.69875],[-96.97727,32.6998],[-96.97813,32.70112],[-96.97741,32.70155]]]},"properties":{"name":"Mountain Creek Lake","acres":2442,"objectid":901187}},{"type":"Feature","id":977334,"geometry":{"type":"Polygon","coordinates":[[[-97.52052,33.01525],[-97.52005,33.01334],[-97.52049,33.01165],[-97.52003,33.00977],[-97.52051,33.00907],[-97.52052,33.00803],[-97.52028,33.00794],[-97.5192,33.00887],[-97.51839,33.0104],[-97.51883,33.0118],[-97.51931,33.01226],[-97.51923,33.01456],[-97.52025,33.01531],[-97.51966,33.01616],[-97.51849,33.01609],[-97.51796,33.01398],[-97.51585,33.0134],[-97.51393,33.01175],[-97.51404,33.01072],[-97.51472,33.0102],[-97.51573,33.01026],[-97.51617,33.00982],[-97.51756,33.00995],[-97.51776,33.00963],[-97.5173,33.00849],[-97.51737,33.00747],[-97.5164,33.00764],[-97.51616,33.00681],[-97.51493,33.00646],[-97.51407,33.00522],[-97.51226,33.00418],[-97.51276,33.00378],[-97.51196,33.00414],[-97.5134,33.00529],[-97.51332,33.00562],[-97.51306,33.00514],[-97.51215,33.00472],[-97.5129,33.00531],[-97.51267,33.00602],[-97.51261,33.00535],[-97.51224,33.00544],[-97.51167,33.00423],[-97.51206,33.0036],[-97.51154,33.0041],[-97.51159,33.0065],[-97.51242,33.00696],[-97.51292,33.00805],[-97.51273,33.00866],[-97.51236,33.00892],[-97.51071,33.00886],[-97.50918,33.00746],[-97.50996,33.00711],[-97.51093,33.00478],[-97.50942,33.00421],[-97.5092,33.00385],[-97.51276,33.00301],[-97.51459,33.0019],[-97.5144,32.99966],[-97.51371,32.99885],[-97.5121,32.99813],[-97.51116,32.99733],[-97.51117,32.99796],[-97.51045,32.99869],[-97.51093,32.99783],[-97.51066,32.99465],[-97.50672,32.99309],[-97.50505,32.99401],[-97.50323,32.99376],[-97.50046,32.99461],[-97.49931,32.99448],[-97.4978,32.99624],[-97.49761,32.99507],[-97.49834,32.99208],[-97.49792,32.9912],[-97.49744,32.9907],[-97.4966,32.99067],[-97.49691,32.99031],[-97.49554,32.99111],[-97.49449,32.99127],[-97.49383,32.99104],[-97.49461,32.99108],[-97.49677,32.99007],[-97.49777,32.99013],[-97.49912,32.99062],[-97.49973,32.99134],[-97.50012,32.99119],[-97.50062,32.99196],[-97.50109,32.99055],[-97.50183,32.99039],[-97.5005,32.98907],[-97.50075,32.98857],[-97.50021,32.98713],[-97.50054,32.98583],[-97.50013,32.9852],[-97.50083,32.98471],[-97.50205,32.98445],[-97.50214,32.98307],[-97.50373,32.98113],[-97.50448,32.97919],[-97.50429,32.979],[-97.50598,32.97669],[-97.50502,32.97581],[-97.50525,32.97498],[-97.50477,32.97424],[-97.50488,32.97355],[-97.5042,32.97321],[-97.50337,32.97365],[-97.50312,32.97397],[-97.50337,32.97464],[-97.50328,32.97645],[-97.50266,32.97687],[-97.50234,32.97634],[-97.50195,32.97655],[-97.50193,32.97502],[-97.50154,32.97391],[-97.50177,32.97371],[-97.50143,32.97323],[-97.50236,32.97229],[-97.5028,32.97046],[-97.49956,32.96832],[-97.49757,32.96806],[-97.49742,32.96845],[-97.49796,32.96877],[-97.49819,32.96989],[-97.49883,32.97042],[-97.49788,32.97018],[-97.4961,32.96747],[-97.49644,32.96648],[-97.49794,32.96618],[-97.49784,32.96574],[-97.49638,32.96561],[-97.49492,32.96622],[-97.49458,32.96683],[-97.49504,32.96815],[-97.49429,32.96826],[-97.49306,32.96617],[-97.49302,32.96434],[-97.48944,32.96417],[-97.48865,32.96352],[-97.48969,32.96355],[-97.48903,32.96252],[-97.48904,32.96106],[-97.48765,32.96147],[-97.48776,32.96081],[-97.48727,32.96073],[-97.48736,32.96031],[-97.48711,32.96028],[-97.48533,32.96095],[-97.48456,32.96097],[-97.48429,32.96067],[-97.48526,32.95969],[-97.48737,32.95972],[-97.48994,32.95898],[-97.49121,32.95945],[-97.49146,32.9609],[-97.49191,32.96123],[-97.49333,32.95997],[-97.49334,32.9588],[-97.49444,32.95953],[-97.49673,32.95993],[-97.49703,32.96072],[-97.49645,32.96133],[-97.49828,32.96119],[-97.4992,32.95987],[-97.49856,32.95781],[-97.49788,32.957],[-97.49871,32.95693],[-97.49983,32.95761],[-97.50105,32.95933],[-97.50165,32.95827],[-97.50161,32.95725],[-97.50139,32.95689],[-97.50101,32.95706],[-97.50071,32.95676],[-97.50081,32.95612],[-97.50361,32.95683],[-97.50436,32.95788],[-97.50622,32.95709],[-97.50669,32.9566],[-97.50718,32.9556],[-97.50674,32.9542],[-97.50622,32.95387],[-97.50546,32.9544],[-97.50472,32.95431],[-97.50399,32.95337],[-97.50309,32.95491],[-97.50195,32.95577],[-97.50135,32.95572],[-97.50117,32.95536],[-97.50165,32.95499],[-97.50152,32.95432],[-97.50046,32.95428],[-97.4999,32.95376],[-97.49864,32.95357],[-97.49888,32.9532],[-97.49812,32.95245],[-97.49704,32.95248],[-97.49759,32.95199],[-97.49699,32.95087],[-97.49754,32.95064],[-97.49725,32.95005],[-97.49481,32.95004],[-97.49434,32.94927],[-97.49506,32.9482],[-97.49327,32.94809],[-97.49297,32.94728],[-97.49364,32.94809],[-97.49513,32.94805],[-97.49524,32.94843],[-97.49462,32.94929],[-97.49498,32.94995],[-97.49545,32.95007],[-97.49506,32.94936],[-97.49777,32.94964],[-97.49855,32.95137],[-97.50143,32.95181],[-97.5016,32.95153],[-97.50097,32.95086],[-97.50108,32.95057],[-97.50333,32.95127],[-97.5046,32.95083],[-97.50434,32.95059],[-97.50468,32.95056],[-97.50476,32.95021],[-97.50709,32.95044],[-97.5084,32.94937],[-97.50813,32.949],[-97.50825,32.94849],[-97.50874,32.94857],[-97.50892,32.94809],[-97.50858,32.94679],[-97.50744,32.94602],[-97.50635,32.946],[-97.50494,32.94423],[-97.50429,32.94424],[-97.50407,32.94482],[-97.50378,32.94426],[-97.50443,32.94322],[-97.50413,32.94267],[-97.50357,32.94248],[-97.50367,32.94083],[-97.5041,32.93988],[-97.50448,32.94041],[-97.50455,32.94013],[-97.50571,32.94098],[-97.50676,32.93964],[-97.50677,32.93875],[-97.50576,32.93724],[-97.50537,32.93729],[-97.50553,32.93748],[-97.50452,32.93858],[-97.50442,32.93963],[-97.50415,32.93966],[-97.50424,32.93921],[-97.50332,32.93728],[-97.50177,32.93662],[-97.50096,32.93671],[-97.50078,32.93749],[-97.50128,32.93849],[-97.50105,32.93875],[-97.49975,32.93817],[-97.49891,32.93823],[-97.49915,32.93765],[-97.49891,32.93728],[-97.49767,32.93745],[-97.49686,32.93696],[-97.49587,32.93697],[-97.49457,32.93792],[-97.49352,32.93721],[-97.4919,32.93714],[-97.48879,32.93426],[-97.48892,32.93166],[-97.48801,32.93296],[-97.48685,32.93253],[-97.48623,32.93285],[-97.48596,32.93369],[-97.48623,32.93408],[-97.48538,32.93287],[-97.48447,32.93351],[-97.48455,32.93284],[-97.48379,32.93206],[-97.48446,32.9325],[-97.48583,32.93229],[-97.48621,32.93137],[-97.48687,32.93142],[-97.48715,32.9311],[-97.48534,32.92949],[-97.48471,32.92755],[-97.48612,32.92911],[-97.48898,32.92928],[-97.48971,32.92847],[-97.48962,32.92797],[-97.49022,32.9277],[-97.48972,32.92611],[-97.49007,32.92509],[-97.49033,32.92474],[-97.49124,32.92506],[-97.49071,32.92331],[-97.49117,32.92078],[-97.48913,32.91769],[-97.48741,32.91675],[-97.48601,32.91668],[-97.48501,32.91704],[-97.48431,32.91649],[-97.48044,32.915],[-97.48062,32.91585],[-97.48027,32.91667],[-97.48052,32.91688],[-97.4799,32.91758],[-97.47962,32.91749],[-97.47928,32.91887],[-97.47918,32.91831],[-97.47832,32.91804],[-97.47864,32.91786],[-97.4791,32.91815],[-97.47939,32.91785],[-97.47917,32.91734],[-97.4796,32.91699],[-97.47971,32.91587],[-97.479,32.91487],[-97.48018,32.91335],[-97.47992,32.91203],[-97.47898,32.91164],[-97.47652,32.91233],[-97.47516,32.91249],[-97.47502,32.91215],[-97.47364,32.91297],[-97.47474,32.91195],[-97.47382,32.91198],[-97.47463,32.91143],[-97.47503,32.91137],[-97.47502,32.91182],[-97.47535,32.91206],[-97.47622,32.91166],[-97.47574,32.91076],[-97.47692,32.91123],[-97.47807,32.91023],[-97.47896,32.91001],[-97.4792,32.90965],[-97.47915,32.90819],[-97.47961,32.90816],[-97.48014,32.90911],[-97.48209,32.90959],[-97.48387,32.90844],[-97.48478,32.90735],[-97.48511,32.90671],[-97.48494,32.90564],[-97.48441,32.90529],[-97.48441,32.90485],[-97.48524,32.90474],[-97.48541,32.90443],[-97.48491,32.90276],[-97.48516,32.90219],[-97.48678,32.901],[-97.48793,32.89901],[-97.48855,32.89526],[-97.48845,32.89334],[-97.48796,32.89265],[-97.48714,32.89238],[-97.48435,32.89396],[-97.48409,32.89365],[-97.48526,32.89305],[-97.48458,32.89314],[-97.48391,32.89369],[-97.48416,32.89422],[-97.48374,32.89731],[-97.48164,32.89753],[-97.4807,32.89835],[-97.47958,32.89835],[-97.47879,32.8988],[-97.47616,32.89732],[-97.47493,32.89621],[-97.47362,32.8957],[-97.47339,32.89532],[-97.47338,32.89283],[-97.47165,32.89243],[-97.47128,32.89402],[-97.47016,32.89441],[-97.46965,32.8941],[-97.46816,32.89489],[-97.46777,32.89601],[-97.46846,32.89752],[-97.46872,32.89752],[-97.46843,32.89801],[-97.46884,32.8983],[-97.46824,32.8984],[-97.468,32.89892],[-97.46799,32.89766],[-97.46733,32.89707],[-97.46633,32.89936],[-97.46618,32.89885],[-97.4666,32.89751],[-97.46638,32.89729],[-97.46613,32.89778],[-97.46606,32.89749],[-97.46642,32.89563],[-97.46475,32.8961],[-97.46357,32.89697],[-97.46281,32.89712],[-97.46268,32.89675],[-97.46368,32.89673],[-97.46413,32.89616],[-97.46406,32.89569],[-97.46489,32.89485],[-97.46521,32.89507],[-97.46528,32.89386],[-97.46628,32.89378],[-97.46767,32.89267],[-97.46703,32.89132],[-97.46635,32.89069],[-97.46655,32.88956],[-97.46492,32.88777],[-97.46442,32.88643],[-97.46294,32.88543],[-97.46214,32.88595],[-97.46309,32.88748],[-97.46258,32.8875],[-97.46239,32.88717],[-97.46152,32.8894],[-97.46171,32.88835],[-97.46131,32.88712],[-97.45943,32.88631],[-97.45855,32.88521],[-97.4581,32.88551],[-97.4574,32.88803],[-97.4562,32.88854],[-97.45583,32.88912],[-97.45654,32.89019],[-97.45548,32.89066],[-97.45546,32.89384],[-97.45643,32.8952],[-97.45521,32.89429],[-97.45472,32.89475],[-97.45529,32.89767],[-97.45379,32.89544],[-97.45302,32.89571],[-97.45395,32.89422],[-97.45373,32.89364],[-97.45401,32.89294],[-97.4538,32.89232],[-97.45266,32.89123],[-97.45194,32.89127],[-97.45087,32.89236],[-97.45047,32.8922],[-97.44986,32.89261],[-97.44928,32.89375],[-97.44906,32.89274],[-97.4488,32.89266],[-97.4479,32.89274],[-97.44741,32.89328],[-97.44661,32.89327],[-97.44819,32.89482],[-97.44681,32.89593],[-97.44622,32.89548],[-97.44679,32.89492],[-97.4453,32.89366],[-97.44561,32.89294],[-97.44646,32.89226],[-97.44538,32.8916],[-97.44327,32.89144],[-97.44182,32.89079],[-97.44123,32.89222],[-97.44027,32.8927],[-97.43971,32.89243],[-97.44105,32.89187],[-97.44101,32.89088],[-97.44182,32.88986],[-97.44265,32.88995],[-97.44437,32.8908],[-97.44619,32.89046],[-97.44678,32.88971],[-97.44763,32.89043],[-97.44884,32.89055],[-97.44906,32.89028],[-97.44889,32.88987],[-97.44984,32.8892],[-97.44973,32.88823],[-97.45003,32.88771],[-97.45038,32.88842],[-97.45145,32.88752],[-97.45055,32.88885],[-97.45076,32.88902],[-97.45266,32.88766],[-97.45357,32.88576],[-97.45289,32.88374],[-97.45248,32.88335],[-97.45121,32.88397],[-97.45075,32.88472],[-97.44985,32.88453],[-97.45087,32.88442],[-97.45046,32.8837],[-97.45128,32.88341],[-97.45147,32.88231],[-97.45363,32.8818],[-97.45512,32.88186],[-97.45567,32.88056],[-97.45516,32.8796],[-97.4544,32.87931],[-97.45425,32.87989],[-97.45348,32.8802],[-97.45301,32.87987],[-97.45309,32.87919],[-97.45148,32.87824],[-97.45127,32.87905],[-97.45098,32.87879],[-97.45053,32.87901],[-97.44993,32.88007],[-97.4501,32.87891],[-97.4506,32.87857],[-97.45051,32.87817],[-97.4509,32.87775],[-97.45086,32.87713],[-97.45007,32.8767],[-97.44963,32.87693],[-97.44947,32.87769],[-97.44927,32.87716],[-97.44814,32.87735],[-97.4479,32.87701],[-97.4475,32.87716],[-97.44766,32.87694],[-97.44741,32.87684],[-97.4449,32.87715],[-97.44412,32.87682],[-97.44365,32.87719],[-97.44406,32.87625],[-97.4458,32.8767],[-97.44665,32.87612],[-97.448,32.87586],[-97.44872,32.87528],[-97.44779,32.87336],[-97.44912,32.87446],[-97.4501,32.87484],[-97.45044,32.87422],[-97.45123,32.8748],[-97.45301,32.87354],[-97.45248,32.87522],[-97.45307,32.87553],[-97.45297,32.87602],[-97.45442,32.87637],[-97.45453,32.87671],[-97.45493,32.87626],[-97.45482,32.87567],[-97.45525,32.87583],[-97.45536,32.8756],[-97.4557,32.87598],[-97.45676,32.8757],[-97.45707,32.87506],[-97.45762,32.87488],[-97.45736,32.87574],[-97.45628,32.87683],[-97.45735,32.87612],[-97.45855,32.87597],[-97.46063,32.87396],[-97.46173,32.87449],[-97.47404,32.87677],[-97.47661,32.87934],[-97.47713,32.87937],[-97.48206,32.87588],[-97.48213,32.87538],[-97.48254,32.87534],[-97.48414,32.87363],[-97.48434,32.87202],[-97.48631,32.87091],[-97.48792,32.87131],[-97.48844,32.87215],[-97.49013,32.8736],[-97.49112,32.87341],[-97.49164,32.87278],[-97.49278,32.87267],[-97.49184,32.87309],[-97.49263,32.8731],[-97.49245,32.87422],[-97.49288,32.87545],[-97.49381,32.87643],[-97.49455,32.87672],[-97.49666,32.87509],[-97.49702,32.87434],[-97.49726,32.87182],[-97.49715,32.87118],[-97.49659,32.87117],[-97.49642,32.8706],[-97.49707,32.87044],[-97.49689,32.87006],[-97.49982,32.86973],[-97.50001,32.86861],[-97.50217,32.86744],[-97.50366,32.86712],[-97.50459,32.86792],[-97.5059,32.8673],[-97.50789,32.86763],[-97.50935,32.86878],[-97.51113,32.86781],[-97.51171,32.87191],[-97.5136,32.87071],[-97.51344,32.87207],[-97.51619,32.87246],[-97.5164,32.87221],[-97.51615,32.87042],[-97.51669,32.87182],[-97.51749,32.87212],[-97.51841,32.872],[-97.51865,32.8715],[-97.52061,32.87037],[-97.51974,32.87132],[-97.51895,32.87162],[-97.51886,32.87218],[-97.51795,32.87312],[-97.51852,32.87337],[-97.51932,32.87443],[-97.52161,32.87487],[-97.52237,32.87574],[-97.52271,32.87686],[-97.52381,32.87709],[-97.52266,32.87722],[-97.52226,32.87671],[-97.52247,32.87786],[-97.52112,32.87755],[-97.52392,32.87897],[-97.52476,32.88087],[-97.52361,32.8792],[-97.52181,32.87846],[-97.52127,32.87873],[-97.52127,32.87841],[-97.52074,32.87817],[-97.51982,32.87693],[-97.51701,32.87712],[-97.51423,32.8765],[-97.51167,32.87676],[-97.51224,32.87582],[-97.51021,32.87549],[-97.50967,32.87504],[-97.50929,32.87525],[-97.50956,32.87638],[-97.50928,32.8763],[-97.5087,32.87735],[-97.5091,32.8786],[-97.50889,32.88092],[-97.50899,32.88141],[-97.50974,32.88208],[-97.50954,32.88292],[-97.5098,32.88357],[-97.50938,32.88436],[-97.50939,32.88513],[-97.50987,32.88788],[-97.51189,32.89114],[-97.51288,32.89418],[-97.51297,32.89544],[-97.51383,32.89599],[-97.51566,32.89478],[-97.51523,32.89569],[-97.51539,32.89609],[-97.51421,32.89688],[-97.51508,32.89785],[-97.5127,32.89768],[-97.51355,32.90013],[-97.51576,32.9003],[-97.51576,32.90098],[-97.51654,32.90104],[-97.51652,32.90172],[-97.51793,32.9027],[-97.51922,32.90107],[-97.51919,32.90399],[-97.52036,32.9049],[-97.52148,32.90506],[-97.5217,32.90551],[-97.52329,32.90431],[-97.523,32.90395],[-97.52329,32.90274],[-97.5237,32.90292],[-97.52363,32.90252],[-97.5239,32.90254],[-97.52395,32.90336],[-97.52345,32.9032],[-97.52371,32.90448],[-97.52483,32.90425],[-97.52485,32.90339],[-97.52532,32.90331],[-97.52554,32.90364],[-97.52519,32.90367],[-97.52502,32.90433],[-97.52679,32.90529],[-97.52754,32.90522],[-97.5279,32.90601],[-97.52846,32.90654],[-97.52875,32.90638],[-97.5287,32.90686],[-97.52936,32.90732],[-97.52917,32.90745],[-97.52983,32.90836],[-97.52916,32.90978],[-97.52817,32.91029],[-97.52823,32.90962],[-97.52797,32.90946],[-97.52795,32.90995],[-97.52739,32.90968],[-97.52606,32.91062],[-97.52638,32.91284],[-97.52588,32.91258],[-97.52561,32.91293],[-97.52535,32.91276],[-97.52362,32.91003],[-97.52305,32.90972],[-97.52409,32.91262],[-97.52618,32.91382],[-97.52617,32.91413],[-97.52393,32.91314],[-97.52334,32.91186],[-97.52302,32.91178],[-97.52394,32.91442],[-97.52575,32.91465],[-97.52584,32.91646],[-97.52544,32.91664],[-97.52483,32.91583],[-97.52489,32.91496],[-97.52433,32.91499],[-97.52465,32.91516],[-97.52455,32.91561],[-97.52312,32.91446],[-97.52337,32.91405],[-97.52287,32.91431],[-97.52263,32.91412],[-97.5227,32.9137],[-97.52188,32.91264],[-97.52196,32.91111],[-97.52291,32.91143],[-97.52292,32.91121],[-97.52218,32.90984],[-97.52125,32.91077],[-97.52083,32.91045],[-97.51977,32.9108],[-97.51827,32.91067],[-97.51813,32.90937],[-97.51552,32.90866],[-97.51342,32.90953],[-97.51294,32.9092],[-97.51225,32.90938],[-97.51059,32.90913],[-97.51025,32.90944],[-97.51015,32.9103],[-97.5093,32.91061],[-97.50865,32.91019],[-97.50817,32.91033],[-97.50709,32.9113],[-97.50695,32.9119],[-97.50552,32.91171],[-97.50526,32.91089],[-97.50457,32.91044],[-97.49956,32.9113],[-97.50082,32.91189],[-97.50149,32.91257],[-97.5031,32.91298],[-97.50441,32.91379],[-97.50622,32.91581],[-97.50614,32.91856],[-97.50529,32.9203],[-97.50675,32.91984],[-97.50693,32.9196],[-97.5066,32.91953],[-97.50693,32.91929],[-97.5079,32.9201],[-97.50837,32.91986],[-97.50805,32.92025],[-97.50822,32.92157],[-97.50805,32.9214],[-97.50765,32.92233],[-97.50721,32.9217],[-97.50659,32.92237],[-97.50667,32.9238],[-97.50601,32.92442],[-97.50632,32.92561],[-97.50711,32.92545],[-97.50709,32.92618],[-97.50765,32.92637],[-97.50543,32.9263],[-97.50533,32.92693],[-97.50464,32.92681],[-97.50317,32.92525],[-97.50425,32.92835],[-97.50516,32.92899],[-97.50502,32.92995],[-97.50562,32.93081],[-97.50606,32.93119],[-97.50645,32.93105],[-97.50693,32.9287],[-97.50718,32.9287],[-97.50749,32.93008],[-97.50782,32.93031],[-97.50977,32.92991],[-97.5107,32.92936],[-97.51019,32.93035],[-97.51182,32.93059],[-97.51247,32.93025],[-97.51241,32.93064],[-97.51033,32.93078],[-97.51003,32.93132],[-97.51113,32.93178],[-97.51074,32.93281],[-97.51147,32.93355],[-97.51147,32.93421],[-97.51303,32.93272],[-97.51447,32.93249],[-97.51432,32.93335],[-97.51329,32.93503],[-97.51364,32.93616],[-97.51304,32.93672],[-97.51515,32.93916],[-97.51568,32.9409],[-97.51651,32.94196],[-97.51691,32.94208],[-97.5178,32.94127],[-97.52027,32.94231],[-97.52206,32.94205],[-97.52139,32.94233],[-97.5209,32.943],[-97.52204,32.94413],[-97.52046,32.94353],[-97.52058,32.9439],[-97.52271,32.94501],[-97.52611,32.9448],[-97.52273,32.94538],[-97.5194,32.94352],[-97.51823,32.94353],[-97.51888,32.94611],[-97.51956,32.94644],[-97.51958,32.9468],[-97.52001,32.9469],[-97.52056,32.94769],[-97.52226,32.9486],[-97.51923,32.94752],[-97.51838,32.94683],[-97.51848,32.95071],[-97.51797,32.95226],[-97.51827,32.95249],[-97.51635,32.95438],[-97.51877,32.95675],[-97.51905,32.95746],[-97.51886,32.95795],[-97.52087,32.95867],[-97.5212,32.95908],[-97.51921,32.95909],[-97.5165,32.95694],[-97.51569,32.95679],[-97.51579,32.95963],[-97.5154,32.96136],[-97.51193,32.96429],[-97.51198,32.96462],[-97.51367,32.96556],[-97.51369,32.96699],[-97.51416,32.96734],[-97.51401,32.96818],[-97.5159,32.97046],[-97.51516,32.9708],[-97.51414,32.97496],[-97.51447,32.97612],[-97.51382,32.97641],[-97.51568,32.98006],[-97.51535,32.98076],[-97.51566,32.98161],[-97.51503,32.98227],[-97.51533,32.98331],[-97.51456,32.98436],[-97.5149,32.98469],[-97.51487,32.98601],[-97.51594,32.98693],[-97.51793,32.98687],[-97.51664,32.9871],[-97.5165,32.98742],[-97.51809,32.98773],[-97.5181,32.98802],[-97.51663,32.98789],[-97.51628,32.9881],[-97.51635,32.98839],[-97.51562,32.98837],[-97.51555,32.98912],[-97.51428,32.98914],[-97.51247,32.9886],[-97.5107,32.98757],[-97.50986,32.98833],[-97.51155,32.98953],[-97.5125,32.99059],[-97.51246,32.99095],[-97.51362,32.99108],[-97.51475,32.99074],[-97.51491,32.99155],[-97.51635,32.99198],[-97.51681,32.99178],[-97.51732,32.9926],[-97.51916,32.99348],[-97.51961,32.99407],[-97.52071,32.9943],[-97.52179,32.99599],[-97.52201,32.99696],[-97.52295,32.99796],[-97.52312,32.99961],[-97.52413,33.00111],[-97.52405,33.00348],[-97.52345,33.00582],[-97.5222,33.00722],[-97.52187,33.00827],[-97.52122,33.00841],[-97.5212,33.00882],[-97.52188,33.00966],[-97.52081,33.00967],[-97.52064,33.01026],[-97.52098,33.01204],[-97.52051,33.01322],[-97.52072,33.0136],[-97.52045,33.01358],[-97.52053,33.01476],[-97.52067,33.01503],[-97.52073,33.01404],[-97.52122,33.0142],[-97.52165,33.01486],[-97.52077,33.01528],[-97.52169,33.01647],[-97.52113,33.0179],[-97.52115,33.0189],[-97.51949,33.01989],[-97.51948,33.0195],[-97.52088,33.01865],[-97.52141,33.01657],[-97.52052,33.01525]],[[-97.52032,32.95903],[-97.52096,32.95901],[-97.52072,32.9588],[-97.51891,32.95817],[-97.51846,32.95827],[-97.51929,32.95893],[-97.52032,32.95903]],[[-97.50589,32.90952],[-97.50485,32.90952],[-97.50504,32.91032],[-97.50642,32.91087],[-97.50632,32.91036],[-97.50689,32.91022],[-97.50692,32.90986],[-97.50589,32.90952]],[[-97.4946,32.91145],[-97.49535,32.91134],[-97.49713,32.91015],[-97.49719,32.90977],[-97.49633,32.90932],[-97.49694,32.90871],[-97.49781,32.90856],[-97.49752,32.90788],[-97.49678,32.90805],[-97.49604,32.90922],[-97.49453,32.91056],[-97.49373,32.9109],[-97.49363,32.9114],[-97.4946,32.91145]]]},"properties":{"name":"Eagle Mountain Lake","acres":8613,"objectid":977334}}]}