{"type":"FeatureCollection","crs":{"type":"name","properties":{"name":"EPSG:4326"}},"features":[{"type":"Feature","geometry":{"type":"Polygon","coordinates":[[[-97.0868975614285,32.2666956305186],[-97.0868999115336,32.2666951109643],[-97.0913675723016,32.2657056258362],[-97.0947175649502,32.2649556258285],[-97.1029475736036,32.2631556292734],[-97.1088175697558,32.2618856234491],[-97.1210075755679,32.2591656250884],[-97.1307075733725,32.2570256267438],[-97.1404175792002,32.2549256222611],[-97.1576475819049,32.2511356179032],[-97.1598775863716,32.2506556254825],[-97.1634475819726,32.2499056209848],[-97.1662875887457,32.249255623273],[-97.1686875852598,32.2487156189566],[-97.1844875915917,32.245215623574],[-97.1867675901254,32.2447356213092],[-97.1895975971955,32.2441356210688],[-97.194847599925,32.2430356189351],[-97.197397594717,32.2424856146707],[-97.2002275964289,32.2418656210066],[-97.2090975966628,32.2399556167949],[-97.2121675983875,32.2392956141143],[-97.216287602065,32.2384156136245],[-97.2210575967142,32.2373856164057],[-97.2248475957975,32.2365856191819],[-97.2306576008357,32.2353556166282],[-97.2327476039168,32.234905614972],[-97.235387604333,32.2343456152888],[-97.2401776052128,32.2333456145308],[-97.2414876044614,32.2330556183578],[-97.2441376050674,32.2324856131811],[-97.2460676024227,32.2320856171943],[-97.2479776084137,32.2316856102479],[-97.2503376047941,32.2311756155739],[-97.2614476067899,32.2287756122446],[-97.2718776073843,32.2265456127548],[-97.288727615282,32.2228956154998],[-97.2921876139733,32.2221456105968],[-97.2955976129085,32.2214356081867],[-97.2990476139105,32.2206756115511],[-97.3030576202517,32.2198056066748],[-97.3066676181619,32.2190456107094],[-97.3089176167612,32.2185656078802],[-97.3161076270986,32.2170156036355],[-97.3208976272118,32.2160056084838],[-97.3227176243303,32.21561560998],[-97.3246076238453,32.2151956074981],[-97.3281776268035,32.2144256061349],[-97.3479076287656,32.21013560766],[-97.3511776319953,32.209435608075],[-97.3532676354499,32.2089856028569],[-97.3600276316679,32.2075356009207],[-97.3624276315748,32.2070056067515],[-97.3653076310206,32.2064056033848],[-97.3700576337421,32.2053656039334],[-97.3735276318008,32.2046156020463],[-97.3752076314961,32.2042756080141],[-97.3779976402171,32.2037256037815],[-97.3822276413173,32.2027756014193],[-97.3843876369271,32.2022856002211],[-97.3866676379025,32.2017756009381],[-97.389877640188,32.2010356035102],[-97.3930676362735,32.2003256011277],[-97.3941676384115,32.2000856006569],[-97.3949676419012,32.1999056047747],[-97.3975776414651,32.1993256017324],[-97.4014376409407,32.1984556046908],[-97.4029376417455,32.1981156007517],[-97.404117642779,32.1978456011922],[-97.4134076443603,32.1957456022374],[-97.4164076483208,32.1950656039276],[-97.4205176470621,32.1941256001342],[-97.4276576443516,32.1925256018711],[-97.4398076491981,32.1898055958001],[-97.4474776523521,32.1880755954847],[-97.4518676560454,32.1870955962609],[-97.454647660238,32.1864855996144],[-97.458847656339,32.1855255962045],[-97.4606076591985,32.1851355947446],[-97.4622376599164,32.1847655935306],[-97.4670476625645,32.183685594907],[-97.470997653974,32.1828055976554],[-97.4759776609471,32.1816955987248],[-97.4746376611597,32.1796855970263],[-97.4720176579669,32.1758655924868],[-97.4718276580907,32.1755055934336],[-97.476057665347,32.1734355940395],[-97.4761476602614,32.1734355925991],[-97.4762176563266,32.1734255908186],[-97.4763276588387,32.1734055926694],[-97.4777576599533,32.1732455978065],[-97.4786976613132,32.1731055928479],[-97.479087655181,32.1730455932741],[-97.4794276577727,32.1729955933411],[-97.4803176609893,32.1728555946666],[-97.4826676592157,32.1724555954501],[-97.4842776629882,32.172175590086],[-97.4849576638585,32.1720555923296],[-97.4862476614994,32.1716855946331],[-97.4867476614501,32.1715255918599],[-97.4869976615004,32.1713855917076],[-97.4873876620236,32.1711855942542],[-97.4876476644563,32.1710255947074],[-97.487917661157,32.1708655933835],[-97.4883676567017,32.1704955966934],[-97.4891776594351,32.1697955907791],[-97.4901276620973,32.1688355936987],[-97.4906776611947,32.1682855883857],[-97.490857667592,32.1680255934046],[-97.4912376586168,32.16748559058],[-97.4917576627043,32.1667955906732],[-97.4925076591961,32.1658255918964],[-97.4927076589566,32.1656255942475],[-97.493067663396,32.1652755912034],[-97.4937876589229,32.1648055872097],[-97.494557666506,32.1644555883561],[-97.4949876683987,32.1643055929913],[-97.4955876693536,32.1641155916634],[-97.4958776620955,32.1640655921053],[-97.4961976609818,32.1639955895801],[-97.4965776647426,32.163925591826],[-97.4969676603657,32.163855585557],[-97.4993876679153,32.163375588153],[-97.4997076666683,32.1633155914363],[-97.5000976677426,32.16324558771],[-97.5004476686884,32.1631555895967],[-97.5006976636798,32.1630855888943],[-97.501677667659,32.162855591156],[-97.5024876673074,32.1626755878763],[-97.5027676631618,32.1626055918437],[-97.5034776685411,32.1626055946155],[-97.5038676721579,32.1626655929767],[-97.5044276631736,32.1627555895249],[-97.5050776663438,32.1628555897245],[-97.5053876642915,32.1629055904371],[-97.5062376706228,32.1629955903385],[-97.5065376647786,32.1630455880467],[-97.5070676661596,32.1630955904647],[-97.5074576698945,32.1631755904149],[-97.5075776691717,32.1632055881926],[-97.5080976666513,32.16326559337],[-97.5085476670952,32.1632155923478],[-97.5087076661773,32.1631955877374],[-97.5089176702517,32.1631755918748],[-97.5090476622726,32.1631355888489],[-97.5094176691906,32.1630155860754],[-97.5101476659376,32.162705586993],[-97.5109376651389,32.1623355879157],[-97.5116176729992,32.1617855898026],[-97.5118976684313,32.1613755895539],[-97.5120576746347,32.1611755892022],[-97.5125276687707,32.1602655926051],[-97.5128376664936,32.1591755886849],[-97.5130976693258,32.1581755918968],[-97.5133076657828,32.1572555925446],[-97.5134076638263,32.1563455912035],[-97.5133976675201,32.1541155884157],[-97.5132276671115,32.1529455847167],[-97.5130876704622,32.1521655884375],[-97.5127476640646,32.149835590367],[-97.5124076621105,32.1477555894725],[-97.5122876648667,32.1470855883295],[-97.5120576713999,32.1461355906801],[-97.511837670754,32.1454455909609],[-97.5116476647741,32.1449155857886],[-97.5114476647788,32.1444455857494],[-97.5109576691993,32.1435655857365],[-97.5103176617144,32.1425755849759],[-97.5101776663099,32.1423955876399],[-97.5097776656822,32.1418355824516],[-97.5094976637966,32.1414755842205],[-97.5092776682492,32.1411455843614],[-97.5087976632289,32.1407055856017],[-97.5086176697874,32.1405355853898],[-97.5084576666762,32.1402855893358],[-97.5083676676375,32.1400855853476],[-97.5082876661208,32.1396655884867],[-97.5082376637865,32.1392955853455],[-97.5082276665234,32.1386455859265],[-97.5083176668227,32.1382655825889],[-97.5085776647816,32.1376655895789],[-97.5091276658365,32.136735579575],[-97.5092376647774,32.1366155865572],[-97.509517665773,32.1363055828528],[-97.5098276687047,32.1359855847265],[-97.5099676677167,32.1358555881929],[-97.510097667657,32.1357255879861],[-97.5103876670424,32.135455585061],[-97.5109376649994,32.1350355814906],[-97.5111876656431,32.1348855838873],[-97.5115576637414,32.134675588914],[-97.5118376646928,32.1345155876974],[-97.5121576661385,32.1343255867333],[-97.5126376668714,32.1341155861913],[-97.5132376693251,32.1338955856406],[-97.5143676653626,32.1336455838014],[-97.5153076697944,32.1335755844529],[-97.5158276633839,32.1336055859427],[-97.5160376640477,32.1336155886195],[-97.5164976653258,32.1336555871149],[-97.5175876709783,32.1338255892401],[-97.5185876689342,32.134045581341],[-97.5188376685702,32.1340955837964],[-97.5194676679249,32.1342455833542],[-97.5205776726748,32.1344655883565],[-97.5231076737346,32.1350555824712],[-97.5254676651189,32.1357355875173],[-97.5256976688317,32.1358255845366],[-97.5265776737906,32.1361255863886],[-97.5267976692887,32.1361555845248],[-97.5269076689795,32.1361755848345],[-97.5270376703699,32.1362255885903],[-97.5273976708263,32.1363755842282],[-97.5280876744199,32.1366655823018],[-97.5283976726233,32.1367855887346],[-97.5297776705582,32.137345584499],[-97.530727671346,32.1376555815116],[-97.532427672711,32.1383355828489],[-97.5327976700764,32.1384755820513],[-97.5341676754727,32.1390255896931],[-97.5344376697984,32.1390755829718],[-97.534557673889,32.1391055819986],[-97.5351176707929,32.1393355835239],[-97.5364576721917,32.1398655868484],[-97.5387676707842,32.1408255851619],[-97.5394176789244,32.1411555862576],[-97.539707679291,32.1413055857127],[-97.5414676766795,32.142295585093],[-97.5421276730098,32.1426355809974],[-97.5429776810509,32.143155588494],[-97.5433676707133,32.1433955838592],[-97.5435276798273,32.1434955894878],[-97.5437976790012,32.1436555891344],[-97.5442776755629,32.143955582354],[-97.5447276765884,32.1442455884769],[-97.545717673677,32.1448455853941],[-97.5460776730322,32.1449655883765],[-97.5464576810389,32.1452355841248],[-97.5475676784126,32.1458655863526],[-97.5478476749875,32.1460255822693],[-97.5491376717399,32.1467455876747],[-97.5493976712936,32.1469155907505],[-97.5498576742856,32.1472055886437],[-97.5501176821117,32.147355579741],[-97.5505676765788,32.1475955840185],[-97.5513376710942,32.1480455855709],[-97.5518676790972,32.1483255849205],[-97.5528276796436,32.148775586595],[-97.5533076776437,32.1489455817379],[-97.5534976774024,32.149025589588],[-97.5539376834589,32.1491255827144],[-97.5546576771616,32.1492655880239],[-97.5550276817802,32.1493555868376],[-97.5555276812223,32.1493555815118],[-97.5560176770634,32.1493555850607],[-97.5570576766549,32.1493355873743],[-97.5575876768414,32.1492455877667],[-97.5585076786294,32.1490855857724],[-97.5590076801211,32.1490355895367],[-97.5597576782224,32.1490855842933],[-97.5607876809092,32.1492255828787],[-97.561807677614,32.1492755884942],[-97.5631076802784,32.1494255827489],[-97.5637476813076,32.1495055863464],[-97.5640676852151,32.1495555882195],[-97.5644776844405,32.1496055868292],[-97.5653276769573,32.1497255874547],[-97.5661276777148,32.149855584658],[-97.5663376849975,32.1498855899988],[-97.5664576855863,32.1498955872644],[-97.5674476818002,32.149965589425],[-97.5676276856255,32.150015583219],[-97.5680376739582,32.1501255846898],[-97.5688076856824,32.1505455832879],[-97.5693076829929,32.1509455875796],[-97.5696476817619,32.1513455835551],[-97.5701676855927,32.1521455805317],[-97.5702976813333,32.1523555865591],[-97.5704076779746,32.1525255909126],[-97.5706576816001,32.1530855874642],[-97.5707376872274,32.1537355843362],[-97.5707076835464,32.1542355864646],[-97.5705376851479,32.1546555854367],[-97.5702276866355,32.1551455832152],[-97.5693176852963,32.156215583794],[-97.5691476823491,32.1563755821652],[-97.5688476812787,32.1566455815656],[-97.5676876812325,32.1576655869604],[-97.567097679326,32.1581855877866],[-97.5670376799127,32.1582255905053],[-97.5666676810015,32.1585855838555],[-97.5664576871205,32.1588355877086],[-97.56626768105,32.1590555872319],[-97.5660176852805,32.1593555926103],[-97.5657576843145,32.1597055890334],[-97.5655576779588,32.15992558376],[-97.565257682751,32.1601755835045],[-97.5650876846504,32.1603155897002],[-97.5649376822691,32.1604755892111],[-97.5646776829089,32.1607555831022],[-97.5645476782847,32.1610655875256],[-97.5645076850277,32.1614155849391],[-97.5644976836891,32.1617055858409],[-97.5645176849743,32.1620555824876],[-97.5645976847871,32.1624355868434],[-97.5648676820397,32.1629155851436],[-97.5654976810077,32.1635555879564],[-97.5656576791948,32.1637155926475],[-97.5665576842106,32.1644255866954],[-97.5668976822315,32.1647355851647],[-97.5671476813826,32.1649555893275],[-97.5673876792163,32.1651655922907],[-97.5677676879549,32.1656755900181],[-97.5679576829786,32.1663255878621],[-97.5682976823039,32.167365588917],[-97.568327686002,32.1680155853835],[-97.5682776828193,32.1688855939679],[-97.5681676848126,32.1697855876283],[-97.5680676865162,32.1705055908505],[-97.5679576820114,32.1713455869974],[-97.5678676816961,32.1718955894721],[-97.5677976843514,32.1723455889278],[-97.5676476826084,32.1730555889113],[-97.5676476801865,32.1739855880731],[-97.5678476843389,32.1751955886614],[-97.5681976847048,32.1759855886104],[-97.5686776857284,32.1768155906169],[-97.5690776786611,32.177405591434],[-97.5693176841101,32.1776755873511],[-97.5696976817489,32.1781355902157],[-97.5702376858901,32.1785455910652],[-97.5710476818767,32.1790455888637],[-97.5714176793849,32.1792155899079],[-97.5715976828761,32.179305590595],[-97.5719276890352,32.1794555932938],[-97.5726276790935,32.179775589637],[-97.5734776828687,32.1803855881527],[-97.5737576828938,32.180535590288],[-97.5738276900523,32.1805755898741],[-97.5742376902578,32.1807255855826],[-97.5745576890774,32.1807955906531],[-97.575037681266,32.1808755942847],[-97.5761276893591,32.1809555952738],[-97.576967685541,32.1809155899204],[-97.5771876859363,32.1808855905415],[-97.5775176826204,32.1808555888649],[-97.5781476850207,32.1807955921456],[-97.5785276876475,32.1807555947958],[-97.5792676864103,32.1805955930703],[-97.5796876861939,32.1804855916272],[-97.5798676883343,32.1804255909302],[-97.5801876898967,32.1803255931409],[-97.5810176874663,32.1799855880175],[-97.5814976842563,32.1797755936742],[-97.5825476871898,32.1792955882607],[-97.5827876874198,32.1791755863294],[-97.5830376866052,32.1790455929582],[-97.5836976861323,32.1787355938535],[-97.5842276886673,32.1785555884842],[-97.5852476861785,32.1782355873195],[-97.5860776876921,32.177845592647],[-97.5870576869802,32.1773155875595],[-97.587827683683,32.176875594519],[-97.5886176923735,32.1764255842227],[-97.5907176916591,32.1752955868793],[-97.5913976918859,32.174985590664],[-97.5917876881831,32.1748155861526],[-97.5921176947461,32.1746955889021],[-97.5928376922551,32.1744655892841],[-97.593337688198,32.1743055876717],[-97.5944576913047,32.1740755885954],[-97.5960576903192,32.1740755830726],[-97.5968076860033,32.1741555889505],[-97.5969276891906,32.1741655881334],[-97.5971476938595,32.1741755847939],[-97.5974576897087,32.1742155877199],[-97.5978776978515,32.1742755913151],[-97.5980476867589,32.1743055838334],[-97.5984476868496,32.174415589438],[-97.5996976874403,32.1747655863564],[-97.6001876872677,32.1749155895129],[-97.6008776914014,32.1752155895956],[-97.6013176957424,32.1754355864626],[-97.6016876864457,32.1756655891035],[-97.6018976922899,32.1758655899895],[-97.6020876911837,32.1761355879173],[-97.6023376929055,32.1765455913743],[-97.6024376960482,32.1768455860063],[-97.6025376924795,32.1772655860467],[-97.6025776937903,32.1776355889506],[-97.6025376915855,32.1783555848123],[-97.6023776881028,32.1788755853651],[-97.6021876934862,32.1792055864541],[-97.6018676907352,32.1795755918666],[-97.6015876922253,32.1799155869452],[-97.601397692668,32.1801055900666],[-97.6010076868135,32.180425588443],[-97.6007776865189,32.1806155885251],[-97.6006276921371,32.180715593397],[-97.6003976969663,32.1808655889583],[-97.5998676930995,32.1811455890894],[-97.5991976898616,32.1814855873912],[-97.5980176912155,32.1818955924361],[-97.5965976876792,32.182465590229],[-97.5959276918957,32.1827755902919],[-97.5953276899611,32.1830955900286],[-97.5947176886319,32.183365591948],[-97.5945076907096,32.1834555886135],[-97.5941376924867,32.18365558948],[-97.5936676921531,32.1839055865426],[-97.5924676853459,32.1846455896134],[-97.592237687429,32.1848055894517],[-97.592007694737,32.1850155889315],[-97.5918776897267,32.1851455939579],[-97.5914376876053,32.1855455878498],[-97.5913776889593,32.185615593092],[-97.5912076935979,32.1858055903432],[-97.5909076868305,32.1861655879906],[-97.5902576869971,32.1873755964013],[-97.5900876845933,32.187815590628],[-97.5898976912399,32.1884855939821],[-97.5897976890329,32.1889655925077],[-97.5897376908817,32.1895955933443],[-97.5896676902375,32.190175592255],[-97.5896676934644,32.1918055930232],[-97.5897476892029,32.1927855953608],[-97.5898276862032,32.1934955874098],[-97.5899676941246,32.1940455931221],[-97.5901976894093,32.1951255978445],[-97.5903776879144,32.1957155952316],[-97.5905376852693,32.1960655969284],[-97.5907376883999,32.1966055901543],[-97.5910776893979,32.197215590332],[-97.5914876904015,32.1979155972536],[-97.5917476866094,32.1985555965764],[-97.592157689935,32.199235589016],[-97.592627690269,32.1999855970603],[-97.5929476891152,32.2002955911444],[-97.5931476908495,32.2005255902917],[-97.5936576966427,32.2010555892784],[-97.5940376866826,32.2014855982794],[-97.5941076928192,32.2015655906121],[-97.5945776857232,32.2019655934766],[-97.595167694708,32.2023455943156],[-97.5954076921437,32.2024755924104],[-97.5961776877876,32.2028955945582],[-97.5968076935058,32.2032055941799],[-97.5970976941774,32.2033455903754],[-97.5977176891559,32.2037255942495],[-97.5982676971947,32.2039355925805],[-97.5987076955024,32.2040255927053],[-97.5992276942708,32.2041455948773],[-97.5997776945824,32.2042055936822],[-97.6017876981681,32.2042355953546],[-97.6021876924061,32.204195594427],[-97.6027276941286,32.2041655968948],[-97.6056476910841,32.2041655964268],[-97.6075776944134,32.2041955943757],[-97.6078776968518,32.2041955996909],[-97.6086176904193,32.2042055917089],[-97.6096276916264,32.2041655942388],[-97.6104576972502,32.204065595633],[-97.6109476985662,32.2040355946265],[-97.6113676917352,32.2040055897844],[-97.6115876920877,32.2039755959281],[-97.611817693986,32.2039455973147],[-97.6120276958345,32.2039155963164],[-97.6121876907629,32.2038855953951],[-97.6134576969837,32.2036155915102],[-97.6144176966238,32.2035055895088],[-97.6144876994002,32.2034955911772],[-97.6147376980645,32.2034955928944],[-97.6150876959365,32.2034955962943],[-97.6151477007676,32.2155655933545],[-97.6153376989271,32.2501056021327],[-97.6154176983377,32.250185602374],[-97.6156076974052,32.2898456088467],[-97.6157277033134,32.3187356158837],[-97.6157377007448,32.3336956207997],[-97.6157577026275,32.3480356195004],[-97.6157777071344,32.3588156254232],[-97.6157877062478,32.3692056269965],[-97.6157777089112,32.3750556237237],[-97.6157777104467,32.3826056241924],[-97.6159077059673,32.4033756290984],[-97.6158977040764,32.4064856299483],[-97.6160377110471,32.4307456367474],[-97.6161277104562,32.4390256363055],[-97.6162377109452,32.4577556423799],[-97.6162077073658,32.4586456384652],[-97.6162977117764,32.4741656423713],[-97.6162877109952,32.4788756417855],[-97.6163877131875,32.4868556438046],[-97.6164193852501,32.4928106572872],[-97.6166375117571,32.5000888990332],[-97.6168346972517,32.5066675429631],[-97.6168677163829,32.514645650969],[-97.6168860148736,32.5330346621052],[-97.6169084629019,32.5548356527162],[-97.616909984267,32.556313735474],[-97.5506077006997,32.5550556614648],[-97.5439177036225,32.5550756565868],[-97.5287176942831,32.5551256640297],[-97.500557687205,32.55520566551],[-97.4907476820758,32.5550456656262],[-97.4892076867031,32.5550056619865],[-97.4828076868193,32.5549156634877],[-97.4637176792647,32.5545956701889],[-97.4593876754776,32.5545256656957],[-97.4505576772846,32.554375666911],[-97.4357076717951,32.5541156684647],[-97.4258676701502,32.5539256665582],[-97.4131276612933,32.5537256655655],[-97.406147664532,32.5536156677985],[-97.3880876627964,32.5534456713553],[-97.3753476547771,32.5533156712537],[-97.3750776551995,32.5533456703613],[-97.3614376561996,32.5531756705641],[-97.3390576436238,32.5528956685485],[-97.3267376439293,32.5527756680457],[-97.317737640032,32.5526756742863],[-97.3115076413228,32.5526056721294],[-97.3067476411245,32.552555668766],[-97.2991476325909,32.552475670869],[-97.2903776366752,32.5523856746769],[-97.2848576342769,32.5523156747413],[-97.2768176264163,32.5522556726458],[-97.2559176222778,32.5519856736706],[-97.2533276293832,32.5519656738619],[-97.250357624484,32.551915678766],[-97.2501276231316,32.5519456778153],[-97.2180576188566,32.5514556719779],[-97.2010576094203,32.5511956777478],[-97.1690176003665,32.5506656816582],[-97.1660076060107,32.5506256747033],[-97.1614176005261,32.5505756825778],[-97.1472575973155,32.5503956750571],[-97.1381424358415,32.5502233535666],[-97.1177575905996,32.5498356773817],[-97.1128475930296,32.5497156770304],[-97.1088875856457,32.5496156784828],[-97.0869675881863,32.5492556798621],[-97.0869675487213,32.5491839645832],[-97.0869535466234,32.5238211422659],[-97.0869535067008,32.5237495099847],[-97.086927575229,32.4767556621113],[-97.0869575753316,32.4263656599853],[-97.0869775763379,32.3849256496066],[-97.0869875705904,32.3652456484002],[-97.086947568998,32.3183356413451],[-97.0869575750838,32.3128456405529],[-97.0869975690877,32.3102556377009],[-97.0870075728662,32.3053056337273],[-97.0869375661985,32.2889756304748],[-97.086897689139,32.2667668035428],[-97.0868975614285,32.2666956305186]]]},"properties":{"FIPS_ST_CNTY_CD":"48251","CNTY_NM":"Johnson"}},{"type":"Feature","geometry":{"type":"Polygon","coordinates":[[[-96.5290074377307,32.5412557072133],[-96.5291774468477,32.5407757053607],[-96.5292192399657,32.5404831185586],[-96.5292274399131,32.5404257034833],[-96.5292218966152,32.5404114431979],[-96.5290874422817,32.5400657031348],[-96.5287874437227,32.5397856997058],[-96.5284374373291,32.5396557034322],[-96.5283274415644,32.5396057072142],[-96.5278074432577,32.5395857004401],[-96.5276074420909,32.5395957000894],[-96.5272474418676,32.5396057064068],[-96.5268474451964,32.5397457054282],[-96.5264374412982,32.5401356990269],[-96.5263174414974,32.5405357031683],[-96.5261874376936,32.5408457017151],[-96.5260374397039,32.5409757004638],[-96.5257374423755,32.5412357001244],[-96.525157441778,32.5415656994972],[-96.5249874444336,32.5415757028809],[-96.5247674417179,32.5415957022863],[-96.5245274432447,32.5415357013163],[-96.5243974367937,32.5415057058831],[-96.5243074435591,32.5414157004788],[-96.5240374394571,32.5411757023399],[-96.5237474420406,32.5406957040128],[-96.5237107641989,32.5403197662886],[-96.5237074398612,32.5402857023906],[-96.5237134238906,32.5402480937138],[-96.5237774368584,32.5398457052388],[-96.5239874359498,32.5393957038718],[-96.5242374407467,32.5389657040276],[-96.5244173798965,32.5383059214705],[-96.5244174404386,32.5383056989234],[-96.5244200379916,32.5382342469646],[-96.5244348442074,32.5378271656229],[-96.5244374443014,32.5377557019623],[-96.5244375032746,32.5377554929314],[-96.5245075697297,32.5375102672988],[-96.5245174449047,32.5374757033032],[-96.5245102287322,32.5374385945929],[-96.5244474393573,32.5371157043272],[-96.5243974374715,32.5367057043664],[-96.5240674422634,32.5364156971121],[-96.5239374422245,32.5363157002201],[-96.5235774362834,32.5360357055136],[-96.5230074405012,32.5357856972267],[-96.5227074358282,32.5356757056133],[-96.5224474405646,32.5356057040754],[-96.5220374428715,32.5354956995805],[-96.5215974393066,32.5354257012549],[-96.5213574400813,32.5353857063007],[-96.52105744383,32.5353857054629],[-96.5206174397549,32.5354057037743],[-96.5203274425054,32.5354057001959],[-96.5201474398061,32.5354056984063],[-96.5199974417435,32.5353057039607],[-96.5199974389342,32.535252581717],[-96.5199974370764,32.5351857035193],[-96.5200001014227,32.5351809063018],[-96.5200474386231,32.5350957049106],[-96.5202274417316,32.5347457053713],[-96.5204474403129,32.5341757023293],[-96.5205336657312,32.5337062484731],[-96.5205374398331,32.5336857037802],[-96.5205363276985,32.5336345747899],[-96.5205274375534,32.5332257020775],[-96.5204474422061,32.5327457004207],[-96.5203674377921,32.532495699806],[-96.5201574404721,32.5322057042675],[-96.5198974415236,32.5319357013319],[-96.5198274389542,32.5318757046194],[-96.5196774395983,32.5317856998923],[-96.5193274334874,32.531595701146],[-96.5189774394852,32.5314857042427],[-96.5187374379,32.5314757025951],[-96.5185374401265,32.5314757002814],[-96.5182074416374,32.5315556994424],[-96.5180574370108,32.5316357017529],[-96.5179074373452,32.5317256972247],[-96.5177174440515,32.5318557030667],[-96.5175174386853,32.5319956995924],[-96.5173774350332,32.5320157014137],[-96.5171574382811,32.5320457026042],[-96.5169174358161,32.5319557032211],[-96.51669743526,32.5318257029607],[-96.5163274401604,32.5316057036972],[-96.5158674347957,32.5314957020881],[-96.5157774338945,32.5315056994026],[-96.5155874367152,32.5315357031845],[-96.5154774414838,32.5316157029777],[-96.515317437213,32.5317557036568],[-96.5151080391905,32.5322343398688],[-96.5151074421137,32.5322357050461],[-96.5151053731115,32.5323060134983],[-96.5150974377607,32.5325757076094],[-96.5150799854459,32.5330643300549],[-96.5150774351365,32.5331357012332],[-96.5150773182894,32.5331360027187],[-96.5149574390802,32.5334457019745],[-96.5147874377888,32.5336857042003],[-96.5147274359035,32.5337657011295],[-96.5145174412391,32.5340757048587],[-96.5143725141553,32.5345394629419],[-96.514367437921,32.5345557073534],[-96.5143698474481,32.5346111364625],[-96.5143774359947,32.5347857019952],[-96.51436743562,32.5351757053875],[-96.5144574407433,32.5354657044586],[-96.5145014330097,32.5358000453921],[-96.5145074394553,32.5358456984191],[-96.5144987663652,32.5358717188639],[-96.5143974345785,32.5361756992333],[-96.5142274353203,32.5362457062104],[-96.5139574357167,32.536335702868],[-96.513667439546,32.5363557062251],[-96.5134474357986,32.5362957010852],[-96.5133374357804,32.5362557029772],[-96.5131474428734,32.5362157024104],[-96.51279743565,32.5361256981197],[-96.5121474405502,32.5359457033036],[-96.5114674369743,32.535785701386],[-96.5111674365141,32.5356557056638],[-96.5110874356624,32.5356057005864],[-96.5108974348291,32.535445699464],[-96.5107774373553,32.5351257001239],[-96.5105874369659,32.5348157019433],[-96.510517435903,32.5347657025179],[-96.5102174407044,32.5345857023835],[-96.5099574388464,32.5343557037022],[-96.509897437378,32.5343057045868],[-96.509787439644,32.5342456971029],[-96.5094274380375,32.5340557001449],[-96.5090174373967,32.5338957006099],[-96.5088674364431,32.5338657040704],[-96.5087774367735,32.5338356976009],[-96.5084374341989,32.5337157024136],[-96.5079274366933,32.5334557022449],[-96.5077774308482,32.5333857043014],[-96.5073674396111,32.533085703253],[-96.507257430448,32.5327656986123],[-96.5072000801439,32.5323259763949],[-96.5071974354826,32.5323057031623],[-96.5072027511697,32.5322543038022],[-96.5072274316811,32.5320157006455],[-96.5073574386447,32.5315056990128],[-96.5076274374638,32.5311757021649],[-96.5077774377353,32.5310957042483],[-96.5079074350798,32.5310257003256],[-96.5082874386494,32.5309457014122],[-96.5089374398347,32.5310557022825],[-96.5091974377998,32.5310456989929],[-96.5093374402231,32.5310457068039],[-96.5095274376609,32.5309657007627],[-96.5097674404806,32.5308657026586],[-96.509847433597,32.5307857008516],[-96.5099674350437,32.5306757006295],[-96.5101674332825,32.5303657037387],[-96.5101834923496,32.5301167831827],[-96.5101874331418,32.5300557007883],[-96.5101861620632,32.5300451113704],[-96.5101274411349,32.5295557018282],[-96.5100006833344,32.5290389460092],[-96.5099974336795,32.5290257059521],[-96.5100033521584,32.5289672723224],[-96.5100726706899,32.5282827908573],[-96.5100774377116,32.528235703492],[-96.5100753405033,32.5282111171668],[-96.5100074378767,32.5274156995574],[-96.5098374379249,32.526975702672],[-96.5096874375001,32.5266956991941],[-96.5093174423013,32.5265156993596],[-96.5091174348134,32.5264857023185],[-96.5088274347154,32.5264257029243],[-96.5084274342763,32.5264457022489],[-96.5081574342143,32.5264457023051],[-96.5076874341061,32.5264057013611],[-96.5074774319993,32.526175705717],[-96.5071974323142,32.5259157009397],[-96.5069274376193,32.5254657034169],[-96.5068574391644,32.5254156997872],[-96.506617435389,32.5252557013033],[-96.5063874330883,32.5249856996764],[-96.5060474347525,32.5248057019597],[-96.5057374390553,32.524895698379],[-96.5055374318768,32.5251756986298],[-96.5054474338777,32.5252957024551],[-96.5053782398979,32.525750421204],[-96.5053774369976,32.5257557000467],[-96.5053755665626,32.5258220948984],[-96.5053594086732,32.5263957427355],[-96.505357438453,32.5264656988792],[-96.5053567353388,32.5264674155003],[-96.5051774381135,32.5269057005034],[-96.504917437522,32.5270657019367],[-96.5046074331,32.5271257004021],[-96.5044474361044,32.5270857031665],[-96.5041374307992,32.527025703605],[-96.5037774345561,32.5268257033523],[-96.5036474320839,32.5267457001766],[-96.5034274365842,32.5264657006322],[-96.5032506464344,32.5260237478156],[-96.5032474311875,32.5260157030466],[-96.5032533224662,32.5259520742014],[-96.5032974337582,32.5254757000464],[-96.5034974326522,32.5249756989159],[-96.5037874365112,32.5244957029208],[-96.5039774372325,32.5240757011526],[-96.5041374348371,32.5235357010687],[-96.5041960637883,32.522871204599],[-96.5041974307277,32.5228556990049],[-96.5041987379077,32.522799531712],[-96.5042074300454,32.5224257013036],[-96.5041674370728,32.5220356999915],[-96.5041176054352,32.5218197618385],[-96.5041074371027,32.5217756983557],[-96.5041202796183,32.5217480880076],[-96.5043074343027,32.521345701619],[-96.5046174335306,32.520975700356],[-96.5049074330745,32.5204657004716],[-96.5050774368841,32.5201157016919],[-96.5051499531734,32.5198709354442],[-96.5051574309669,32.5198457004596],[-96.5051526254794,32.5197992605816],[-96.5051274354795,32.5195556998999],[-96.5050274355734,32.518925701197],[-96.5049197661832,32.5185439674083],[-96.5049174331412,32.518535698602],[-96.5049224386275,32.5184722924968],[-96.5049474304718,32.5181556984624],[-96.5051374371273,32.517935698698],[-96.5053574382256,32.5178557021429],[-96.5054374317041,32.5178756999521],[-96.5056274335073,32.5179157044339],[-96.5059874326262,32.5179656978938],[-96.5061674356088,32.517985699492],[-96.5062974361133,32.51801569988],[-96.5065974342446,32.5180857010655],[-96.5068774327171,32.5180756971316],[-96.5071274374383,32.5179857000893],[-96.5074374387698,32.5176656983897],[-96.5075283380633,32.5173475375291],[-96.5075374331137,32.5173156976215],[-96.5075310095781,32.5172758616413],[-96.5074874376823,32.517005697154],[-96.5071974344672,32.5166557024542],[-96.506887438779,32.5163956948046],[-96.50658743547,32.5163156997199],[-96.5064674347251,32.5162757008836],[-96.5060874318612,32.5161156994061],[-96.5057574329289,32.5160157000758],[-96.5055974323834,32.516025698039],[-96.505297438304,32.516035702434],[-96.5046974307067,32.5160157000917],[-96.5043874337616,32.5159756993018],[-96.5039974320581,32.5158156976845],[-96.5037174379745,32.5155856991308],[-96.5034274331599,32.5152057007802],[-96.5029174397913,32.5145856992153],[-96.502317432505,32.5139356993226],[-96.5017774372505,32.5134956988514],[-96.5014774370589,32.5130957001589],[-96.5013991264364,32.5128118375778],[-96.5013974333073,32.5128056991055],[-96.5014018024748,32.5127401625355],[-96.5014174369323,32.5125056989504],[-96.5014974331965,32.5124057014755],[-96.5016274337335,32.5122456975474],[-96.5018274364483,32.5120756971518],[-96.5019574295817,32.5119456980692],[-96.5020874314292,32.5118656956964],[-96.5022074353836,32.5117956970165],[-96.5024974311478,32.5117556961159],[-96.5026474366303,32.5117357003519],[-96.502887433285,32.5116956983888],[-96.5034774351049,32.5117256972812],[-96.5037374362241,32.5117756989056],[-96.5038774342051,32.5117856966302],[-96.5044774368945,32.5119856966422],[-96.504577431023,32.5120356974634],[-96.5050074362853,32.5122756991659],[-96.5055174328791,32.512875702227],[-96.5059374352816,32.5130556969159],[-96.506407437486,32.5132356970887],[-96.5066174342794,32.5132356992065],[-96.5070074369333,32.5132356961469],[-96.5074774333163,32.5129957001848],[-96.5075774382626,32.5128657004856],[-96.5077774366662,32.5126057005436],[-96.508197432676,32.5119656973568],[-96.5084474325665,32.5117356988968],[-96.5086474361966,32.5114956988654],[-96.5089674371551,32.5113456954754],[-96.509427437048,32.5112756997625],[-96.5098474353793,32.5114256982954],[-96.5102574347713,32.5116057018478],[-96.5106174345235,32.5118756975041],[-96.5109074385314,32.512195699313],[-96.5111274332625,32.5124256986564],[-96.5117274317276,32.513055698382],[-96.5118574356496,32.5131156997182],[-96.5122674389658,32.5133156985942],[-96.5124674395746,32.513275697676],[-96.5126374316921,32.5132357000359],[-96.5128774346909,32.513005698424],[-96.5129974380085,32.5126256937671],[-96.5131474370027,32.5121256972647],[-96.5131958416943,32.5119320781071],[-96.5132074370369,32.5118856987321],[-96.513198509686,32.5118604046224],[-96.5130874315224,32.5115456989407],[-96.5129474370562,32.5113156962158],[-96.5122674360308,32.510765696746],[-96.5120574309141,32.510485699278],[-96.5115874376745,32.5099857020243],[-96.5113774406238,32.5095156979993],[-96.511317437106,32.5090656988892],[-96.5112474315871,32.5084757007481],[-96.5111274357205,32.5079956966353],[-96.5108874344403,32.5075157019576],[-96.5106074344182,32.5069356979371],[-96.5101774370141,32.5060456951627],[-96.5099174343554,32.5054356994247],[-96.509637433946,32.5045356946417],[-96.509417432665,32.5039156970792],[-96.5092274322299,32.5034356927846],[-96.5091885076787,32.5027837068592],[-96.5091874324419,32.5027656961503],[-96.5091911774419,32.5027120321572],[-96.5092174414277,32.5023356958036],[-96.5092245951378,32.5021566967219],[-96.5092274328362,32.5020856953645],[-96.5092272648218,32.5020850228969],[-96.5091574385434,32.5018056975669],[-96.509027432187,32.5015856989204],[-96.5087674296052,32.5013256927789],[-96.5086174372233,32.5012956924265],[-96.5085074356048,32.5012757003653],[-96.5082174337821,32.501225692731],[-96.5080474370115,32.5012556944469],[-96.5078374399547,32.5012956955174],[-96.5073574348404,32.5016156992889],[-96.5071674330751,32.5017756978289],[-96.5069674295569,32.5019656951189],[-96.5065974306686,32.5022456948732],[-96.5062274374978,32.502335698095],[-96.5060474346533,32.5023356959565],[-96.5057574311099,32.5023256989703],[-96.5051574307125,32.5020856951872],[-96.5049574296063,32.502005699589],[-96.5048674398221,32.5019356939929],[-96.504507431161,32.5016057016651],[-96.5040774333312,32.5011756908028],[-96.5037274323835,32.5006556996941],[-96.5035774332325,32.5002056986809],[-96.5034774333187,32.4997556946929],[-96.5031374299673,32.4991756941296],[-96.5029374381516,32.4988156968522],[-96.5028674305408,32.4987056982067],[-96.5022974310608,32.4982156963718],[-96.5019174351115,32.4978456941332],[-96.5014974374374,32.4974856927395],[-96.5012174367553,32.4971356955817],[-96.5008274355407,32.4964456945189],[-96.5006174331326,32.4958456945423],[-96.5005329521627,32.4952918612772],[-96.5005274359328,32.495255695884],[-96.5005356282621,32.4952201882586],[-96.5005874291379,32.4949956924293],[-96.5007474342345,32.4947256981988],[-96.5008274355381,32.4945956958906],[-96.5011174305814,32.4942156928778],[-96.5015474291251,32.4938756996966],[-96.5018074326966,32.4938056961174],[-96.5019774321944,32.4937656903456],[-96.5021374356929,32.4937356909822],[-96.5023674301618,32.4936956920544],[-96.5026474337083,32.4937356989471],[-96.5028174285846,32.4937756956472],[-96.5029774335864,32.4938356924274],[-96.503217430216,32.4939656968894],[-96.5032874320402,32.4939956919124],[-96.5033974348754,32.4940856971365],[-96.503897429798,32.4944256902571],[-96.504067432308,32.4948856940167],[-96.5041974290153,32.4950556971634],[-96.5045274281687,32.4954556975882],[-96.5048174327005,32.4958556942191],[-96.5048507283838,32.4961137172189],[-96.5048574324917,32.4961656952401],[-96.5048480533593,32.4961853920391],[-96.5047574327471,32.4963756964491],[-96.5047074345266,32.496485696041],[-96.504457431188,32.4967956982008],[-96.5043703315881,32.4970657159703],[-96.5043574354249,32.4971056958639],[-96.5043676593994,32.4971373899253],[-96.5044574332168,32.4974156950262],[-96.5046774350276,32.4976056970097],[-96.5050374307754,32.4977456925474],[-96.5054774325046,32.4977156941883],[-96.5056274333378,32.4976556936183],[-96.5057374325353,32.4975956920055],[-96.5061474312923,32.4973856942694],[-96.5064674326254,32.4970556924313],[-96.5071474366364,32.4962456995729],[-96.5073874370896,32.4960056950936],[-96.5077974332218,32.4955756948432],[-96.5079074316453,32.4954556955803],[-96.5080274295965,32.4953756961877],[-96.5082174309961,32.4952456927639],[-96.5083774333624,32.4950156950859],[-96.5084274389373,32.4949456996953],[-96.5087074347612,32.4940856975595],[-96.5088674308878,32.4934456897017],[-96.5089218404582,32.492901645941],[-96.5089274355216,32.4928456945978],[-96.5089245080801,32.4928299689862],[-96.5088474340111,32.4924156910055],[-96.5086774344039,32.4919756920705],[-96.508217433345,32.4915156987645],[-96.5078974334722,32.4910856957878],[-96.5074274360941,32.4907756951654],[-96.5071774348052,32.4905756912654],[-96.5070974319591,32.4905156923948],[-96.5063074330393,32.4901056941535],[-96.5061374382366,32.4900656954532],[-96.505797433051,32.4899856978607],[-96.5055974277444,32.4899756932485],[-96.5054874311226,32.4899656926493],[-96.5053274339048,32.4899656940506],[-96.5050074334844,32.489975695901],[-96.5047774290064,32.4899856978215],[-96.5046274296411,32.4899956956978],[-96.5039674317343,32.490025693436],[-96.5034274378844,32.490015690987],[-96.5030074363656,32.4899456971342],[-96.5029274328357,32.4899056951884],[-96.5026674273327,32.489775698384],[-96.5024774327406,32.489595693935],[-96.5022674314771,32.4892456930715],[-96.5021574338505,32.4890156919888],[-96.5020984735264,32.4886717560178],[-96.5020974358637,32.4886656964972],[-96.502101149373,32.4886000809259],[-96.5021274315283,32.4881356906291],[-96.5022374273324,32.487815698396],[-96.5024374292631,32.4874956961821],[-96.502567430781,32.4874056924282],[-96.5026874305193,32.4873156916433],[-96.5028574327715,32.4872356956524],[-96.5030374286249,32.4871456953815],[-96.5033374374703,32.487095692384],[-96.5035274361704,32.4870556937461],[-96.5038674325056,32.4870756958751],[-96.50439743772,32.4871056920448],[-96.5047374296091,32.487085695237],[-96.5049474360481,32.4870256948557],[-96.5051874366528,32.4868856918104],[-96.5053574330052,32.4867856919342],[-96.5060974307867,32.4862756903171],[-96.5080674338064,32.4850956928661],[-96.5084474281022,32.4847656917513],[-96.5087774351421,32.4844856952328],[-96.5092974372542,32.4840956940048],[-96.5095074319597,32.4839056930299],[-96.5098174350554,32.4836356900895],[-96.5101074304225,32.4833156954269],[-96.5102974333605,32.4829656883251],[-96.5103577585342,32.4826813274705],[-96.510367437325,32.4826356954376],[-96.5103604257659,32.4826096519145],[-96.5102974337514,32.4823756934203],[-96.51009743564,32.4819456901143],[-96.5098474316226,32.4814656954888],[-96.5095074342898,32.4811756939007],[-96.5094274337114,32.4811156960316],[-96.5091874345269,32.4809056963385],[-96.5089674296789,32.480815693152],[-96.5088674329506,32.480785694502],[-96.5079974303219,32.4804256912839],[-96.5074574348277,32.4801856957991],[-96.5068474303852,32.4798156876734],[-96.5063974281063,32.4794356892001],[-96.5059974299931,32.4790156909119],[-96.5056374335042,32.4786056930993],[-96.5050974316952,32.4782556921442],[-96.504817433845,32.477965691631],[-96.5044474337562,32.4775656894857],[-96.5041674309094,32.4771256900845],[-96.5040874326954,32.4768856910081],[-96.5039574328312,32.476325689287],[-96.5039474373736,32.4753156895893],[-96.5039074351493,32.4748456889094],[-96.5037574300743,32.4743556944319],[-96.5037174311422,32.4742356913916],[-96.5035574306663,32.4738856919062],[-96.5033074346871,32.473425694707],[-96.503117433984,32.4729456880718],[-96.5028874295603,32.4724956939549],[-96.5025074317909,32.4716456900083],[-96.5021674333205,32.4709356889553],[-96.5018674316053,32.4705056918652],[-96.5016074328578,32.4702356896397],[-96.5011774341927,32.4697856947367],[-96.5009874283511,32.4696756877249],[-96.5005774275071,32.4694256911739],[-96.5001874272628,32.4692456878374],[-96.5000474296164,32.4691956881288],[-96.4996174300013,32.4690856868411],[-96.4994174299069,32.4690756878407],[-96.4990274342216,32.4690656942912],[-96.4984774283642,32.469045691343],[-96.4982174327994,32.4690356873321],[-96.4980874261752,32.4690156931317],[-96.497787429453,32.4689756939562],[-96.4974274297908,32.4688556943994],[-96.497277432928,32.4687956944262],[-96.4971174353827,32.46872568704],[-96.4966974265599,32.4685456906469],[-96.4961174283586,32.4683156906022],[-96.495987431335,32.468265691983],[-96.4950174295778,32.4678456900621],[-96.4942774254413,32.4674456886469],[-96.4938774341183,32.4672056876519],[-96.4935774270635,32.4668956903164],[-96.4932874274117,32.4664756895632],[-96.4931274340626,32.4660356902952],[-96.4930639878845,32.4657638012883],[-96.4930574274923,32.4657356913729],[-96.4930666678517,32.4656921254191],[-96.4931274254047,32.4654056905033],[-96.4932374294732,32.4649656905947],[-96.493487428351,32.4646156894888],[-96.4937074306455,32.46427569241],[-96.4937974254783,32.4641456891931],[-96.4939174242444,32.4640556922496],[-96.4940574311395,32.4639556924229],[-96.4942874272678,32.4636956897304],[-96.4945274272932,32.4634356897083],[-96.4946674259345,32.4631256886658],[-96.4947374286468,32.4623656905004],[-96.4948374296244,32.4614456938846],[-96.494919531764,32.4610351853051],[-96.4949274318348,32.46099569322],[-96.494922212342,32.4609635083665],[-96.494867428839,32.4606256913049],[-96.4947174291206,32.4600956881503],[-96.4945274278552,32.4596656870503],[-96.4943474302386,32.4594656858118],[-96.4939474307074,32.4590356901223],[-96.4937274302063,32.4587156865264],[-96.4935574301054,32.4582656896141],[-96.493347603402,32.4579059839293],[-96.4933474289873,32.4579056872762],[-96.4933502839931,32.457834307775],[-96.4933574267724,32.4576556892156],[-96.4933874246694,32.4572856890351],[-96.4934574313734,32.4570556870114],[-96.4935474229424,32.4569756854063],[-96.4936874270197,32.4568356884547],[-96.4940374276841,32.4566256871945],[-96.4945774262858,32.4564056858471],[-96.4949874295164,32.4561856892252],[-96.4955074354443,32.4558456854782],[-96.4962474249817,32.4555256918604],[-96.4964874341601,32.4554056908987],[-96.496737424931,32.4552856846061],[-96.497147430881,32.4550856895606],[-96.4972774264721,32.4549756885531],[-96.4974674306004,32.4548456880037],[-96.4976474328415,32.4546356878952],[-96.4977074299649,32.4545556852834],[-96.4978074277522,32.454485687343],[-96.497927431266,32.4544056868124],[-96.4980774273513,32.4541856930775],[-96.4981474256107,32.4541156912251],[-96.4982359054434,32.45373524228],[-96.49824743098,32.4536856845028],[-96.4982385832787,32.4536635649879],[-96.4981874273788,32.4535356850301],[-96.4981274335547,32.4533856857749],[-96.4980574344037,32.4532756863847],[-96.4979874305427,32.4531856850495],[-96.497747429535,32.4531156885626],[-96.4976574279807,32.4530956853376],[-96.4974974301208,32.4531056835911],[-96.497277427738,32.4531256901191],[-96.4971374265285,32.4531856844941],[-96.496977429894,32.4532556858927],[-96.4968074258335,32.453275686676],[-96.4964574229774,32.4533356867232],[-96.495767434073,32.4532856878832],[-96.4951974266607,32.453305688894],[-96.4948374257703,32.4532856905494],[-96.4945874313699,32.4532756846613],[-96.4940474281617,32.4531756884948],[-96.4933874313205,32.4529356870846],[-96.4928174289364,32.4526856885829],[-96.4925774298949,32.4525656904296],[-96.4922374258849,32.4522856882002],[-96.491927426262,32.4522456866929],[-96.4914874284646,32.4520456860539],[-96.4906374267364,32.4520456872295],[-96.4898474243812,32.4519956901559],[-96.4894974276249,32.4518756889124],[-96.4891274239381,32.451595686968],[-96.4888174285787,32.451425690927],[-96.488677421691,32.4513356871278],[-96.4883574254846,32.4510156855774],[-96.4880274277249,32.4508756869932],[-96.4878574293164,32.4508856843033],[-96.4876274227424,32.4509556856322],[-96.4874474262534,32.451205692128],[-96.4870774264186,32.4515956881941],[-96.4866974275468,32.4518556888193],[-96.4858674282478,32.4520056878474],[-96.4857274275295,32.4520056851859],[-96.485527428177,32.4519956891134],[-96.4849374242872,32.4516756890363],[-96.4844774246206,32.451235685798],[-96.4843574245325,32.4511156874782],[-96.4839274311594,32.4505956866426],[-96.4837474261176,32.4499356885186],[-96.4836774205946,32.4492256865741],[-96.4835874280067,32.4485656863968],[-96.4833774237292,32.4475956878822],[-96.4832574261348,32.4471256894806],[-96.4832674280729,32.4467656890949],[-96.4832753675554,32.446495704413],[-96.4832774281447,32.4464256914973],[-96.4832780565475,32.4464240289529],[-96.4834174215599,32.4460556886577],[-96.4835674277727,32.4458456860172],[-96.4837274276292,32.4456256912986],[-96.4840474245511,32.4453256881427],[-96.4842574263636,32.4450356895458],[-96.4843774236797,32.4448656846232],[-96.4844634971536,32.444569202078],[-96.4844674225,32.4445556857612],[-96.4844661841516,32.4444975255869],[-96.4844574239016,32.4440856887815],[-96.4843074290534,32.4437856873306],[-96.4840474259338,32.4433556852183],[-96.4835674266148,32.4428056865192],[-96.4834174204903,32.4426356867456],[-96.483277424545,32.4425156843037],[-96.4829174261233,32.4422356911803],[-96.4823974245579,32.441725685803],[-96.4822574300304,32.441595683855],[-96.48171742044,32.4410456892976],[-96.4813474226773,32.4404856853763],[-96.4811174207851,32.4398456825969],[-96.4809374220887,32.4390456837633],[-96.4807874233671,32.438615683954],[-96.4806174254059,32.4380856885943],[-96.4803874200806,32.4376356826247],[-96.4799474258921,32.4370556855374],[-96.4798074203432,32.4369156862239],[-96.4792374210278,32.4363656865195],[-96.4789474279718,32.436045686076],[-96.4788674288542,32.4359556894736],[-96.4785674277045,32.4354756844696],[-96.4783474251119,32.4352156887018],[-96.4781774211379,32.4350056850494],[-96.4777674216102,32.4346456876439],[-96.4772374245701,32.434325687671],[-96.477147421183,32.4342656795641],[-96.4767874229982,32.434035681413],[-96.4762374240166,32.4338556843639],[-96.4760774226104,32.4338056851491],[-96.4759474232184,32.4337656822509],[-96.475447424113,32.4336056846549],[-96.4751074180819,32.4335156876905],[-96.4749974199413,32.4334856840978],[-96.4748874213099,32.4334456847244],[-96.4745374249807,32.4333256840643],[-96.4739574231159,32.4330956857653],[-96.4728574153141,32.4326156845455],[-96.4722974226864,32.4323856828199],[-96.4717174241556,32.4321356846607],[-96.4712774245657,32.4318656843863],[-96.4707074223431,32.4315456865623],[-96.4703074175152,32.4312056844059],[-96.469777422389,32.4308256853959],[-96.4690374167211,32.4304256846725],[-96.468717417033,32.4302356846961],[-96.4682574174743,32.4299556839485],[-96.4679974166328,32.429765683604],[-96.4678274191866,32.4296556819233],[-96.4670274200651,32.4292356823431],[-96.4662174166019,32.4288156839588],[-96.465687420788,32.428405681641],[-96.464857416887,32.4278656832741],[-96.4643474179466,32.4274556874203],[-96.4636174173252,32.4269656860009],[-96.4629674195219,32.4266256821029],[-96.4628274227918,32.4265756815586],[-96.4625174201914,32.4264956862868],[-96.4623174150108,32.4264256855537],[-96.4622374160361,32.426395683756],[-96.4620574208087,32.4263756880921],[-96.4616574127114,32.426335679468],[-96.4613874199292,32.4263056792448],[-96.4611874158785,32.4262756805609],[-96.4602974209381,32.4259556825555],[-96.4601974180696,32.4259156830452],[-96.4598974209396,32.4257756828904],[-96.4594774164313,32.4255956856477],[-96.4593274185669,32.4255356859948],[-96.458557419139,32.4250656872425],[-96.4577474198764,32.4246356846672],[-96.4571474142055,32.4243956861668],[-96.4569774176908,32.424375682926],[-96.4566974158039,32.4243156846601],[-96.4564374196222,32.4243256855475],[-96.4562674158727,32.4243256835738],[-96.4558574130053,32.4242756849912],[-96.4557074124191,32.4242256857553],[-96.4552074169842,32.424065684379],[-96.4546774210756,32.4240056882021],[-96.4543774129875,32.4239756841738],[-96.4537774157018,32.423895682071],[-96.4530974130182,32.4238656809089],[-96.4528274144679,32.4239556824574],[-96.4525274157905,32.4240256820024],[-96.4522374190171,32.4241056821315],[-96.4521274148743,32.4241656801934],[-96.4520274167845,32.4242156852702],[-96.4518574144627,32.4243956822143],[-96.4516874164161,32.4247356866643],[-96.4515674142921,32.4248156830805],[-96.4514474160288,32.4248856837078],[-96.4509074182492,32.4248656824576],[-96.4505474139584,32.4246656883151],[-96.450187415109,32.4243156858729],[-96.45005741965,32.4239856879993],[-96.449967858558,32.423746863247],[-96.4499674140975,32.4237456814444],[-96.4499705702117,32.4236751875407],[-96.44999425245,32.423146262928],[-96.4499974140366,32.4230756796609],[-96.4499969640662,32.4230745871982],[-96.4499074109125,32.4228556853792],[-96.4498174161562,32.4224756806368],[-96.4497074119607,32.422335682878],[-96.4494074171646,32.4220356858789],[-96.4489574126332,32.4217156788434],[-96.4480674173338,32.4212256880347],[-96.4477374185638,32.4209156817227],[-96.4474874193617,32.4206256790632],[-96.4470874116057,32.4204256808082],[-96.4468074120062,32.4202556777655],[-96.4465474156206,32.4200456818182],[-96.4463174111871,32.4199356863397],[-96.4461074096983,32.419695682432],[-96.4460674122888,32.4196456887597],[-96.4460074100783,32.4196056843665],[-96.4458074166994,32.4194856839151],[-96.4455974154984,32.419385684007],[-96.4453974142216,32.4192556805094],[-96.4451674109428,32.4190256867755],[-96.4448474123355,32.4188156854927],[-96.4442574146101,32.4184156833443],[-96.4436174156507,32.4180156812109],[-96.4431574128393,32.4176756835861],[-96.4429274157667,32.4174956820486],[-96.4427874125806,32.4173856838078],[-96.4426774083368,32.4173456811983],[-96.4424674130218,32.4172556827756],[-96.4420174149973,32.4171056833812],[-96.4418774103333,32.4170056844309],[-96.4415474112281,32.4167656824168],[-96.4414774163855,32.4167156801796],[-96.4411974128368,32.4164356797743],[-96.4409774142081,32.4161756840133],[-96.4407574123443,32.415715684541],[-96.4405374130892,32.4149956862231],[-96.44038740997,32.4144556826566],[-96.440277406447,32.4140856847153],[-96.4398874172964,32.413615679408],[-96.4394074123344,32.4131156809351],[-96.4391674121495,32.4128656850645],[-96.4390874153391,32.4127956848486],[-96.4387074141818,32.4124756840429],[-96.438257408836,32.4122056834474],[-96.4381574101689,32.4121656842838],[-96.4379174090957,32.4120856810863],[-96.437727408732,32.4120756833903],[-96.437657414597,32.412065683215],[-96.4372874119157,32.4120456861048],[-96.4370874093528,32.4120956823964],[-96.4369674110705,32.4121556858821],[-96.4368074163266,32.4122356808005],[-96.4366074166612,32.4122956822878],[-96.4362874144076,32.4122756813002],[-96.4359774123351,32.4122356790707],[-96.4357874090908,32.4122156825742],[-96.4356474163486,32.4121856786538],[-96.4354374112291,32.4121456835578],[-96.4350774068574,32.4119856845877],[-96.4349174095419,32.4118056842475],[-96.4346874082423,32.411435681189],[-96.4345674108851,32.4111356825241],[-96.4345748723591,32.4109269098967],[-96.4345774163974,32.4108556820064],[-96.434577595399,32.4108552340214],[-96.4346574120016,32.4106556798933],[-96.4347374095305,32.4104056792312],[-96.4348674107247,32.4102856793393],[-96.4349974152397,32.4101556844017],[-96.4353774109599,32.4096356814184],[-96.435727416734,32.4091956843598],[-96.436267413005,32.4087856791209],[-96.4372474080958,32.4082756817936],[-96.437397409612,32.4081556818129],[-96.4375974059775,32.4079856842985],[-96.437877416287,32.4074056817764],[-96.4379492252901,32.4071004713931],[-96.4379574085747,32.4070656812474],[-96.4379519467064,32.4070287953311],[-96.4379174136516,32.4067956784627],[-96.4375274124267,32.4064756785067],[-96.4374374131713,32.4064056810356],[-96.4371774114051,32.4060956830339],[-96.4367574143196,32.4056156833427],[-96.436567411723,32.4050856843559],[-96.4365327462389,32.4048083588372],[-96.4365274111428,32.4047656846228],[-96.4365354697693,32.4047366818439],[-96.4365774127078,32.4045856818447],[-96.4367374118377,32.4043456809427],[-96.4371974098621,32.4037656792314],[-96.4375974094821,32.4033156784358],[-96.4383074109614,32.4025856808744],[-96.4384674120884,32.4024856807289],[-96.4385874150746,32.4024256778561],[-96.4390274115248,32.4018256809363],[-96.4395074118972,32.4011356825851],[-96.4398174088552,32.4004356808557],[-96.4398526385571,32.4002243000411],[-96.4398574080009,32.400195679964],[-96.4398553594191,32.4001526228048],[-96.4398474097847,32.3999856835625],[-96.4396974125436,32.3996956825468],[-96.4393074083481,32.3993756805684],[-96.439177411365,32.3992756782525],[-96.4387974114412,32.398945679813],[-96.4386174129458,32.3986056805357],[-96.4384574079638,32.3980556809463],[-96.4383774072799,32.3976956741902],[-96.4383274097634,32.3974356775315],[-96.4382574112914,32.397185678071],[-96.4382374106654,32.3966056797193],[-96.4382574144153,32.3960156781952],[-96.4382274072551,32.3956856779801],[-96.4381274051693,32.3952256812489],[-96.4379174108897,32.3944156818601],[-96.4378874109801,32.3941456781625],[-96.4377974077364,32.3938856749035],[-96.4376374084731,32.3935256779667],[-96.4374374060915,32.3933256785534],[-96.4373674117924,32.3932956794198],[-96.4372374138726,32.3932356802131],[-96.4369874119226,32.3931956820931],[-96.4368174131966,32.393155680226],[-96.4367474060399,32.3931356791053],[-96.4365074073321,32.3929756788169],[-96.4362074089999,32.3927556778756],[-96.4358674118622,32.3923256761152],[-96.4357374092642,32.3920856793055],[-96.4356274051954,32.391885675371],[-96.4355074137309,32.3913356743642],[-96.4353074080123,32.3908856758871],[-96.4350674052577,32.3903156748801],[-96.4347974093159,32.3899356784079],[-96.4345574063764,32.3895556763846],[-96.4345574096966,32.3893982920024],[-96.4345574103193,32.3893456750439],[-96.4345601332239,32.3893266144395],[-96.434587406867,32.3891356742332],[-96.4347374106118,32.3889256783333],[-96.4350374085181,32.3888256814909],[-96.4354074110286,32.3888456796057],[-96.4358774084318,32.38893567495],[-96.4363274063181,32.3891456787389],[-96.4368874106891,32.3894656811961],[-96.4371774111436,32.3895856746604],[-96.4372974106756,32.389615676802],[-96.4375574154844,32.3896856793707],[-96.4378874063373,32.3897156800955],[-96.4383774091979,32.3895956757005],[-96.438677409068,32.3894156826468],[-96.4387746903042,32.3892016627953],[-96.4387774092686,32.3891956805395],[-96.438777409507,32.3891299860109],[-96.4387774119045,32.3888656820256],[-96.4386174095393,32.3885756771236],[-96.4384874074933,32.3884856798489],[-96.4380874122771,32.3882456779614],[-96.4377974069987,32.3880856759276],[-96.4376274080766,32.388055680725],[-96.4374674070859,32.3879956767193],[-96.4370574112251,32.3878156734885],[-96.4362674124786,32.3874556794422],[-96.4359374072236,32.387235679786],[-96.4357374044548,32.3869456807014],[-96.4357374074378,32.3865842036808],[-96.4357374097419,32.3865156778454],[-96.4357401299825,32.3865125259877],[-96.4359274153729,32.3862956809478],[-96.4359974112262,32.3861956748514],[-96.4361974124552,32.3860456754524],[-96.4363674081851,32.3859056757906],[-96.4366774109762,32.385665680761],[-96.4369974112952,32.3854356777391],[-96.4374074162321,32.3852256765334],[-96.4378774080028,32.3848956761447],[-96.4382874048734,32.3845156779083],[-96.4384274094503,32.3843556775017],[-96.4386874113099,32.3840856756155],[-96.438937408964,32.3835456758263],[-96.4390295904785,32.3832414756584],[-96.4390374077053,32.3832156767554],[-96.4390323104467,32.3831697968682],[-96.4390074080165,32.382945675343],[-96.4388274079098,32.3825356777171],[-96.438377410462,32.3815856768738],[-96.4378774080114,32.3808256757665],[-96.4378074068622,32.3806156730489],[-96.4376374052157,32.3800956759409],[-96.4374874091639,32.3797156784413],[-96.4374289699921,32.3794331940431],[-96.4374274136546,32.3794256729803],[-96.4374316910379,32.3793615160469],[-96.437447412662,32.3791256768502],[-96.4375374140658,32.3788956738127],[-96.4377374107645,32.378635670788],[-96.4379074118203,32.3785256772492],[-96.4382074108027,32.3783356773321],[-96.4383674106083,32.378295674339],[-96.4385374096292,32.3782556768358],[-96.4389474064575,32.3782256750009],[-96.4392474075382,32.3782656736674],[-96.4394374116342,32.3782856764004],[-96.4395974115501,32.3783356726717],[-96.4399174101736,32.3784456787182],[-96.4404274096494,32.3787156751959],[-96.4405674123431,32.3788056732638],[-96.441147414749,32.3789656785087],[-96.4414874152177,32.378955674744],[-96.4419974142591,32.3788356794237],[-96.4424774093662,32.3787156703494],[-96.4430674124975,32.3785756786962],[-96.4436874086605,32.3784756771332],[-96.4443874140091,32.3784456782935],[-96.4447074115794,32.3784056755816],[-96.445037406716,32.3782556781899],[-96.4451674090659,32.378025672174],[-96.4452521963108,32.3778561012555],[-96.4452674101416,32.3778256738298],[-96.4452549113719,32.3777844221343],[-96.4451674101329,32.3774956752973],[-96.444997411603,32.3770356724649],[-96.4448274091296,32.3766256738541],[-96.4447988983386,32.3763785516701],[-96.4447974121623,32.3763656775148],[-96.4448016125705,32.3763068742803],[-96.4448174147076,32.3760856717549],[-96.4449374074305,32.3758556765545],[-96.4449874099233,32.3757956757129],[-96.4451274107046,32.3756056788508],[-96.445487410589,32.3754156739131],[-96.4458074095332,32.3753456724439],[-96.4461874073658,32.3753156788644],[-96.446497412243,32.3754056782523],[-96.4467574109523,32.3755656734511],[-96.4468274089232,32.3756156711668],[-96.4470974149868,32.3758056744547],[-96.4474874161766,32.3762156749629],[-96.447807410694,32.3763956755468],[-96.4478974091438,32.3764556759831],[-96.4482774124615,32.3764056761367],[-96.4485074057079,32.376215674193],[-96.4485972411875,32.3759262309551],[-96.4485974112841,32.3759256769397],[-96.4485999535364,32.3758545544013],[-96.448607415824,32.3756456731911],[-96.4485474146606,32.3754956728602],[-96.4482874109706,32.3751256744789],[-96.4482074117461,32.3748556706626],[-96.4480674102151,32.374385675789],[-96.4479274139779,32.3736756748449],[-96.4477474096584,32.3728856746555],[-96.4476274118094,32.372635677448],[-96.44758741214,32.3725956784901],[-96.4473974118,32.3724156724909],[-96.4471574133762,32.3722556737659],[-96.4468074139811,32.372125671933],[-96.4466774103902,32.3720956779592],[-96.4462774081927,32.3719256747044],[-96.4461174153562,32.3718456792315],[-96.4456674102292,32.3715856726288],[-96.4450074146578,32.3713156764329],[-96.4447674144495,32.3712356769399],[-96.444647408234,32.3711956736916],[-96.4445374119255,32.3711356692232],[-96.4442574048964,32.370975674263],[-96.4440274120031,32.3705456700539],[-96.443970365823,32.3701748870171],[-96.4439674103762,32.3701556756585],[-96.4439730805424,32.3701032085106],[-96.4440074071784,32.3697856767117],[-96.4441274132886,32.3695856721386],[-96.4442674104287,32.3694756743141],[-96.4444574146425,32.3693456709541],[-96.4447974133466,32.3692056785059],[-96.4453174062802,32.3690956732358],[-96.4454774096952,32.3690656734],[-96.4457374136921,32.3690356700725],[-96.4460574149152,32.3690656763813],[-96.4461874076256,32.3690956735555],[-96.446387413332,32.3691756755914],[-96.4466974097437,32.3693356766806],[-96.4469674111095,32.3694856760753],[-96.4471574095575,32.3696856734775],[-96.4473374117224,32.3700056737957],[-96.4473974116983,32.3703756758846],[-96.4474774107016,32.3706056767673],[-96.4478174119086,32.3709556762489],[-96.4479174082531,32.3709556711076],[-96.4480274129198,32.3709456750347],[-96.4481474089979,32.3708656758108],[-96.4483074143749,32.3707656737505],[-96.4483632049513,32.370440221776],[-96.4483674136107,32.3704156717066],[-96.4483659162904,32.3703685440909],[-96.4483474127251,32.3697856752561],[-96.4482674134852,32.3695156742246],[-96.4480274119962,32.3693456696797],[-96.4478874138761,32.3692656770131],[-96.4473174108686,32.3689356725728],[-96.4471574064698,32.3687256734628],[-96.447130223212,32.3682724991779],[-96.4471274124384,32.3682256737512],[-96.4471329354299,32.368200821438],[-96.4472274121497,32.3677756740713],[-96.4473374115862,32.3674556756013],[-96.4474174092289,32.3672956726316],[-96.447677411718,32.3670556723752],[-96.4478974117453,32.3669156784708],[-96.4480974135553,32.3668556710761],[-96.4482274089163,32.3668156719889],[-96.4484374130771,32.3667356733224],[-96.4489874081601,32.3667556731844],[-96.4493274139629,32.3668556724426],[-96.4494174108174,32.3669056716891],[-96.4496474120608,32.3670256732552],[-96.4499274146676,32.3673956688886],[-96.449987409454,32.3674456756575],[-96.4501974116921,32.3676956744135],[-96.4503374143905,32.3677856726405],[-96.4503774120842,32.3678256717283],[-96.450827412043,32.3679956724799],[-96.4511774128969,32.3681356755582],[-96.4514274124794,32.3683256711994],[-96.4514816573367,32.36864209459],[-96.451487412481,32.3686756719236],[-96.4514789462638,32.368713773249],[-96.4514274171067,32.3689456761002],[-96.4512874092414,32.3690656735666],[-96.4511674076138,32.3691756736527],[-96.4510074093641,32.3692756712075],[-96.450847411852,32.3693556691985],[-96.450697410089,32.3694756749821],[-96.4505374136702,32.3696456716981],[-96.4504547404548,32.369829391337],[-96.4504474130376,32.3698456756032],[-96.4504520296618,32.3699010690566],[-96.4504674144016,32.3700856706896],[-96.4505474075974,32.3703256762899],[-96.4506674166221,32.3705356761372],[-96.4508074148326,32.3709056738],[-96.4511874122802,32.3710856748828],[-96.4515674080124,32.3711056779978],[-96.4517174109394,32.3710956732602],[-96.4519174126405,32.3710756749626],[-96.4520274091513,32.3710156723621],[-96.4521774120381,32.3709556750086],[-96.4523374131234,32.3707956780344],[-96.4524065599304,32.3705585904401],[-96.4524074082995,32.3705556747386],[-96.4524092692502,32.3704869127044],[-96.4524174100704,32.3701856738893],[-96.4523836805547,32.3700254467514],[-96.4523774117669,32.369995669347],[-96.4523863898766,32.3699537689962],[-96.4524074086291,32.3698556749655],[-96.4524774094738,32.3697656724586],[-96.452577415699,32.3696256738225],[-96.4528774088424,32.3693456742204],[-96.4530474154159,32.3691956762987],[-96.4535674130228,32.3687956691914],[-96.4537774134095,32.3684956723125],[-96.4539022349257,32.3680155719583],[-96.453907409162,32.3679956736022],[-96.4539049430986,32.3679438922909],[-96.4538874111508,32.367575674634],[-96.4538374144189,32.3673056718523],[-96.4536974131051,32.3671256720456],[-96.4535374142347,32.3670556759262],[-96.4532074130614,32.3669256744519],[-96.4531374103719,32.3668956728005],[-96.4527874085233,32.3668356733539],[-96.4524274106957,32.3667556716934],[-96.4522774127916,32.3666856732458],[-96.4518574147033,32.366505670087],[-96.4515174135528,32.3663156729587],[-96.4513774097758,32.3661956731247],[-96.4511874173362,32.3660456712494],[-96.450797412807,32.3656156703765],[-96.4504974130297,32.3652056704878],[-96.4503674104727,32.3650556715036],[-96.4501874104286,32.364885674066],[-96.4501798942545,32.3647127503798],[-96.4501774132759,32.364655674794],[-96.4501826062036,32.3646410715994],[-96.4503374126226,32.3642056716594],[-96.4506374147465,32.3638256751936],[-96.4508874097795,32.3635756728816],[-96.4509674074659,32.363525670982],[-96.4510274123387,32.3634856693223],[-96.4511374132262,32.3634256693909],[-96.4512774075031,32.3633456759166],[-96.4515474146031,32.3632856715928],[-96.4517174113297,32.3632556688991],[-96.4518874056147,32.3632256713434],[-96.4521074114771,32.3631756753825],[-96.4522674095969,32.3631356766259],[-96.4525974155106,32.3630056721931],[-96.4529374086491,32.3628756712381],[-96.4530874129503,32.3627756750038],[-96.4531974137793,32.3627056682218],[-96.4533474085702,32.3625856701805],[-96.4535174142367,32.3624456684625],[-96.453907418394,32.3621756732123],[-96.4543674143224,32.3620456692556],[-96.4544574101809,32.3619856745442],[-96.454537415827,32.361925673706],[-96.4546531897915,32.3616651771912],[-96.454657413891,32.3616556729725],[-96.4546558982719,32.361593497302],[-96.4546474119494,32.3612456733209],[-96.454537415965,32.3611056717949],[-96.4543074095514,32.3609656768588],[-96.4542374108386,32.3609256696454],[-96.4539874147214,32.3607656730539],[-96.4537574099395,32.3605456720283],[-96.453677407553,32.3605056697454],[-96.453357410944,32.3603456740074],[-96.4529974165712,32.3600256703498],[-96.4527574089896,32.3597756751702],[-96.4523874103385,32.3594356707722],[-96.4523511677272,32.3591185467245],[-96.4523474100118,32.3590856681736],[-96.4523538767933,32.3590468676632],[-96.4523874080479,32.3588456704361],[-96.4524974083401,32.3587456703859],[-96.4525774091091,32.3586756708129],[-96.4528774133349,32.3585256748148],[-96.4530474153573,32.3584756739239],[-96.4532074125445,32.3584256671429],[-96.4534674133873,32.3583456692742],[-96.4536174115142,32.3580756729489],[-96.4536798584079,32.3578169624852],[-96.4536874127433,32.3577856673568],[-96.4536825664222,32.3577452833482],[-96.4536574135135,32.3575356707139],[-96.453567414881,32.3572856698865],[-96.4532274117091,32.3569956697846],[-96.4529574172954,32.3566856731417],[-96.4527074148356,32.3564856714675],[-96.4524374110405,32.3563256724194],[-96.452217414105,32.3559956753283],[-96.4519874105231,32.3557056719012],[-96.4516774083569,32.35543566654],[-96.4513574118044,32.3552456728433],[-96.4512374083554,32.3551756720075],[-96.4510874086237,32.3550856689456],[-96.4507974151576,32.3549356719989],[-96.4504674130698,32.354995674322],[-96.4501974123072,32.3550456728193],[-96.4499174118979,32.355105671975],[-96.4497674106325,32.355155667744],[-96.4495774084673,32.3552256739068],[-96.4494274140385,32.3552256697102],[-96.4491974078112,32.3552156699355],[-96.4490474142901,32.3551656691668],[-96.4489774086907,32.355135671073],[-96.4486974072932,32.3549256718503],[-96.4485574090703,32.3546456687138],[-96.4484961881168,32.3543220715777],[-96.4484874098843,32.3542756707696],[-96.4484988999871,32.3542503924198],[-96.4485874120046,32.3540556705789],[-96.4487174119566,32.3539156744428],[-96.4489274101287,32.3537556687004],[-96.4490874077383,32.3533956674419],[-96.4492310860803,32.3530795756943],[-96.4492374066113,32.3530656685213],[-96.4492337973537,32.3530078964754],[-96.4492174113683,32.3527456719303],[-96.4491474165772,32.352425669457],[-96.4490587411071,32.3522286337172],[-96.449057408054,32.3522256703085],[-96.4490614535855,32.3521569535966],[-96.4490674136393,32.3520556699677],[-96.4491174153364,32.3517356735374],[-96.4491374125388,32.3514456686289],[-96.4493074103181,32.3512656725899],[-96.4495374084382,32.3511156683094],[-96.4497374066523,32.351005669734],[-96.4501074110729,32.3509756731715],[-96.4501974117197,32.3509856682018],[-96.4504874128681,32.3510356649248],[-96.4508974127779,32.351225673604],[-96.4511974142761,32.3514956697826],[-96.4512574104946,32.3515556701324],[-96.4516974084278,32.3519856726495],[-96.4521174139412,32.3525156692332],[-96.4523574070204,32.3526556691306],[-96.452417407661,32.3526956676285],[-96.4525974093576,32.3527456735431],[-96.4531074135794,32.3528656673922],[-96.4534174111017,32.3529156674716],[-96.4535774098032,32.3529356687513],[-96.4541274120217,32.3529356697779],[-96.4545274141886,32.3529156703637],[-96.4546874089184,32.3527156652835],[-96.4548030795346,32.3522337181397],[-96.4548074119125,32.3522156670317],[-96.4548057865305,32.3521620387739],[-96.4547974091691,32.3518856689915],[-96.4545874123248,32.3515556687805],[-96.4543074095785,32.351105668457],[-96.4540674130168,32.3506956705703],[-96.4540474138657,32.3500856691398],[-96.4539674178357,32.3496056715874],[-96.4538274135294,32.3489556702676],[-96.4535574083271,32.3484856696714],[-96.453347410997,32.3482156698546],[-96.453127412585,32.348145667234],[-96.4527274140299,32.3480356663635],[-96.4523174129671,32.347885669262],[-96.4520974127544,32.3476456717552],[-96.4519274126851,32.3474456643444],[-96.4518742884138,32.3471091986941],[-96.4518674155197,32.3470656675614],[-96.4518769985271,32.3470375201331],[-96.4520274167143,32.3465956669853],[-96.4521083119495,32.3462001737469],[-96.4521174140209,32.3461556683578],[-96.4521110197304,32.3461284950898],[-96.4520774103721,32.3459856732142],[-96.4520274163192,32.3456156700243],[-96.4518374102188,32.3452556716955],[-96.4516674064384,32.3449256685348],[-96.4513074105237,32.344635670703],[-96.4511274151998,32.3445656692137],[-96.4508174133154,32.3444456701316],[-96.4501174122449,32.3443756690854],[-96.4497774118153,32.3443256705354],[-96.4495574066431,32.3444056695162],[-96.4493474116128,32.344495672307],[-96.4488674090289,32.3446556712585],[-96.4487974139364,32.3448856694183],[-96.4486574165161,32.3449856707119],[-96.448457414475,32.3451156663005],[-96.4478374088532,32.3454456710684],[-96.4472474139071,32.3457456719781],[-96.4469574082526,32.3458256668739],[-96.4466174103201,32.3459356692983],[-96.4458474149097,32.3460256637144],[-96.4455974047587,32.3460156716421],[-96.4453874161075,32.3459456683336],[-96.4452874104591,32.3459056721275],[-96.4448574116598,32.345565672373],[-96.4444774061747,32.3453756662515],[-96.4443474093715,32.3453456723112],[-96.443987409578,32.3452556649114],[-96.4436274066918,32.3452356679531],[-96.4434374071383,32.3452256691504],[-96.4432774034471,32.3452656674011],[-96.4431074108463,32.3453056702554],[-96.4430274067223,32.3453756706133],[-96.4429474101309,32.3454456657047],[-96.4428074110298,32.3456856748825],[-96.4426074117548,32.3463056720062],[-96.4424874094619,32.3465256666875],[-96.4424174045345,32.3465556718854],[-96.4422474106805,32.3466156705949],[-96.4419174094545,32.3465856704304],[-96.4415674070169,32.3464556670916],[-96.441447405602,32.3464056733346],[-96.4412674069741,32.3462356732277],[-96.4411594253562,32.3460916879057],[-96.4411474073841,32.34607566558],[-96.4411621414906,32.3460200094724],[-96.4412374130174,32.3457356698474],[-96.4415174115391,32.3453856660678],[-96.441847409337,32.345065669965],[-96.4419265143468,32.3446877205821],[-96.4419374086774,32.3446356667237],[-96.4419292320511,32.3446160403335],[-96.4418374091643,32.3443956736471],[-96.4417674117175,32.3443256639164],[-96.4414774030087,32.3440456690924],[-96.441277403477,32.3440056727701],[-96.4411774060981,32.3439756688266],[-96.4409674089274,32.3440356686478],[-96.4407174053001,32.3441256693916],[-96.4404874079621,32.344235667297],[-96.4402574062667,32.344535670966],[-96.4398774032247,32.3451356702576],[-96.4397374083992,32.3453056739164],[-96.4393274058027,32.3456356693126],[-96.438827409983,32.3457956720494],[-96.4385374078479,32.3458756711018],[-96.4381774113374,32.3459856655302],[-96.4379374119727,32.3459956727014],[-96.437787408267,32.3459956707238],[-96.4375774058785,32.345985665175],[-96.4370974064194,32.3456856751054],[-96.4366674096845,32.3455056751026],[-96.4364674031141,32.3453956650077],[-96.4363174063438,32.3451856662099],[-96.4362212120082,32.3450221284625],[-96.4362174127408,32.3450156704316],[-96.4362239308512,32.344950449161],[-96.4362474053013,32.3447156705394],[-96.4364074070857,32.3443256728466],[-96.4367174038238,32.3436356685367],[-96.4369674057014,32.3429556657975],[-96.4369974058745,32.3425556642612],[-96.4370039474065,32.3424249073799],[-96.4370074098682,32.3423556700979],[-96.4370066677044,32.3423532280252],[-96.4368674107313,32.3418956686938],[-96.4366674085462,32.3415656685066],[-96.4363474109598,32.3413456718771],[-96.435927405044,32.3412556686149],[-96.4356074081043,32.3412056672197],[-96.4354374093988,32.3411956694869],[-96.4351574073696,32.3411756680885],[-96.434647406165,32.3411956726552],[-96.4342074091699,32.3412056705786],[-96.4340274073362,32.3411556697332],[-96.4339174044907,32.34099567232],[-96.4338974051599,32.3407656688267],[-96.4338274017862,32.3402356691353],[-96.4337474067434,32.3398456708904],[-96.433707406342,32.3397956692499],[-96.4335374064299,32.3396056716537],[-96.4333974058894,32.3393056663948],[-96.4331274088308,32.3390356701408],[-96.4330774096331,32.3389956692017],[-96.432937403629,32.3389456716062],[-96.4328574058913,32.3389756719891],[-96.4327674052095,32.3390056732139],[-96.4323774045935,32.3392156677748],[-96.4321374056044,32.3393856695576],[-96.4316774054237,32.3397156737005],[-96.4315274062764,32.33974567312],[-96.431367405225,32.3397756704702],[-96.4311874087254,32.3397956695504],[-96.4310774050415,32.3397956697272],[-96.4308074076015,32.3397156686173],[-96.4306074008766,32.3395056640603],[-96.4304574043401,32.3392156670393],[-96.4303247624586,32.3387419650797],[-96.4303174001586,32.338715672435],[-96.4303274867179,32.3386702847981],[-96.4303574066032,32.33853566381],[-96.4304474110604,32.3382356684604],[-96.4306074055712,32.3379756659149],[-96.4309974086678,32.337665662996],[-96.4311874030607,32.3373956690704],[-96.4312235201401,32.3367727032367],[-96.4312274054394,32.3367056704587],[-96.4312262446858,32.3367010237967],[-96.4311874033364,32.3365456641929],[-96.4312074039284,32.3356856700071],[-96.431067404767,32.3353856667451],[-96.4309474069771,32.3347656684138],[-96.4309374067833,32.334355668391],[-96.4309474081899,32.3334556679967],[-96.4308874035157,32.3328056685327],[-96.4306974048237,32.3326356648742],[-96.4304174006247,32.3325056684034],[-96.4301174070684,32.33235566687],[-96.4300074035502,32.3323456695792],[-96.4298074045324,32.3323156663123],[-96.4295274076724,32.332345664504],[-96.4291774070513,32.3324256691951],[-96.4289774109496,32.3325056695913],[-96.4287773978216,32.3325756665592],[-96.428607403036,32.3326656689642],[-96.4285174062026,32.3327256689805],[-96.4281774068098,32.332985664996],[-96.4280373991757,32.3332156683064],[-96.4278574035591,32.333565665325],[-96.4278174068739,32.3336056656969],[-96.4277374073253,32.3336756671928],[-96.4276074000301,32.3337256677238],[-96.4274974019576,32.3337656655268],[-96.4273474034754,32.3338456669837],[-96.4271074026179,32.3339356647376],[-96.4267374053389,32.3341056673007],[-96.4266374029819,32.3341556655361],[-96.4264974027419,32.3342256673625],[-96.4263874057235,32.3343056694876],[-96.4262874089632,32.33438566655],[-96.426216462716,32.3345009478165],[-96.4262074024635,32.3345156666159],[-96.4262137343765,32.3345726281348],[-96.4262374066731,32.3347856684136],[-96.4263474057963,32.3354756711156],[-96.4263556702709,32.3357981486743],[-96.426357400052,32.3358656654351],[-96.4263529420687,32.3358698271422],[-96.4262074058575,32.3360056671714],[-96.4261474044852,32.3360056635403],[-96.4260374031186,32.3359956730251],[-96.4258874060054,32.3359856661931],[-96.4256774017371,32.3359756687406],[-96.4255874011139,32.335975667928],[-96.424947401989,32.3359656682946],[-96.4244373999003,32.3357856721978],[-96.4241474048534,32.3356856710284],[-96.4239374033545,32.3354956663452],[-96.4236974057877,32.3350556679492],[-96.4235074061764,32.3345156645162],[-96.4234174015044,32.3338256659872],[-96.4233074030816,32.3335156689652],[-96.4232474036218,32.3332756694745],[-96.4231074033523,32.3331156658893],[-96.4229674039079,32.3329256640672],[-96.4226274043212,32.3327556701368],[-96.4222474008723,32.3326056684505],[-96.4221774021541,32.3325756659572],[-96.4218974032991,32.3324756653638],[-96.4214374021192,32.3324156637481],[-96.421197407975,32.3324456691741],[-96.4210374027119,32.332475668953],[-96.4204874015732,32.3325856684592],[-96.420257403496,32.3326656646875],[-96.4200073978691,32.3327656701472],[-96.4198179128882,32.3330149896124],[-96.4198173994019,32.3330156670538],[-96.4198151807725,32.3330866698799],[-96.4198074018902,32.3333356634638],[-96.4198673994825,32.3336156673099],[-96.420227403147,32.334035667717],[-96.4204073985076,32.3342956657691],[-96.4204074028702,32.3346299134466],[-96.4204074044601,32.3346956716955],[-96.4204046701626,32.3347015918323],[-96.4202874022255,32.3349556688909],[-96.420067403035,32.3350956709161],[-96.4198074025885,32.3352556714266],[-96.4195174050013,32.3353056708602],[-96.4193674014261,32.335325664315],[-96.4192274023696,32.3353256687257],[-96.4189473983281,32.3353156706416],[-96.4184174037218,32.3353656668889],[-96.4182574044103,32.3353856680895],[-96.4178373967202,32.3354456704796],[-96.4173374065371,32.335375664337],[-96.41709739842,32.3353156695409],[-96.4169374025402,32.3352256695571],[-96.4167073986202,32.335075669229],[-96.4165473955402,32.3347456709991],[-96.4165213410376,32.3343982131275],[-96.4165173997278,32.3343456685617],[-96.4165240757398,32.3343265320739],[-96.4166674054673,32.3339156685949],[-96.4167010811164,32.3335957016467],[-96.4167074002701,32.3335356658823],[-96.4167038155891,32.3335240223661],[-96.4166673957448,32.3334056685223],[-96.4164773986246,32.3333156714222],[-96.416367405706,32.3332856701733],[-96.415707395115,32.3331456645792],[-96.414877400784,32.3330856678709],[-96.4144474009312,32.3330956698855],[-96.4141274035679,32.3330956668223],[-96.4139674046342,32.3331156744593],[-96.4137174024979,32.3331256628109],[-96.4135674028013,32.3331156686691],[-96.4134574005732,32.3330956673751],[-96.4130074013674,32.3330156663835],[-96.4128573978702,32.3330156713052],[-96.4126574018369,32.3329856697198],[-96.4123273982944,32.3329356714349],[-96.4120574028369,32.3328256682496],[-96.411877394382,32.3327456672957],[-96.4115573987656,32.3325656688108],[-96.4114573953106,32.3325056673416],[-96.4111873972407,32.3322056657847],[-96.4110974006189,32.33212566942],[-96.4108274047143,32.3318056697595],[-96.4103374005895,32.331085670106],[-96.4099474042184,32.3305356658528],[-96.4096174010347,32.330095668784],[-96.4093974014347,32.329885668894],[-96.4087974017415,32.3293056658656],[-96.4085473984116,32.3289956667215],[-96.408347397272,32.3286556635235],[-96.4080373962117,32.328365668558],[-96.4077874008265,32.3281956629204],[-96.4073774033017,32.3279956685569],[-96.4069174019301,32.3279756681593],[-96.4067573991022,32.3279556692561],[-96.4064074003872,32.3279156632734],[-96.40595740218,32.3278756659872],[-96.4057073990097,32.3278356637194],[-96.4049273923786,32.3278356645546],[-96.4048773982109,32.3278556669317],[-96.4047973988298,32.327875667331],[-96.4047174009817,32.3279056650549],[-96.4045874000245,32.328005666773],[-96.4044174049796,32.3282356686522],[-96.4043273959827,32.328345668548],[-96.4042173970283,32.3284556670607],[-96.4040773928251,32.328585669772],[-96.4038973957848,32.3286756663687],[-96.4036573988156,32.3286956700522],[-96.4034174012022,32.3286856668232],[-96.4030673927877,32.3287256682717],[-96.4029873987737,32.3287556704856],[-96.4028874023707,32.3287856644573],[-96.4025973970622,32.3287756699122],[-96.4024773972032,32.3287756678237],[-96.4023574010491,32.3287456683032],[-96.4019573942238,32.3286756674779],[-96.4016773960622,32.3285856666865],[-96.4014473993302,32.3285856712778],[-96.4012473955308,32.3285856706691],[-96.4011174005112,32.328605666979],[-96.4006573992249,32.328755668901],[-96.4005573952117,32.3287856735508],[-96.400417395672,32.3288456659096],[-96.3999073935517,32.3290756633202],[-96.3996174034251,32.3292156678704],[-96.399507397969,32.3293056694895],[-96.3993573929571,32.3294156655539],[-96.3991373997468,32.3295456730269],[-96.398927393456,32.3296756678695],[-96.3986173992792,32.3297756675222],[-96.398477397339,32.3298456704823],[-96.3982973988031,32.329925669352],[-96.3980973963991,32.3300956685165],[-96.3980073925707,32.3301856669501],[-96.3978373990361,32.3303056645519],[-96.3975273959253,32.3305256683601],[-96.3972373929975,32.3307056675808],[-96.3968973973819,32.330915666542],[-96.3965573963577,32.3310256657881],[-96.3963573999541,32.3311956679291],[-96.3961373986006,32.3313856687192],[-96.3959174001409,32.3315256680699],[-96.3956873976178,32.3316856696686],[-96.3954073995709,32.3318956688961],[-96.3950173922045,32.3321956716647],[-96.3944573986958,32.3325156726165],[-96.3938273970057,32.3327656672527],[-96.3935373991908,32.3328456707165],[-96.3932773951411,32.3328756676035],[-96.3930373961404,32.3329356666573],[-96.3926673972662,32.333165664821],[-96.3924573946749,32.3332456701059],[-96.392197396468,32.3333456653988],[-96.3918474005318,32.3334756723972],[-96.3916173951169,32.3335356681811],[-96.3914073919254,32.3336056690249],[-96.3909073972001,32.3336356703922],[-96.3903973959723,32.3335556739891],[-96.389707396226,32.3333256695976],[-96.3890073944405,32.3329756672548],[-96.3882873940477,32.3326656662733],[-96.3877073927477,32.3324756736202],[-96.3873773973858,32.3323856649963],[-96.3872673906684,32.3323456691638],[-96.3867573959525,32.3323356706273],[-96.3865673936756,32.3323256656228],[-96.3862873881194,32.3323056682981],[-96.3857473888876,32.3323156679178],[-96.3855873948975,32.3322956705075],[-96.3851973901597,32.3320356639557],[-96.3847673904431,32.3317656714837],[-96.3842873942468,32.3312856682711],[-96.384037392395,32.3309456698148],[-96.383747393117,32.3303356652483],[-96.3836173922958,32.3299856659474],[-96.3834873953941,32.3296756732503],[-96.3832949436414,32.32928201533],[-96.3832673935551,32.3292256658053],[-96.3832977055733,32.3292103375592],[-96.3893773941317,32.3261356670242],[-96.3968773984922,32.322325666946],[-96.4255474056018,32.3077856614984],[-96.4573774087794,32.2916356571867],[-96.4779974153092,32.2811856602802],[-96.4943874186568,32.2728756505324],[-96.5001074139492,32.2700156542429],[-96.5003574180062,32.2698456574712],[-96.5053874174565,32.2672856509796],[-96.5107574243628,32.2645556533731],[-96.5187374225072,32.2605456506302],[-96.5284474259638,32.2556656491843],[-96.5558574296934,32.2417756490885],[-96.5753574321244,32.231855643098],[-96.5959574395196,32.2213756365088],[-96.5988874385393,32.2198956420483],[-96.6091874451543,32.2146856380005],[-96.6197974435923,32.2093356356052],[-96.6226274442232,32.2079056335583],[-96.629457448352,32.2045756316374],[-96.6370774518134,32.2008756336628],[-96.6649374584488,32.1874756293094],[-96.7401874774232,32.1511556219624],[-96.7534874762787,32.1446856154108],[-96.7659574768303,32.1384556199336],[-96.7759174850269,32.1335056118821],[-96.7848074844647,32.1291156111234],[-96.7937274814391,32.1246956118706],[-96.797187485783,32.122985612363],[-96.8012674881766,32.1209756113016],[-96.8154874921968,32.1139456081363],[-96.8240274880999,32.1096956094551],[-96.8400074939261,32.1017556113036],[-96.8547374968474,32.0944456006099],[-96.8638475020904,32.0898856016528],[-96.8673975021357,32.0881156035169],[-96.8788975043807,32.0824655982433],[-96.8906375036149,32.076585598227],[-96.8934675054603,32.075175603096],[-96.8960992147592,32.0738646744865],[-96.8961375098391,32.0738455988424],[-96.9011575093664,32.0714055961385],[-96.9050575166011,32.0694855954809],[-96.9085275154172,32.0677855955321],[-96.9097875148023,32.067175595469],[-96.9117275120629,32.0662155984082],[-96.9134475110951,32.0653455996531],[-96.9198475148486,32.06225559363],[-96.9222675124819,32.0610655976194],[-96.9246075151254,32.0599155935315],[-96.9310275184283,32.0567755918317],[-96.9373575174072,32.0536755901371],[-96.939147516596,32.0528055939492],[-96.9407075142325,32.0520355951404],[-96.9863975336177,32.1186556022762],[-96.9879375372219,32.1209056001833],[-96.9930475302613,32.1283556001956],[-97.0006675370193,32.1393656105637],[-97.0037375422799,32.1439256129278],[-97.0111475416455,32.1548556106289],[-97.0135575402755,32.1584656063558],[-97.0172275414474,32.1639056125435],[-97.0221475448167,32.1711156150452],[-97.025827552448,32.1765856142469],[-97.0332275486617,32.1874756151013],[-97.0381175486465,32.1946856150327],[-97.0430175513588,32.2019456148005],[-97.0435875582549,32.2027956192641],[-97.0454375587963,32.2055356139941],[-97.0491175526699,32.2109656179284],[-97.0528175515495,32.2164256159431],[-97.05418755923,32.2184356146302],[-97.0577575552142,32.2236956213863],[-97.0606975590632,32.2280456243418],[-97.0651075630485,32.2345256184726],[-97.0673275589349,32.2378356236109],[-97.067527563373,32.2381256228974],[-97.0756620215038,32.2500728003904],[-97.0756775614233,32.2500956252468],[-97.0756597908761,32.2501444951597],[-97.0756553477401,32.2501567114963],[-97.0756375610529,32.2502056208129],[-97.0756531170772,32.2502284071658],[-97.0868975614285,32.2666956305186],[-97.086897689111,32.266766804446],[-97.0869375672338,32.2889756314018],[-97.0870075728662,32.3053056337273],[-97.0869975690877,32.3102556377009],[-97.0869575751118,32.3128456396497],[-97.086947568998,32.3183356413451],[-97.0869875695261,32.3652456483764],[-97.0869775763379,32.3849256496066],[-97.0869575753316,32.4263656599853],[-97.0869275762944,32.4767556621351],[-97.0869535056348,32.5237495099609],[-97.0869535455574,32.5238211422421],[-97.0869675487213,32.5491839645832],[-97.0869675881863,32.5492556798621],[-97.0869653197069,32.5492556455262],[-97.0384175714255,32.5485356844469],[-97.0251875691115,32.5483756829892],[-97.0200175684628,32.5483456806227],[-97.0104775637803,32.5482756852733],[-96.9984975586325,32.5481856874719],[-96.9812536285648,32.5480679934865],[-96.9765775537713,32.5480356855101],[-96.9715649644219,32.5479996113923],[-96.9627475483207,32.5479356893872],[-96.9526875484518,32.5478856848854],[-96.9353075445315,32.5477556849762],[-96.9291375405765,32.5477256892276],[-96.9260675444386,32.5477056839419],[-96.92172754046,32.5476856919107],[-96.9137175369275,32.5476456894342],[-96.9024275366982,32.5476056866299],[-96.897327535487,32.5475956889821],[-96.8937775388908,32.5475756924108],[-96.892937536172,32.5475756904762],[-96.8914975342478,32.5475956897182],[-96.8871175332557,32.5475756920095],[-96.8849275324339,32.5475656850481],[-96.8749675248336,32.5475056900366],[-96.8548875242625,32.547385694994],[-96.836177518007,32.5472756870089],[-96.8267924102123,32.5472105959151],[-96.8267790654605,32.5472105029941],[-96.8174637967563,32.5471452273615],[-96.8174428200423,32.5471450803338],[-96.8104575156467,32.5470956944348],[-96.7918975060089,32.5469756946941],[-96.7630475009626,32.5467856922875],[-96.7503474998394,32.5467256971526],[-96.7502175036252,32.5466556995889],[-96.7455774984892,32.5466256935284],[-96.7397574958994,32.5466057004143],[-96.7365474951023,32.546595697091],[-96.7188974858822,32.5464856969746],[-96.6963674875538,32.5463356997584],[-96.6924374838505,32.5463256964181],[-96.6868074810194,32.5463056938342],[-96.6742774804639,32.5462157004488],[-96.6668274742718,32.5461656943591],[-96.6549674785663,32.5461256959119],[-96.6468374711083,32.5460656963914],[-96.6328474698029,32.5459756968266],[-96.6141874645204,32.5458556978473],[-96.6049474650748,32.5457957016431],[-96.5920074613072,32.5457356998788],[-96.5876274601931,32.5457156993877],[-96.5779174530265,32.5456557028422],[-96.5707574545951,32.5456157009418],[-96.5655874514859,32.5455957023508],[-96.5606874506461,32.5455657020621],[-96.5526774484952,32.5455157032811],[-96.5434174442444,32.5454557022347],[-96.5384674439964,32.5454257036442],[-96.5315174380256,32.5453957012938],[-96.5299974413338,32.5453857010245],[-96.5298774404023,32.5453857051904],[-96.5298074424545,32.5449757055046],[-96.5296674432885,32.5443956980065],[-96.5294774400109,32.5440557029437],[-96.5292074439597,32.5435057037181],[-96.5288374432595,32.5430357068838],[-96.5285633348776,32.5424287498588],[-96.5285574436312,32.5424157005256],[-96.5285659909176,32.5423570772717],[-96.5286274408466,32.5419357023261],[-96.5290074377307,32.5412557072133]]]},"properties":{"FIPS_ST_CNTY_CD":"48139","CNTY_NM":"Ellis"}},{"type":"Feature","geometry":{"type":"Polygon","coordinates":[[[-96.0758773226065,32.5302957229188],[-96.0758073272119,32.4910857147003],[-96.0757973207391,32.470345706103],[-96.0757973222702,32.4557457034371],[-96.0757773139031,32.4285357036949],[-96.0757573133502,32.3970956911548],[-96.0757373177836,32.3752056922096],[-96.0755173202788,32.375065693106],[-96.0755773183208,32.3675956843372],[-96.0756373116477,32.3574156895153],[-96.0802673174264,32.3574556866827],[-96.0907373211797,32.3574956866714],[-96.1061873235248,32.3574956844814],[-96.1249773274996,32.3576056850378],[-96.1252173261707,32.3575956846891],[-96.1253873286903,32.357575682677],[-96.1442473300673,32.3577456805336],[-96.158727335247,32.357845684427],[-96.1595673341229,32.3578556853755],[-96.1769873401739,32.357985685239],[-96.1867673435027,32.3580656833317],[-96.1871773491456,32.3580756856312],[-96.1957973517129,32.3581456805475],[-96.1957873432795,32.3549756818636],[-96.2005473517666,32.3549656827379],[-96.2007273462197,32.3549656847281],[-96.2038973486441,32.3549556831545],[-96.2054573465088,32.3550156802376],[-96.2071573477147,32.3550156858799],[-96.2072973530863,32.3550156826382],[-96.2120873504157,32.355015686216],[-96.2170173511083,32.354915680633],[-96.2313273555197,32.3547056819044],[-96.2367173618665,32.3547956831851],[-96.2368673580114,32.3547956791249],[-96.2405373557071,32.3548756779438],[-96.249617358592,32.3548856750327],[-96.249697358201,32.3571056803891],[-96.2497473627805,32.3586256793694],[-96.2550073675853,32.3585956758396],[-96.2622473622706,32.3585556820082],[-96.2700373644358,32.358575679038],[-96.2757173704658,32.3585956808587],[-96.2914073757201,32.3586856805323],[-96.3128973789126,32.3588656803426],[-96.3338573848158,32.3588256750553],[-96.3483673805154,32.3587656755317],[-96.355767390883,32.3587556802574],[-96.3785873963129,32.3588156762352],[-96.3823474002206,32.3588856727467],[-96.408177397927,32.3589856732956],[-96.4424474127051,32.3590856708791],[-96.4523474100118,32.3590856681736],[-96.4523511677272,32.3591185467245],[-96.4523874103385,32.3594356707722],[-96.4527574089896,32.3597756751702],[-96.4529974165712,32.3600256703498],[-96.453357410944,32.3603456740074],[-96.453677407553,32.3605056697454],[-96.4537574099395,32.3605456720283],[-96.4539874147214,32.3607656730539],[-96.4542374108386,32.3609256696454],[-96.4543074095514,32.3609656768588],[-96.454537415965,32.3611056717949],[-96.4546474119494,32.3612456733209],[-96.4546558982719,32.361593497302],[-96.454657413891,32.3616556729725],[-96.4546531897915,32.3616651771912],[-96.454537415827,32.361925673706],[-96.4544574101809,32.3619856745442],[-96.4543674143224,32.3620456692556],[-96.453907418394,32.3621756732123],[-96.4535174142367,32.3624456684625],[-96.4533474085702,32.3625856701805],[-96.4531974137793,32.3627056682218],[-96.4530874129503,32.3627756750038],[-96.4529374086491,32.3628756712381],[-96.4525974155106,32.3630056721931],[-96.4522674095969,32.3631356766259],[-96.4521074114771,32.3631756753825],[-96.4518874056147,32.3632256713434],[-96.4517174113297,32.3632556688991],[-96.4515474146031,32.3632856715928],[-96.4512774075031,32.3633456759166],[-96.4511374132262,32.3634256693909],[-96.4510274123387,32.3634856693223],[-96.4509674074659,32.363525670982],[-96.4508874097795,32.3635756728816],[-96.4506374147465,32.3638256751936],[-96.4503374126226,32.3642056716594],[-96.4501826062036,32.3646410715994],[-96.4501774132759,32.364655674794],[-96.4501798942545,32.3647127503798],[-96.4501874104286,32.364885674066],[-96.4503674104727,32.3650556715036],[-96.4504974130297,32.3652056704878],[-96.450797412807,32.3656156703765],[-96.4511874173362,32.3660456712494],[-96.4513774097758,32.3661956731247],[-96.4515174135528,32.3663156729587],[-96.4518574147033,32.366505670087],[-96.4522774127916,32.3666856732458],[-96.4524274106957,32.3667556716934],[-96.4527874085233,32.3668356733539],[-96.4531374103719,32.3668956728005],[-96.4532074130614,32.3669256744519],[-96.4535374142347,32.3670556759262],[-96.4536974131051,32.3671256720456],[-96.4538374144189,32.3673056718523],[-96.4538874111508,32.367575674634],[-96.4539049430986,32.3679438922909],[-96.453907409162,32.3679956736022],[-96.4539022349257,32.3680155719583],[-96.4537774134095,32.3684956723125],[-96.4535674130228,32.3687956691914],[-96.4530474154159,32.3691956762987],[-96.4528774088424,32.3693456742204],[-96.452577415699,32.3696256738225],[-96.4524774094738,32.3697656724586],[-96.4524074086291,32.3698556749655],[-96.4523863898766,32.3699537689962],[-96.4523774117669,32.369995669347],[-96.4523836805547,32.3700254467514],[-96.4524174100704,32.3701856738893],[-96.4524092692502,32.3704869127044],[-96.4524074082995,32.3705556747386],[-96.4524065599304,32.3705585904401],[-96.4523374131234,32.3707956780344],[-96.4521774120381,32.3709556750086],[-96.4520274091513,32.3710156723621],[-96.4519174126405,32.3710756749626],[-96.4517174109394,32.3710956732602],[-96.4515674080124,32.3711056779978],[-96.4511874122802,32.3710856748828],[-96.4508074148326,32.3709056738],[-96.4506674166221,32.3705356761372],[-96.4505474075974,32.3703256762899],[-96.4504674144016,32.3700856706896],[-96.4504520296618,32.3699010690566],[-96.4504474130376,32.3698456756032],[-96.4504547404548,32.369829391337],[-96.4505374136702,32.3696456716981],[-96.450697410089,32.3694756749821],[-96.450847411852,32.3693556691985],[-96.4510074093641,32.3692756712075],[-96.4511674076138,32.3691756736527],[-96.4512874092414,32.3690656735666],[-96.4514274171067,32.3689456761002],[-96.4514789462638,32.368713773249],[-96.451487412481,32.3686756719236],[-96.4514816573367,32.36864209459],[-96.4514274124794,32.3683256711994],[-96.4511774128969,32.3681356755582],[-96.450827412043,32.3679956724799],[-96.4503774120842,32.3678256717283],[-96.4503374143905,32.3677856726405],[-96.4501974116921,32.3676956744135],[-96.449987409454,32.3674456756575],[-96.4499274146676,32.3673956688886],[-96.4496474120608,32.3670256732552],[-96.4494174108174,32.3669056716891],[-96.4493274139629,32.3668556724426],[-96.4489874081601,32.3667556731844],[-96.4484374130771,32.3667356733224],[-96.4482274089163,32.3668156719889],[-96.4480974135553,32.3668556710761],[-96.4478974117453,32.3669156784708],[-96.447677411718,32.3670556723752],[-96.4474174092289,32.3672956726316],[-96.4473374115862,32.3674556756013],[-96.4472274121497,32.3677756740713],[-96.4471329354299,32.368200821438],[-96.4471274124384,32.3682256737512],[-96.447130223212,32.3682724991779],[-96.4471574064698,32.3687256734628],[-96.4473174108686,32.3689356725728],[-96.4478874138761,32.3692656770131],[-96.4480274119962,32.3693456696797],[-96.4482674134852,32.3695156742246],[-96.4483474127251,32.3697856752561],[-96.4483659162904,32.3703685440909],[-96.4483674136107,32.3704156717066],[-96.4483632049513,32.370440221776],[-96.4483074143749,32.3707656737505],[-96.4481474089979,32.3708656758108],[-96.4480274129198,32.3709456750347],[-96.4479174082531,32.3709556711076],[-96.4478174119086,32.3709556762489],[-96.4474774107016,32.3706056767673],[-96.4473974116983,32.3703756758846],[-96.4473374117224,32.3700056737957],[-96.4471574095575,32.3696856734775],[-96.4469674111095,32.3694856760753],[-96.4466974097437,32.3693356766806],[-96.446387413332,32.3691756755914],[-96.4461874076256,32.3690956735555],[-96.4460574149152,32.3690656763813],[-96.4457374136921,32.3690356700725],[-96.4454774096952,32.3690656734],[-96.4453174062802,32.3690956732358],[-96.4447974133466,32.3692056785059],[-96.4444574146425,32.3693456709541],[-96.4442674104287,32.3694756743141],[-96.4441274132886,32.3695856721386],[-96.4440074071784,32.3697856767117],[-96.4439730805424,32.3701032085106],[-96.4439674103762,32.3701556756585],[-96.443970365823,32.3701748870171],[-96.4440274120031,32.3705456700539],[-96.4442574048964,32.370975674263],[-96.4445374119255,32.3711356692232],[-96.444647408234,32.3711956736916],[-96.4447674144495,32.3712356769399],[-96.4450074146578,32.3713156764329],[-96.4456674102292,32.3715856726288],[-96.4461174153562,32.3718456792315],[-96.4462774081927,32.3719256747044],[-96.4466774103902,32.3720956779592],[-96.4468074139811,32.372125671933],[-96.4471574133762,32.3722556737659],[-96.4473974118,32.3724156724909],[-96.44758741214,32.3725956784901],[-96.4476274118094,32.372635677448],[-96.4477474096584,32.3728856746555],[-96.4479274139779,32.3736756748449],[-96.4480674102151,32.374385675789],[-96.4482074117461,32.3748556706626],[-96.4482874109706,32.3751256744789],[-96.4485474146606,32.3754956728602],[-96.448607415824,32.3756456731911],[-96.4485999535364,32.3758545544013],[-96.4485974112841,32.3759256769397],[-96.4485972411875,32.3759262309551],[-96.4485074057079,32.376215674193],[-96.4482774124615,32.3764056761367],[-96.4478974091438,32.3764556759831],[-96.447807410694,32.3763956755468],[-96.4474874161766,32.3762156749629],[-96.4470974149868,32.3758056744547],[-96.4468274089232,32.3756156711668],[-96.4467574109523,32.3755656734511],[-96.446497412243,32.3754056782523],[-96.4461874073658,32.3753156788644],[-96.4458074095332,32.3753456724439],[-96.445487410589,32.3754156739131],[-96.4451274107046,32.3756056788508],[-96.4449874099233,32.3757956757129],[-96.4449374074305,32.3758556765545],[-96.4448174147076,32.3760856717549],[-96.4448016125705,32.3763068742803],[-96.4447974121623,32.3763656775148],[-96.4447988983386,32.3763785516701],[-96.4448274091296,32.3766256738541],[-96.444997411603,32.3770356724649],[-96.4451674101329,32.3774956752973],[-96.4452549113719,32.3777844221343],[-96.4452674101416,32.3778256738298],[-96.4452521963108,32.3778561012555],[-96.4451674090659,32.378025672174],[-96.445037406716,32.3782556781899],[-96.4447074115794,32.3784056755816],[-96.4443874140091,32.3784456782935],[-96.4436874086605,32.3784756771332],[-96.4430674124975,32.3785756786962],[-96.4424774093662,32.3787156703494],[-96.4419974142591,32.3788356794237],[-96.4414874152177,32.378955674744],[-96.441147414749,32.3789656785087],[-96.4405674123431,32.3788056732638],[-96.4404274096494,32.3787156751959],[-96.4399174101736,32.3784456787182],[-96.4395974115501,32.3783356726717],[-96.4394374116342,32.3782856764004],[-96.4392474075382,32.3782656736674],[-96.4389474064575,32.3782256750009],[-96.4385374096292,32.3782556768358],[-96.4383674106083,32.378295674339],[-96.4382074108027,32.3783356773321],[-96.4379074118203,32.3785256772492],[-96.4377374107645,32.378635670788],[-96.4375374140658,32.3788956738127],[-96.437447412662,32.3791256768502],[-96.4374316910379,32.3793615160469],[-96.4374274136546,32.3794256729803],[-96.4374289699921,32.3794331940431],[-96.4374874091639,32.3797156784413],[-96.4376374052157,32.3800956759409],[-96.4378074068622,32.3806156730489],[-96.4378774080114,32.3808256757665],[-96.438377410462,32.3815856768738],[-96.4388274079098,32.3825356777171],[-96.4390074080165,32.382945675343],[-96.4390323104467,32.3831697968682],[-96.4390374077053,32.3832156767554],[-96.4390295904785,32.3832414756584],[-96.438937408964,32.3835456758263],[-96.4386874113099,32.3840856756155],[-96.4384274094503,32.3843556775017],[-96.4382874048734,32.3845156779083],[-96.4378774080028,32.3848956761447],[-96.4374074162321,32.3852256765334],[-96.4369974112952,32.3854356777391],[-96.4366774109762,32.385665680761],[-96.4363674081851,32.3859056757906],[-96.4361974124552,32.3860456754524],[-96.4359974112262,32.3861956748514],[-96.4359274153729,32.3862956809478],[-96.4357401299825,32.3865125259877],[-96.4357374097419,32.3865156778454],[-96.4357374074378,32.3865842036808],[-96.4357374044548,32.3869456807014],[-96.4359374072236,32.387235679786],[-96.4362674124786,32.3874556794422],[-96.4370574112251,32.3878156734885],[-96.4374674070859,32.3879956767193],[-96.4376274080766,32.388055680725],[-96.4377974069987,32.3880856759276],[-96.4380874122771,32.3882456779614],[-96.4384874074933,32.3884856798489],[-96.4386174095393,32.3885756771236],[-96.4387774119045,32.3888656820256],[-96.438777409507,32.3891299860109],[-96.4387774092686,32.3891956805395],[-96.4387746903042,32.3892016627953],[-96.438677409068,32.3894156826468],[-96.4383774091979,32.3895956757005],[-96.4378874063373,32.3897156800955],[-96.4375574154844,32.3896856793707],[-96.4372974106756,32.389615676802],[-96.4371774111436,32.3895856746604],[-96.4368874106891,32.3894656811961],[-96.4363274063181,32.3891456787389],[-96.4358774084318,32.38893567495],[-96.4354074110286,32.3888456796057],[-96.4350374085181,32.3888256814909],[-96.4347374106118,32.3889256783333],[-96.434587406867,32.3891356742332],[-96.4345601332239,32.3893266144395],[-96.4345574103193,32.3893456750439],[-96.4345574096966,32.3893982920024],[-96.4345574063764,32.3895556763846],[-96.4347974093159,32.3899356784079],[-96.4350674052577,32.3903156748801],[-96.4353074080123,32.3908856758871],[-96.4355074137309,32.3913356743642],[-96.4356274051954,32.391885675371],[-96.4357374092642,32.3920856793055],[-96.4358674118622,32.3923256761152],[-96.4362074089999,32.3927556778756],[-96.4365074073321,32.3929756788169],[-96.4367474060399,32.3931356791053],[-96.4368174131966,32.393155680226],[-96.4369874119226,32.3931956820931],[-96.4372374138726,32.3932356802131],[-96.4373674117924,32.3932956794198],[-96.4374374060915,32.3933256785534],[-96.4376374084731,32.3935256779667],[-96.4377974077364,32.3938856749035],[-96.4378874109801,32.3941456781625],[-96.4379174108897,32.3944156818601],[-96.4381274051693,32.3952256812489],[-96.4382274072551,32.3956856779801],[-96.4382574144153,32.3960156781952],[-96.4382374106654,32.3966056797193],[-96.4382574112914,32.397185678071],[-96.4383274097634,32.3974356775315],[-96.4383774072799,32.3976956741902],[-96.4384574079638,32.3980556809463],[-96.4386174129458,32.3986056805357],[-96.4387974114412,32.398945679813],[-96.439177411365,32.3992756782525],[-96.4393074083481,32.3993756805684],[-96.4396974125436,32.3996956825468],[-96.4398474097847,32.3999856835625],[-96.4398553594191,32.4001526228048],[-96.4398574080009,32.400195679964],[-96.4398526385571,32.4002243000411],[-96.4398174088552,32.4004356808557],[-96.4395074118972,32.4011356825851],[-96.4390274115248,32.4018256809363],[-96.4385874150746,32.4024256778561],[-96.4384674120884,32.4024856807289],[-96.4383074109614,32.4025856808744],[-96.4375974094821,32.4033156784358],[-96.4371974098621,32.4037656792314],[-96.4367374118377,32.4043456809427],[-96.4365774127078,32.4045856818447],[-96.4365354697693,32.4047366818439],[-96.4365274111428,32.4047656846228],[-96.4365327462389,32.4048083588372],[-96.436567411723,32.4050856843559],[-96.4367574143196,32.4056156833427],[-96.4371774114051,32.4060956830339],[-96.4374374131713,32.4064056810356],[-96.4375274124267,32.4064756785067],[-96.4379174136516,32.4067956784627],[-96.4379519467064,32.4070287953311],[-96.4379574085747,32.4070656812474],[-96.4379492252901,32.4071004713931],[-96.437877416287,32.4074056817764],[-96.4375974059775,32.4079856842985],[-96.437397409612,32.4081556818129],[-96.4372474080958,32.4082756817936],[-96.436267413005,32.4087856791209],[-96.435727416734,32.4091956843598],[-96.4353774109599,32.4096356814184],[-96.4349974152397,32.4101556844017],[-96.4348674107247,32.4102856793393],[-96.4347374095305,32.4104056792312],[-96.4346574120016,32.4106556798933],[-96.434577595399,32.4108552340214],[-96.4345774163974,32.4108556820064],[-96.4345748723591,32.4109269098967],[-96.4345674108851,32.4111356825241],[-96.4346874082423,32.411435681189],[-96.4349174095419,32.4118056842475],[-96.4350774068574,32.4119856845877],[-96.4354374112291,32.4121456835578],[-96.4356474163486,32.4121856786538],[-96.4357874090908,32.4122156825742],[-96.4359774123351,32.4122356790707],[-96.4362874144076,32.4122756813002],[-96.4366074166612,32.4122956822878],[-96.4368074163266,32.4122356808005],[-96.4369674110705,32.4121556858821],[-96.4370874093528,32.4120956823964],[-96.4372874119157,32.4120456861048],[-96.437657414597,32.412065683215],[-96.437727408732,32.4120756833903],[-96.4379174090957,32.4120856810863],[-96.4381574101689,32.4121656842838],[-96.438257408836,32.4122056834474],[-96.4387074141818,32.4124756840429],[-96.4390874153391,32.4127956848486],[-96.4391674121495,32.4128656850645],[-96.4394074123344,32.4131156809351],[-96.4398874172964,32.413615679408],[-96.440277406447,32.4140856847153],[-96.44038740997,32.4144556826566],[-96.4405374130892,32.4149956862231],[-96.4407574123443,32.415715684541],[-96.4409774142081,32.4161756840133],[-96.4411974128368,32.4164356797743],[-96.4414774163855,32.4167156801796],[-96.4415474112281,32.4167656824168],[-96.4418774103333,32.4170056844309],[-96.4420174149973,32.4171056833812],[-96.4424674130218,32.4172556827756],[-96.4426774083368,32.4173456811983],[-96.4427874125806,32.4173856838078],[-96.4429274157667,32.4174956820486],[-96.4431574128393,32.4176756835861],[-96.4436174156507,32.4180156812109],[-96.4442574146101,32.4184156833443],[-96.4448474123355,32.4188156854927],[-96.4451674109428,32.4190256867755],[-96.4453974142216,32.4192556805094],[-96.4455974154984,32.419385684007],[-96.4458074166994,32.4194856839151],[-96.4460074100783,32.4196056843665],[-96.4460674122888,32.4196456887597],[-96.4461074096983,32.419695682432],[-96.4463174111871,32.4199356863397],[-96.4465474156206,32.4200456818182],[-96.4468074120062,32.4202556777655],[-96.4470874116057,32.4204256808082],[-96.4474874193617,32.4206256790632],[-96.4477374185638,32.4209156817227],[-96.4480674173338,32.4212256880347],[-96.4489574126332,32.4217156788434],[-96.4494074171646,32.4220356858789],[-96.4497074119607,32.422335682878],[-96.4498174161562,32.4224756806368],[-96.4499074109125,32.4228556853792],[-96.4499969640662,32.4230745871982],[-96.4499974140366,32.4230756796609],[-96.44999425245,32.423146262928],[-96.4499705702117,32.4236751875407],[-96.4499674140975,32.4237456814444],[-96.449967858558,32.423746863247],[-96.45005741965,32.4239856879993],[-96.450187415109,32.4243156858729],[-96.4505474139584,32.4246656883151],[-96.4509074182492,32.4248656824576],[-96.4514474160288,32.4248856837078],[-96.4515674142921,32.4248156830805],[-96.4516874164161,32.4247356866643],[-96.4518574144627,32.4243956822143],[-96.4520274167845,32.4242156852702],[-96.4521274148743,32.4241656801934],[-96.4522374190171,32.4241056821315],[-96.4525274157905,32.4240256820024],[-96.4528274144679,32.4239556824574],[-96.4530974130182,32.4238656809089],[-96.4537774157018,32.423895682071],[-96.4543774129875,32.4239756841738],[-96.4546774210756,32.4240056882021],[-96.4552074169842,32.424065684379],[-96.4557074124191,32.4242256857553],[-96.4558574130053,32.4242756849912],[-96.4562674158727,32.4243256835738],[-96.4564374196222,32.4243256855475],[-96.4566974158039,32.4243156846601],[-96.4569774176908,32.424375682926],[-96.4571474142055,32.4243956861668],[-96.4577474198764,32.4246356846672],[-96.458557419139,32.4250656872425],[-96.4593274185669,32.4255356859948],[-96.4594774164313,32.4255956856477],[-96.4598974209396,32.4257756828904],[-96.4601974180696,32.4259156830452],[-96.4602974209381,32.4259556825555],[-96.4611874158785,32.4262756805609],[-96.4613874199292,32.4263056792448],[-96.4616574127114,32.426335679468],[-96.4620574208087,32.4263756880921],[-96.4622374160361,32.426395683756],[-96.4623174150108,32.4264256855537],[-96.4625174201914,32.4264956862868],[-96.4628274227918,32.4265756815586],[-96.4629674195219,32.4266256821029],[-96.4636174173252,32.4269656860009],[-96.4643474179466,32.4274556874203],[-96.464857416887,32.4278656832741],[-96.465687420788,32.428405681641],[-96.4662174166019,32.4288156839588],[-96.4670274200651,32.4292356823431],[-96.4678274191866,32.4296556819233],[-96.4679974166328,32.429765683604],[-96.4682574174743,32.4299556839485],[-96.468717417033,32.4302356846961],[-96.4690374167211,32.4304256846725],[-96.469777422389,32.4308256853959],[-96.4703074175152,32.4312056844059],[-96.4707074223431,32.4315456865623],[-96.4712774245657,32.4318656843863],[-96.4717174241556,32.4321356846607],[-96.4722974226864,32.4323856828199],[-96.4728574153141,32.4326156845455],[-96.4739574231159,32.4330956857653],[-96.4745374249807,32.4333256840643],[-96.4748874213099,32.4334456847244],[-96.4749974199413,32.4334856840978],[-96.4751074180819,32.4335156876905],[-96.475447424113,32.4336056846549],[-96.4759474232184,32.4337656822509],[-96.4760774226104,32.4338056851491],[-96.4762374240166,32.4338556843639],[-96.4767874229982,32.434035681413],[-96.477147421183,32.4342656795641],[-96.4772374245701,32.434325687671],[-96.4777674216102,32.4346456876439],[-96.4781774211379,32.4350056850494],[-96.4783474251119,32.4352156887018],[-96.4785674277045,32.4354756844696],[-96.4788674288542,32.4359556894736],[-96.4789474279718,32.436045686076],[-96.4792374210278,32.4363656865195],[-96.4798074203432,32.4369156862239],[-96.4799474258921,32.4370556855374],[-96.4803874200806,32.4376356826247],[-96.4806174254059,32.4380856885943],[-96.4807874233671,32.438615683954],[-96.4809374220887,32.4390456837633],[-96.4811174207851,32.4398456825969],[-96.4813474226773,32.4404856853763],[-96.48171742044,32.4410456892976],[-96.4822574300304,32.441595683855],[-96.4823974245579,32.441725685803],[-96.4829174261233,32.4422356911803],[-96.483277424545,32.4425156843037],[-96.4834174204903,32.4426356867456],[-96.4835674266148,32.4428056865192],[-96.4840474259338,32.4433556852183],[-96.4843074290534,32.4437856873306],[-96.4844574239016,32.4440856887815],[-96.4844661841516,32.4444975255869],[-96.4844674225,32.4445556857612],[-96.4844634971536,32.444569202078],[-96.4843774236797,32.4448656846232],[-96.4842574263636,32.4450356895458],[-96.4840474245511,32.4453256881427],[-96.4837274276292,32.4456256912986],[-96.4835674277727,32.4458456860172],[-96.4834174215599,32.4460556886577],[-96.4832780565475,32.4464240289529],[-96.4832774281447,32.4464256914973],[-96.4832753675554,32.446495704413],[-96.4832674280729,32.4467656890949],[-96.4832574261348,32.4471256894806],[-96.4833774237292,32.4475956878822],[-96.4835874280067,32.4485656863968],[-96.4836774205946,32.4492256865741],[-96.4837474261176,32.4499356885186],[-96.4839274311594,32.4505956866426],[-96.4843574245325,32.4511156874782],[-96.4844774246206,32.451235685798],[-96.4849374242872,32.4516756890363],[-96.485527428177,32.4519956891134],[-96.4857274275295,32.4520056851859],[-96.4858674282478,32.4520056878474],[-96.4866974275468,32.4518556888193],[-96.4870774264186,32.4515956881941],[-96.4874474262534,32.451205692128],[-96.4876274227424,32.4509556856322],[-96.4878574293164,32.4508856843033],[-96.4880274277249,32.4508756869932],[-96.4883574254846,32.4510156855774],[-96.488677421691,32.4513356871278],[-96.4888174285787,32.451425690927],[-96.4891274239381,32.451595686968],[-96.4894974276249,32.4518756889124],[-96.4898474243812,32.4519956901559],[-96.4906374267364,32.4520456872295],[-96.4914874284646,32.4520456860539],[-96.491927426262,32.4522456866929],[-96.4922374258849,32.4522856882002],[-96.4925774298949,32.4525656904296],[-96.4928174289364,32.4526856885829],[-96.4933874313205,32.4529356870846],[-96.4940474281617,32.4531756884948],[-96.4945874313699,32.4532756846613],[-96.4948374257703,32.4532856905494],[-96.4951974266607,32.453305688894],[-96.495767434073,32.4532856878832],[-96.4964574229774,32.4533356867232],[-96.4968074258335,32.453275686676],[-96.496977429894,32.4532556858927],[-96.4971374265285,32.4531856844941],[-96.497277427738,32.4531256901191],[-96.4974974301208,32.4531056835911],[-96.4976574279807,32.4530956853376],[-96.497747429535,32.4531156885626],[-96.4979874305427,32.4531856850495],[-96.4980574344037,32.4532756863847],[-96.4981274335547,32.4533856857749],[-96.4981874273788,32.4535356850301],[-96.4982385832787,32.4536635649879],[-96.49824743098,32.4536856845028],[-96.4982359054434,32.45373524228],[-96.4981474256107,32.4541156912251],[-96.4980774273513,32.4541856930775],[-96.497927431266,32.4544056868124],[-96.4978074277522,32.454485687343],[-96.4977074299649,32.4545556852834],[-96.4976474328415,32.4546356878952],[-96.4974674306004,32.4548456880037],[-96.4972774264721,32.4549756885531],[-96.497147430881,32.4550856895606],[-96.496737424931,32.4552856846061],[-96.4964874341601,32.4554056908987],[-96.4962474249817,32.4555256918604],[-96.4955074354443,32.4558456854782],[-96.4949874295164,32.4561856892252],[-96.4945774262858,32.4564056858471],[-96.4940374276841,32.4566256871945],[-96.4936874270197,32.4568356884547],[-96.4935474229424,32.4569756854063],[-96.4934574313734,32.4570556870114],[-96.4933874246694,32.4572856890351],[-96.4933574267724,32.4576556892156],[-96.4933502839931,32.457834307775],[-96.4933474289873,32.4579056872762],[-96.493347603402,32.4579059839293],[-96.4935574301054,32.4582656896141],[-96.4937274302063,32.4587156865264],[-96.4939474307074,32.4590356901223],[-96.4943474302386,32.4594656858118],[-96.4945274278552,32.4596656870503],[-96.4947174291206,32.4600956881503],[-96.494867428839,32.4606256913049],[-96.494922212342,32.4609635083665],[-96.4949274318348,32.46099569322],[-96.494919531764,32.4610351853051],[-96.4948374296244,32.4614456938846],[-96.4947374286468,32.4623656905004],[-96.4946674259345,32.4631256886658],[-96.4945274272932,32.4634356897083],[-96.4942874272678,32.4636956897304],[-96.4940574311395,32.4639556924229],[-96.4939174242444,32.4640556922496],[-96.4937974254783,32.4641456891931],[-96.4937074306455,32.46427569241],[-96.493487428351,32.4646156894888],[-96.4932374294732,32.4649656905947],[-96.4931274254047,32.4654056905033],[-96.4930666678517,32.4656921254191],[-96.4930574274923,32.4657356913729],[-96.4930639878845,32.4657638012883],[-96.4931274340626,32.4660356902952],[-96.4932874274117,32.4664756895632],[-96.4935774270635,32.4668956903164],[-96.4938774341183,32.4672056876519],[-96.4942774254413,32.4674456886469],[-96.4950174295778,32.4678456900621],[-96.495987431335,32.468265691983],[-96.4961174283586,32.4683156906022],[-96.4966974265599,32.4685456906469],[-96.4971174353827,32.46872568704],[-96.497277432928,32.4687956944262],[-96.4974274297908,32.4688556943994],[-96.497787429453,32.4689756939562],[-96.4980874261752,32.4690156931317],[-96.4982174327994,32.4690356873321],[-96.4984774283642,32.469045691343],[-96.4990274342216,32.4690656942912],[-96.4994174299069,32.4690756878407],[-96.4996174300013,32.4690856868411],[-96.5000474296164,32.4691956881288],[-96.5001874272628,32.4692456878374],[-96.5005774275071,32.4694256911739],[-96.5009874283511,32.4696756877249],[-96.5011774341927,32.4697856947367],[-96.5016074328578,32.4702356896397],[-96.5018674316053,32.4705056918652],[-96.5021674333205,32.4709356889553],[-96.5025074317909,32.4716456900083],[-96.5028874295603,32.4724956939549],[-96.503117433984,32.4729456880718],[-96.5033074346871,32.473425694707],[-96.5035574306663,32.4738856919062],[-96.5037174311422,32.4742356913916],[-96.5037574300743,32.4743556944319],[-96.5039074351493,32.4748456889094],[-96.5039474373736,32.4753156895893],[-96.5039574328312,32.476325689287],[-96.5040874326954,32.4768856910081],[-96.5041674309094,32.4771256900845],[-96.5044474337562,32.4775656894857],[-96.504817433845,32.477965691631],[-96.5050974316952,32.4782556921442],[-96.5056374335042,32.4786056930993],[-96.5059974299931,32.4790156909119],[-96.5063974281063,32.4794356892001],[-96.5068474303852,32.4798156876734],[-96.5074574348277,32.4801856957991],[-96.5079974303219,32.4804256912839],[-96.5088674329506,32.480785694502],[-96.5089674296789,32.480815693152],[-96.5091874345269,32.4809056963385],[-96.5094274337114,32.4811156960316],[-96.5095074342898,32.4811756939007],[-96.5098474316226,32.4814656954888],[-96.51009743564,32.4819456901143],[-96.5102974337514,32.4823756934203],[-96.5103604257659,32.4826096519145],[-96.510367437325,32.4826356954376],[-96.5103577585342,32.4826813274705],[-96.5102974333605,32.4829656883251],[-96.5101074304225,32.4833156954269],[-96.5098174350554,32.4836356900895],[-96.5095074319597,32.4839056930299],[-96.5092974372542,32.4840956940048],[-96.5087774351421,32.4844856952328],[-96.5084474281022,32.4847656917513],[-96.5080674338064,32.4850956928661],[-96.5060974307867,32.4862756903171],[-96.5053574330052,32.4867856919342],[-96.5051874366528,32.4868856918104],[-96.5049474360481,32.4870256948557],[-96.5047374296091,32.487085695237],[-96.50439743772,32.4871056920448],[-96.5038674325056,32.4870756958751],[-96.5035274361704,32.4870556937461],[-96.5033374374703,32.487095692384],[-96.5030374286249,32.4871456953815],[-96.5028574327715,32.4872356956524],[-96.5026874305193,32.4873156916433],[-96.502567430781,32.4874056924282],[-96.5024374292631,32.4874956961821],[-96.5022374273324,32.487815698396],[-96.5021274315283,32.4881356906291],[-96.502101149373,32.4886000809259],[-96.5020974358637,32.4886656964972],[-96.5020984735264,32.4886717560178],[-96.5021574338505,32.4890156919888],[-96.5022674314771,32.4892456930715],[-96.5024774327406,32.489595693935],[-96.5026674273327,32.489775698384],[-96.5029274328357,32.4899056951884],[-96.5030074363656,32.4899456971342],[-96.5034274378844,32.490015690987],[-96.5039674317343,32.490025693436],[-96.5046274296411,32.4899956956978],[-96.5047774290064,32.4899856978215],[-96.5050074334844,32.489975695901],[-96.5053274339048,32.4899656940506],[-96.5054874311226,32.4899656926493],[-96.5055974277444,32.4899756932485],[-96.505797433051,32.4899856978607],[-96.5061374382366,32.4900656954532],[-96.5063074330393,32.4901056941535],[-96.5070974319591,32.4905156923948],[-96.5071774348052,32.4905756912654],[-96.5074274360941,32.4907756951654],[-96.5078974334722,32.4910856957878],[-96.508217433345,32.4915156987645],[-96.5086774344039,32.4919756920705],[-96.5088474340111,32.4924156910055],[-96.5089245080801,32.4928299689862],[-96.5089274355216,32.4928456945978],[-96.5089218404582,32.492901645941],[-96.5088674308878,32.4934456897017],[-96.5087074347612,32.4940856975595],[-96.5084274389373,32.4949456996953],[-96.5083774333624,32.4950156950859],[-96.5082174309961,32.4952456927639],[-96.5080274295965,32.4953756961877],[-96.5079074316453,32.4954556955803],[-96.5077974332218,32.4955756948432],[-96.5073874370896,32.4960056950936],[-96.5071474366364,32.4962456995729],[-96.5064674326254,32.4970556924313],[-96.5061474312923,32.4973856942694],[-96.5057374325353,32.4975956920055],[-96.5056274333378,32.4976556936183],[-96.5054774325046,32.4977156941883],[-96.5050374307754,32.4977456925474],[-96.5046774350276,32.4976056970097],[-96.5044574332168,32.4974156950262],[-96.5043676593994,32.4971373899253],[-96.5043574354249,32.4971056958639],[-96.5043703315881,32.4970657159703],[-96.504457431188,32.4967956982008],[-96.5047074345266,32.496485696041],[-96.5047574327471,32.4963756964491],[-96.5048480533593,32.4961853920391],[-96.5048574324917,32.4961656952401],[-96.5048507283838,32.4961137172189],[-96.5048174327005,32.4958556942191],[-96.5045274281687,32.4954556975882],[-96.5041974290153,32.4950556971634],[-96.504067432308,32.4948856940167],[-96.503897429798,32.4944256902571],[-96.5033974348754,32.4940856971365],[-96.5032874320402,32.4939956919124],[-96.503217430216,32.4939656968894],[-96.5029774335864,32.4938356924274],[-96.5028174285846,32.4937756956472],[-96.5026474337083,32.4937356989471],[-96.5023674301618,32.4936956920544],[-96.5021374356929,32.4937356909822],[-96.5019774321944,32.4937656903456],[-96.5018074326966,32.4938056961174],[-96.5015474291251,32.4938756996966],[-96.5011174305814,32.4942156928778],[-96.5008274355381,32.4945956958906],[-96.5007474342345,32.4947256981988],[-96.5005874291379,32.4949956924293],[-96.5005356282621,32.4952201882586],[-96.5005274359328,32.495255695884],[-96.5005329521627,32.4952918612772],[-96.5006174331326,32.4958456945423],[-96.5008274355407,32.4964456945189],[-96.5012174367553,32.4971356955817],[-96.5014974374374,32.4974856927395],[-96.5019174351115,32.4978456941332],[-96.5022974310608,32.4982156963718],[-96.5028674305408,32.4987056982067],[-96.5029374381516,32.4988156968522],[-96.5031374299673,32.4991756941296],[-96.5034774333187,32.4997556946929],[-96.5035774332325,32.5002056986809],[-96.5037274323835,32.5006556996941],[-96.5040774333312,32.5011756908028],[-96.504507431161,32.5016057016651],[-96.5048674398221,32.5019356939929],[-96.5049574296063,32.502005699589],[-96.5051574307125,32.5020856951872],[-96.5057574311099,32.5023256989703],[-96.5060474346533,32.5023356959565],[-96.5062274374978,32.502335698095],[-96.5065974306686,32.5022456948732],[-96.5069674295569,32.5019656951189],[-96.5071674330751,32.5017756978289],[-96.5073574348404,32.5016156992889],[-96.5078374399547,32.5012956955174],[-96.5080474370115,32.5012556944469],[-96.5082174337821,32.501225692731],[-96.5085074356048,32.5012757003653],[-96.5086174372233,32.5012956924265],[-96.5087674296052,32.5013256927789],[-96.509027432187,32.5015856989204],[-96.5091574385434,32.5018056975669],[-96.5092272648218,32.5020850228969],[-96.5092274328362,32.5020856953645],[-96.5092245951378,32.5021566967219],[-96.5092174414277,32.5023356958036],[-96.5091911774419,32.5027120321572],[-96.5091874324419,32.5027656961503],[-96.5091885076787,32.5027837068592],[-96.5092274322299,32.5034356927846],[-96.509417432665,32.5039156970792],[-96.509637433946,32.5045356946417],[-96.5099174343554,32.5054356994247],[-96.5101774370141,32.5060456951627],[-96.5106074344182,32.5069356979371],[-96.5108874344403,32.5075157019576],[-96.5111274357205,32.5079956966353],[-96.5112474315871,32.5084757007481],[-96.511317437106,32.5090656988892],[-96.5113774406238,32.5095156979993],[-96.5115874376745,32.5099857020243],[-96.5120574309141,32.510485699278],[-96.5122674360308,32.510765696746],[-96.5129474370562,32.5113156962158],[-96.5130874315224,32.5115456989407],[-96.513198509686,32.5118604046224],[-96.5132074370369,32.5118856987321],[-96.5131958416943,32.5119320781071],[-96.5131474370027,32.5121256972647],[-96.5129974380085,32.5126256937671],[-96.5128774346909,32.513005698424],[-96.5126374316921,32.5132357000359],[-96.5124674395746,32.513275697676],[-96.5122674389658,32.5133156985942],[-96.5118574356496,32.5131156997182],[-96.5117274317276,32.513055698382],[-96.5111274332625,32.5124256986564],[-96.5109074385314,32.512195699313],[-96.5106174345235,32.5118756975041],[-96.5102574347713,32.5116057018478],[-96.5098474353793,32.5114256982954],[-96.509427437048,32.5112756997625],[-96.5089674371551,32.5113456954754],[-96.5086474361966,32.5114956988654],[-96.5084474325665,32.5117356988968],[-96.508197432676,32.5119656973568],[-96.5077774366662,32.5126057005436],[-96.5075774382626,32.5128657004856],[-96.5074774333163,32.5129957001848],[-96.5070074369333,32.5132356961469],[-96.5066174342794,32.5132356992065],[-96.506407437486,32.5132356970887],[-96.5059374352816,32.5130556969159],[-96.5055174328791,32.512875702227],[-96.5050074362853,32.5122756991659],[-96.504577431023,32.5120356974634],[-96.5044774368945,32.5119856966422],[-96.5038774342051,32.5117856966302],[-96.5037374362241,32.5117756989056],[-96.5034774351049,32.5117256972812],[-96.502887433285,32.5116956983888],[-96.5026474366303,32.5117357003519],[-96.5024974311478,32.5117556961159],[-96.5022074353836,32.5117956970165],[-96.5020874314292,32.5118656956964],[-96.5019574295817,32.5119456980692],[-96.5018274364483,32.5120756971518],[-96.5016274337335,32.5122456975474],[-96.5014974331965,32.5124057014755],[-96.5014174369323,32.5125056989504],[-96.5014018024748,32.5127401625355],[-96.5013974333073,32.5128056991055],[-96.5013991264364,32.5128118375778],[-96.5014774370589,32.5130957001589],[-96.5017774372505,32.5134956988514],[-96.502317432505,32.5139356993226],[-96.5029174397913,32.5145856992153],[-96.5034274331599,32.5152057007802],[-96.5037174379745,32.5155856991308],[-96.5039974320581,32.5158156976845],[-96.5043874337616,32.5159756993018],[-96.5046974307067,32.5160157000917],[-96.505297438304,32.516035702434],[-96.5055974323834,32.516025698039],[-96.5057574329289,32.5160157000758],[-96.5060874318612,32.5161156994061],[-96.5064674347251,32.5162757008836],[-96.50658743547,32.5163156997199],[-96.506887438779,32.5163956948046],[-96.5071974344672,32.5166557024542],[-96.5074874376823,32.517005697154],[-96.5075310095781,32.5172758616413],[-96.5075374331137,32.5173156976215],[-96.5075283380633,32.5173475375291],[-96.5074374387698,32.5176656983897],[-96.5071274374383,32.5179857000893],[-96.5068774327171,32.5180756971316],[-96.5065974342446,32.5180857010655],[-96.5062974361133,32.51801569988],[-96.5061674356088,32.517985699492],[-96.5059874326262,32.5179656978938],[-96.5056274335073,32.5179157044339],[-96.5054374317041,32.5178756999521],[-96.5053574382256,32.5178557021429],[-96.5051374371273,32.517935698698],[-96.5049474304718,32.5181556984624],[-96.5049224386275,32.5184722924968],[-96.5049174331412,32.518535698602],[-96.5049197661832,32.5185439674083],[-96.5050274355734,32.518925701197],[-96.5051274354795,32.5195556998999],[-96.5051526254794,32.5197992605816],[-96.5051574309669,32.5198457004596],[-96.5051499531734,32.5198709354442],[-96.5050774368841,32.5201157016919],[-96.5049074330745,32.5204657004716],[-96.5046174335306,32.520975700356],[-96.5043074343027,32.521345701619],[-96.5041202796183,32.5217480880076],[-96.5041074371027,32.5217756983557],[-96.5041176054352,32.5218197618385],[-96.5041674370728,32.5220356999915],[-96.5042074300454,32.5224257013036],[-96.5041987379077,32.522799531712],[-96.5041974307277,32.5228556990049],[-96.5041960637883,32.522871204599],[-96.5041374348371,32.5235357010687],[-96.5039774372325,32.5240757011526],[-96.5037874365112,32.5244957029208],[-96.5034974326522,32.5249756989159],[-96.5032974337582,32.5254757000464],[-96.5032533224662,32.5259520742014],[-96.5032474311875,32.5260157030466],[-96.5032506464344,32.5260237478156],[-96.5034274365842,32.5264657006322],[-96.5036474320839,32.5267457001766],[-96.5037774345561,32.5268257033523],[-96.5041374307992,32.527025703605],[-96.5044474361044,32.5270857031665],[-96.5046074331,32.5271257004021],[-96.504917437522,32.5270657019367],[-96.5051774381135,32.5269057005034],[-96.5053567353388,32.5264674155003],[-96.505357438453,32.5264656988792],[-96.5053594086732,32.5263957427355],[-96.5053755665626,32.5258220948984],[-96.5053774369976,32.5257557000467],[-96.5053782398979,32.525750421204],[-96.5054474338777,32.5252957024551],[-96.5055374318768,32.5251756986298],[-96.5057374390553,32.524895698379],[-96.5060474347525,32.5248057019597],[-96.5063874330883,32.5249856996764],[-96.506617435389,32.5252557013033],[-96.5068574391644,32.5254156997872],[-96.5069274376193,32.5254657034169],[-96.5071974323142,32.5259157009397],[-96.5074774319993,32.526175705717],[-96.5076874341061,32.5264057013611],[-96.5081574342143,32.5264457023051],[-96.5084274342763,32.5264457022489],[-96.5088274347154,32.5264257029243],[-96.5091174348134,32.5264857023185],[-96.5093174423013,32.5265156993596],[-96.5096874375001,32.5266956991941],[-96.5098374379249,32.526975702672],[-96.5100074378767,32.5274156995574],[-96.5100753405033,32.5282111171668],[-96.5100774377116,32.528235703492],[-96.5100726706899,32.5282827908573],[-96.5100033521584,32.5289672723224],[-96.5099974336795,32.5290257059521],[-96.5100006833344,32.5290389460092],[-96.5101274411349,32.5295557018282],[-96.5101861620632,32.5300451113704],[-96.5101874331418,32.5300557007883],[-96.5101834923496,32.5301167831827],[-96.5101674332825,32.5303657037387],[-96.5099674350437,32.5306757006295],[-96.509847433597,32.5307857008516],[-96.5097674404806,32.5308657026586],[-96.5095274376609,32.5309657007627],[-96.5093374402231,32.5310457068039],[-96.5091974377998,32.5310456989929],[-96.5089374398347,32.5310557022825],[-96.5082874386494,32.5309457014122],[-96.5079074350798,32.5310257003256],[-96.5077774377353,32.5310957042483],[-96.5076274374638,32.5311757021649],[-96.5073574386447,32.5315056990128],[-96.5072274316811,32.5320157006455],[-96.5072027511697,32.5322543038022],[-96.5071974354826,32.5323057031623],[-96.5072000801439,32.5323259763949],[-96.507257430448,32.5327656986123],[-96.5073674396111,32.533085703253],[-96.5077774308482,32.5333857043014],[-96.5079274366933,32.5334557022449],[-96.5084374341989,32.5337157024136],[-96.5087774367735,32.5338356976009],[-96.5088674364431,32.5338657040704],[-96.5090174373967,32.5338957006099],[-96.5094274380375,32.5340557001449],[-96.509787439644,32.5342456971029],[-96.509897437378,32.5343057045868],[-96.5099574388464,32.5343557037022],[-96.5102174407044,32.5345857023835],[-96.510517435903,32.5347657025179],[-96.5105874369659,32.5348157019433],[-96.5107774373553,32.5351257001239],[-96.5108974348291,32.535445699464],[-96.5110874356624,32.5356057005864],[-96.5111674365141,32.5356557056638],[-96.5114674369743,32.535785701386],[-96.5121474405502,32.5359457033036],[-96.51279743565,32.5361256981197],[-96.5131474428734,32.5362157024104],[-96.5133374357804,32.5362557029772],[-96.5134474357986,32.5362957010852],[-96.513667439546,32.5363557062251],[-96.5139574357167,32.536335702868],[-96.5142274353203,32.5362457062104],[-96.5143974345785,32.5361756992333],[-96.5144987663652,32.5358717188639],[-96.5145074394553,32.5358456984191],[-96.5145014330097,32.5358000453921],[-96.5144574407433,32.5354657044586],[-96.51436743562,32.5351757053875],[-96.5143774359947,32.5347857019952],[-96.5143698474481,32.5346111364625],[-96.514367437921,32.5345557073534],[-96.5143725141553,32.5345394629419],[-96.5145174412391,32.5340757048587],[-96.5147274359035,32.5337657011295],[-96.5147874377888,32.5336857042003],[-96.5149574390802,32.5334457019745],[-96.5150773182894,32.5331360027187],[-96.5150774351365,32.5331357012332],[-96.5150799854459,32.5330643300549],[-96.5150974377607,32.5325757076094],[-96.5151053731115,32.5323060134983],[-96.5151074421137,32.5322357050461],[-96.5151080391905,32.5322343398688],[-96.515317437213,32.5317557036568],[-96.5154774414838,32.5316157029777],[-96.5155874367152,32.5315357031845],[-96.5157774338945,32.5315056994026],[-96.5158674347957,32.5314957020881],[-96.5163274401604,32.5316057036972],[-96.51669743526,32.5318257029607],[-96.5169174358161,32.5319557032211],[-96.5171574382811,32.5320457026042],[-96.5173774350332,32.5320157014137],[-96.5175174386853,32.5319956995924],[-96.5177174440515,32.5318557030667],[-96.5179074373452,32.5317256972247],[-96.5180574370108,32.5316357017529],[-96.5182074416374,32.5315556994424],[-96.5185374401265,32.5314757002814],[-96.5187374379,32.5314757025951],[-96.5189774394852,32.5314857042427],[-96.5193274334874,32.531595701146],[-96.5196774395983,32.5317856998923],[-96.5198274389542,32.5318757046194],[-96.5198974415236,32.5319357013319],[-96.5201574404721,32.5322057042675],[-96.5203674377921,32.532495699806],[-96.5204474422061,32.5327457004207],[-96.5205274375534,32.5332257020775],[-96.5205363276985,32.5336345747899],[-96.5205374398331,32.5336857037802],[-96.5205336657312,32.5337062484731],[-96.5204474403129,32.5341757023293],[-96.5202274417316,32.5347457053713],[-96.5200474386231,32.5350957049106],[-96.5200001014227,32.5351809063018],[-96.5199974370764,32.5351857035193],[-96.5199974389342,32.535252581717],[-96.5199974417435,32.5353057039607],[-96.5201474398061,32.5354056984063],[-96.5203274425054,32.5354057001959],[-96.5206174397549,32.5354057037743],[-96.52105744383,32.5353857054629],[-96.5213574400813,32.5353857063007],[-96.5215974393066,32.5354257012549],[-96.5220374428715,32.5354956995805],[-96.5224474405646,32.5356057040754],[-96.5227074358282,32.5356757056133],[-96.5230074405012,32.5357856972267],[-96.5235774362834,32.5360357055136],[-96.5239374422245,32.5363157002201],[-96.5240674422634,32.5364156971121],[-96.5243974374715,32.5367057043664],[-96.5244474393573,32.5371157043272],[-96.5245102287322,32.5374385945929],[-96.5245174449047,32.5374757033032],[-96.5245075697297,32.5375102672988],[-96.5244375032746,32.5377554929314],[-96.5244374443014,32.5377557019623],[-96.5244348442074,32.5378271656229],[-96.5244200379916,32.5382342469646],[-96.5244174404386,32.5383056989234],[-96.5244173798965,32.5383059214705],[-96.5242374407467,32.5389657040276],[-96.5239874359498,32.5393957038718],[-96.5237774368584,32.5398457052388],[-96.5237134238906,32.5402480937138],[-96.5237074398612,32.5402857023906],[-96.5237107641989,32.5403197662886],[-96.5237474420406,32.5406957040128],[-96.5240374394571,32.5411757023399],[-96.5243074435591,32.5414157004788],[-96.5243974367937,32.5415057058831],[-96.5245274432447,32.5415357013163],[-96.5247674417179,32.5415957022863],[-96.5249874444336,32.5415757028809],[-96.525157441778,32.5415656994972],[-96.5257374423755,32.5412357001244],[-96.5260374397039,32.5409757004638],[-96.5261874376936,32.5408457017151],[-96.5263174414974,32.5405357031683],[-96.5264374412982,32.5401356990269],[-96.5268474451964,32.5397457054282],[-96.5272474418676,32.5396057064068],[-96.5276074420909,32.5395957000894],[-96.5278074432577,32.5395857004401],[-96.5283274415644,32.5396057072142],[-96.5284374373291,32.5396557034322],[-96.5287874437227,32.5397856997058],[-96.5290874422817,32.5400657031348],[-96.5292218966152,32.5404114431979],[-96.5292274399131,32.5404257034833],[-96.5292192399657,32.5404831185586],[-96.5291774468477,32.5407757053607],[-96.5290074377307,32.5412557072133],[-96.5286274408466,32.5419357023261],[-96.5285659909176,32.5423570772717],[-96.5285574436312,32.5424157005256],[-96.5285633348776,32.5424287498588],[-96.5288374432595,32.5430357068838],[-96.5292074439597,32.5435057037181],[-96.5294774400109,32.5440557029437],[-96.5296674432885,32.5443956980065],[-96.5298074424545,32.5449757055046],[-96.5298774404023,32.5453857051904],[-96.5260174447045,32.5453557081479],[-96.523327440111,32.5453457030385],[-96.5219874457742,32.6188457154458],[-96.5218674401136,32.6250757179657],[-96.5218174434524,32.6252057179206],[-96.5214674453708,32.6448257223814],[-96.5208574486491,32.6798257277602],[-96.520707448512,32.6860257306269],[-96.520587453306,32.694395729274],[-96.5201374515399,32.7194157361551],[-96.5198174533546,32.7393057415443],[-96.5196474496855,32.7501057433358],[-96.5196174527445,32.755085741991],[-96.5195774493707,32.7598657517385],[-96.5195374574582,32.7651457477176],[-96.5194274522573,32.7752457454421],[-96.5193874554711,32.7809457495605],[-96.5193674547703,32.7840457494911],[-96.5192374555866,32.7941457522533],[-96.5191674574265,32.8007957521049],[-96.5190574533257,32.8104057582584],[-96.5190174538164,32.8139157559208],[-96.511827451285,32.813875755218],[-96.5003574483805,32.8138157577385],[-96.5002674531136,32.8139757584895],[-96.4863774476317,32.8139557562917],[-96.4842574427394,32.8139557555151],[-96.4781074430703,32.8139257574064],[-96.4610774395131,32.8139457609847],[-96.4445074380394,32.813925760024],[-96.4369574392554,32.8139557621854],[-96.4336374383484,32.8139757572711],[-96.4256374343809,32.8139457583278],[-96.4205774310951,32.8139257606924],[-96.4085474237,32.8139257590571],[-96.3935874263609,32.8139257574352],[-96.3805774208496,32.8139557577355],[-96.375237418343,32.8139157593958],[-96.3465574114841,32.8140357647617],[-96.3396574088925,32.8140457637105],[-96.3270374078625,32.8140757636491],[-96.3181173992913,32.8141357671709],[-96.3135674088978,32.8141657639133],[-96.297497397784,32.8141657662588],[-96.2974173934337,32.8190557701911],[-96.2973773972337,32.826485765417],[-96.2973574009752,32.8340357678701],[-96.2973373965164,32.8393357728229],[-96.2973274010609,32.8417057706753],[-96.2968474036655,32.8416957711022],[-96.2759873951515,32.8413757702548],[-96.2696373992022,32.8412457697343],[-96.260787388823,32.8410857704067],[-96.2534673898541,32.8409357724672],[-96.2502173914526,32.8408757723583],[-96.250167395695,32.8410857764949],[-96.1655973685757,32.8398457760371],[-96.1276473559174,32.8392957805279],[-96.1188373554178,32.839135776641],[-96.0767073469256,32.8384857765035],[-96.0764873421934,32.7889157706918],[-96.0763673418181,32.7705757674126],[-96.0763573407485,32.7530657622401],[-96.0763573330898,32.7502057662277],[-96.0762873375522,32.7500157559322],[-96.0762773372767,32.7473757632599],[-96.0761173396898,32.7012657541353],[-96.0760873368673,32.6911257537274],[-96.0759573375792,32.6680657459155],[-96.075887331329,32.6445557435661],[-96.075907334229,32.6384557378833],[-96.0759273307218,32.6304457364892],[-96.0759473279718,32.6252557335955],[-96.0759073310226,32.6058057353367],[-96.0759273339775,32.5997257381352],[-96.0758873296353,32.5777857301027],[-96.0758973257636,32.5694457275758],[-96.0758773260147,32.5533357248926],[-96.0758673296653,32.5366757227364],[-96.0758773226065,32.5302957229188]]]},"properties":{"FIPS_ST_CNTY_CD":"48257","CNTY_NM":"Kaufman"}},{"type":"Feature","geometry":{"type":"Polygon","coordinates":[[[-97.9215378212795,33.0012057305677],[-97.9182778190998,33.0011457307224],[-97.9169578173384,33.0011257275867],[-97.8643078056473,33.0001857318845],[-97.8594878055992,33.0001457352538],[-97.8552378039482,33.0001057304269],[-97.8526677981134,33.0000457259879],[-97.8490677998996,32.9999557336634],[-97.8398277972434,32.9997857313195],[-97.8292377926818,32.9995657331551],[-97.8231977952806,32.9994357365026],[-97.8140777922985,32.9992557304223],[-97.800757792786,32.9989657347675],[-97.7953177843879,32.9988457360112],[-97.7811677810631,32.9985557319932],[-97.7735977843419,32.9984057367227],[-97.7661877828093,32.998205740331],[-97.7503977784457,32.9978957381342],[-97.7503277781698,32.9978757345465],[-97.7502177740909,32.9978457354764],[-97.7376477723408,32.9975757364873],[-97.730327774033,32.9974257353978],[-97.7119177701514,32.9971057366793],[-97.6641577562751,32.9961957430103],[-97.6460677558669,32.9958957398377],[-97.6205077420279,32.9954357381354],[-97.5897777327153,32.9948757473428],[-97.5660777296284,32.9944657431806],[-97.544127725639,32.9940457471017],[-97.544328316114,32.981038107467],[-97.5443734600254,32.9781101925169],[-97.5445477298482,32.9668057355441],[-97.5450377223019,32.9417057338367],[-97.5451039443121,32.9385124761968],[-97.5452133330156,32.9332371479535],[-97.5453877253755,32.9248257352552],[-97.5458827955704,32.8967381302574],[-97.5461125073274,32.8836994219552],[-97.5461277241087,32.882835724379],[-97.5462177200704,32.8751657217772],[-97.5463277232327,32.8750957215816],[-97.5465677201811,32.8635757227897],[-97.547717719403,32.8056457060289],[-97.5482277092774,32.7766356997068],[-97.5484377084081,32.7631757066426],[-97.5487686367892,32.7450999205545],[-97.5492077100553,32.7211056872806],[-97.5492677104632,32.7147956925363],[-97.5493477082118,32.7085656891915],[-97.54982771264,32.6795156899657],[-97.5498377077703,32.6746856873714],[-97.5499177046989,32.6668656820711],[-97.5499477108599,32.6626856788544],[-97.5499677114494,32.6580056825415],[-97.5500177131317,32.6537456843024],[-97.5500377117561,32.645945680781],[-97.5501077069012,32.6390956805815],[-97.5501477035914,32.6330356785524],[-97.5501734393758,32.6296900853373],[-97.5502077046314,32.6252356754213],[-97.5501777046102,32.6245756779648],[-97.5502077075057,32.6198156760799],[-97.5501877074157,32.6161756737009],[-97.5501777055514,32.6114556732607],[-97.550257700962,32.6031056743777],[-97.5502977086441,32.5973656734319],[-97.5503377057422,32.5884656681577],[-97.5503676990234,32.5841756692306],[-97.5504377043749,32.5760956637636],[-97.5504977045965,32.5679356625619],[-97.5506077006997,32.5550556614648],[-97.616909984267,32.556313735474],[-97.6253077226778,32.5564706765145],[-97.6421119348778,32.556783101459],[-97.6430877258127,32.5567956615692],[-97.6518277316318,32.5569156593863],[-97.6568620800221,32.5569837195411],[-97.6741277381002,32.5572156577455],[-97.6782157620534,32.557271689434],[-97.6944734788458,32.5574932604133],[-97.6972068117428,32.557530312258],[-97.6988695376578,32.557552824481],[-97.7005451534143,32.5575754891424],[-97.7083268992489,32.5576804678903],[-97.7109043753612,32.5577151361789],[-97.7236377412059,32.5578856599532],[-97.7329197980302,32.5580118204885],[-97.7479763558851,32.5582150617808],[-97.7582558499441,32.5583528223395],[-97.7584677518845,32.5583556548665],[-97.7630405995809,32.5584076107013],[-97.7663977565373,32.5584456527675],[-97.7708877556932,32.5584956567243],[-97.7784877579968,32.5585856501395],[-97.7952177592473,32.5587656496311],[-97.8038777617214,32.558855654348],[-97.8085477633964,32.5589056501722],[-97.8145477729367,32.5589756475119],[-97.8257177760143,32.5590856544271],[-97.8465277761266,32.5593556502541],[-97.8528477756138,32.5594256469325],[-97.8570477787201,32.559465651601],[-97.8710977817687,32.559635649534],[-97.8749477859853,32.5596656488753],[-97.882717785661,32.5597256527759],[-97.8927477830037,32.5598056503018],[-97.896047787277,32.559835652568],[-97.9058577923693,32.5599556499587],[-97.911623137283,32.5600071701582],[-97.9159477920871,32.5600456467936],[-97.9260677918014,32.560165650483],[-97.9388978010675,32.5603056431008],[-97.942387802107,32.5603456448777],[-97.9501778002602,32.5604256457236],[-97.9617278009372,32.5605656430698],[-97.966027807052,32.5606056473153],[-97.9749278121552,32.5606856500108],[-97.9984778084811,32.5611356454654],[-97.999767815617,32.5611556471763],[-98.0002378170037,32.561165640946],[-98.0003778136873,32.5611356473935],[-98.0004578088438,32.5611356467528],[-98.0072778121728,32.5611756437509],[-98.0270478194501,32.5614956464497],[-98.066717829458,32.5622256410565],[-98.066677832089,32.5638756415985],[-98.0665378316543,32.5669056413214],[-98.0663978273051,32.5715856435117],[-98.0662978348597,32.5745356406423],[-98.066177831737,32.5785356399105],[-98.0660778336435,32.5807456456087],[-98.0659978343487,32.5832756439469],[-98.0659278321691,32.5846756459134],[-98.0658578348984,32.5872056500811],[-98.0657478347999,32.5902456455485],[-98.0656578297564,32.5935456519814],[-98.0655678306774,32.5963256467291],[-98.0654778327482,32.5987056449518],[-98.0653878347977,32.6012556462293],[-98.0653078359832,32.6031056483049],[-98.0651678368794,32.6073056542911],[-98.0650778303033,32.6100456465508],[-98.0649578321949,32.6139156530493],[-98.0647878271809,32.6199456528598],[-98.0646978310417,32.6219456523094],[-98.0645878343106,32.6250156562481],[-98.0645678332727,32.6260656568806],[-98.0645178311545,32.6266656515534],[-98.0643078357372,32.6349456549319],[-98.0639578380678,32.6495056578867],[-98.0619778365718,32.7392556742201],[-98.0618478396956,32.746405674084],[-98.0617778398793,32.750005676022],[-98.061827835294,32.7501556759327],[-98.0615078425118,32.7621756794628],[-98.0610978405763,32.778615680144],[-98.0607678402178,32.7911256829586],[-98.0605478401991,32.8003956832391],[-98.060127847788,32.8183856914614],[-98.0597578424972,32.8334956941752],[-98.0578778504046,32.9170157053662],[-98.0568678532017,32.9608057139563],[-98.0566978560991,32.9700357172584],[-98.0559678582755,33.0036057227121],[-97.9773678309439,33.0021257254524],[-97.9615178352259,33.0018957299966],[-97.9499678294155,33.0016957251891],[-97.9360978266818,33.0014557306648],[-97.9252278182122,33.0012757305279],[-97.9215378212795,33.0012057305677]]]},"properties":{"FIPS_ST_CNTY_CD":"48367","CNTY_NM":"Parker"}},{"type":"Feature","geometry":{"type":"Polygon","coordinates":[[[-96.2974245183484,32.974298761248],[-96.2974174065849,32.9565757920144],[-96.2973574093515,32.9343057832786],[-96.2973374023496,32.877375775641],[-96.2973574017564,32.874845778713],[-96.2973374003628,32.8480657729815],[-96.2973274010609,32.8417057706753],[-96.2973373965164,32.8393357728229],[-96.2973574009752,32.8340357678701],[-96.2973773972337,32.826485765417],[-96.2974173934337,32.8190557701911],[-96.297497397784,32.8141657662588],[-96.3135674088978,32.8141657639133],[-96.3181173992913,32.8141357671709],[-96.3270374078625,32.8140757636491],[-96.3396574088925,32.8140457637105],[-96.3465574114841,32.8140357647617],[-96.375237418343,32.8139157593958],[-96.3805774208496,32.8139557577355],[-96.3935874263609,32.8139257574352],[-96.4085474237,32.8139257590571],[-96.4205774310951,32.8139257606924],[-96.4256374343809,32.8139457583278],[-96.4336374383484,32.8139757572711],[-96.4369574392554,32.8139557621854],[-96.4445074380394,32.813925760024],[-96.4610774395131,32.8139457609847],[-96.4781074430703,32.8139257574064],[-96.4842574427394,32.8139557555151],[-96.4863774476317,32.8139557562917],[-96.5002674531136,32.8139757584895],[-96.5003574483805,32.8138157577385],[-96.511827451285,32.813875755218],[-96.5190174538164,32.8139157559208],[-96.5189474585439,32.820125756789],[-96.5189244882168,32.8225892223896],[-96.5189074532647,32.8244157564074],[-96.5188174559988,32.8319257545827],[-96.5187674552541,32.8386657601273],[-96.5187174529783,32.8444557621275],[-96.5185974565307,32.8548857625865],[-96.5185174613689,32.8632357652125],[-96.5183574614199,32.8770657692403],[-96.5183074589806,32.8840757649832],[-96.5183074561189,32.888465766759],[-96.5182674630222,32.8916057732905],[-96.5182674592547,32.8936257658984],[-96.5181374589842,32.904115771068],[-96.5179574646067,32.9130257767348],[-96.517737468146,32.9235557768045],[-96.517407461263,32.9412657785301],[-96.5172374625442,32.941565781148],[-96.5171674662229,32.9458757775752],[-96.5172674659914,32.946085785306],[-96.5173474662258,32.9462557803148],[-96.5173374631187,32.9471257800464],[-96.5171674673146,32.9579857833837],[-96.5170674594439,32.9680357858053],[-96.5168874693244,32.9824357913047],[-96.5163274665611,32.982425786606],[-96.5160074686671,32.9824257900687],[-96.510877464816,32.9823257868143],[-96.5033774632968,32.9821857882644],[-96.500247465547,32.9821357889071],[-96.4975874554774,32.982145788838],[-96.4959874619292,32.9821557886873],[-96.4836374542458,32.9821757842193],[-96.4761474573527,32.9822157910504],[-96.4708374554677,32.9822457875884],[-96.4643774533933,32.9822757909013],[-96.4597274477536,32.9822857921778],[-96.4530874492771,32.9822957899403],[-96.444117446304,32.9823257901437],[-96.439597447061,32.9823457916555],[-96.4382774453932,32.9823557896532],[-96.4348574393481,32.9823657948939],[-96.4297874432982,32.9823157891538],[-96.4266974467648,32.9822757925905],[-96.4192874364307,32.9822057923863],[-96.4163174432646,32.9822057910425],[-96.4054774350863,32.9821457935878],[-96.3810874304463,32.9820957927455],[-96.3750774256698,32.9820657924159],[-96.3722474285092,32.9820657939662],[-96.3720374303537,32.9820657892902],[-96.3665674241364,32.9820557956979],[-96.3614874286839,32.9819957942452],[-96.3509774168433,32.9818857933347],[-96.3428361293507,32.9817984809044],[-96.34165742594,32.9817857969888],[-96.3415374242573,32.9817857947068],[-96.3382674186841,32.9817457948828],[-96.3154674145252,32.9815558004341],[-96.3042774105301,32.9815157972893],[-96.2974274070491,32.9814957979353],[-96.2974245183484,32.974298761248]]]},"properties":{"FIPS_ST_CNTY_CD":"48397","CNTY_NM":"Rockwall"}},{"type":"Feature","geometry":{"type":"Polygon","coordinates":[[[-96.3845874551436,33.3978858758776],[-96.3845274576653,33.3957158699635],[-96.3844974611669,33.3927958684399],[-96.3843674546896,33.3835458665081],[-96.3844674504534,33.3730258710075],[-96.3844974553679,33.3726158691572],[-96.3845174540613,33.3720758671429],[-96.3844874558794,33.3718858648806],[-96.3844874580132,33.3717758618423],[-96.3845174534963,33.3711758676778],[-96.3844874576414,33.3709958711203],[-96.3845174577829,33.3702158636062],[-96.3844874574475,33.3701758639351],[-96.3845074601045,33.3693958707334],[-96.3844774587235,33.3693158658457],[-96.384517456023,33.3687358610591],[-96.384497453732,33.368515866583],[-96.384497457254,33.3683358623358],[-96.3844774552308,33.3673358638641],[-96.3845074550305,33.3667458626335],[-96.3844674498167,33.3666258669567],[-96.3844874526739,33.365895865419],[-96.3844774593375,33.364995864539],[-96.3844674565876,33.3645858619084],[-96.3844674520032,33.3640958680184],[-96.3844874540699,33.3634558697489],[-96.3844874513501,33.3632058669514],[-96.3844674538479,33.362895865816],[-96.3844774606846,33.3624358680729],[-96.3844674571539,33.3619358659564],[-96.3844874567184,33.3615058696154],[-96.384467453026,33.360985865584],[-96.3844474513598,33.3605258596046],[-96.3844674567516,33.3597758643991],[-96.3844374572323,33.3595058662531],[-96.384467454479,33.3589858608798],[-96.3844274529323,33.3586758599762],[-96.3844674561349,33.3580058668522],[-96.3844474572866,33.3571758644907],[-96.3844674557327,33.3558458582803],[-96.3844674547578,33.3553158670785],[-96.3844474530993,33.3550558644637],[-96.3844674530327,33.354495865467],[-96.3844474515509,33.3542358626764],[-96.3844474564472,33.352955866492],[-96.3844474573533,33.3526358615799],[-96.3844374568937,33.3519358611749],[-96.3843774542103,33.3515758661239],[-96.3843974583253,33.3511358657583],[-96.3843374569769,33.349755864826],[-96.3843674560788,33.3492658597773],[-96.3843774550533,33.3477658609132],[-96.384387453504,33.346845859991],[-96.3844174574936,33.3456758625551],[-96.3844074557848,33.3447858613859],[-96.3844274521936,33.3432358591453],[-96.3844274571401,33.3428258617132],[-96.3844474553352,33.3421658627642],[-96.3844674503111,33.341245860027],[-96.3844474553894,33.3410458600192],[-96.384377456038,33.3410458624911],[-96.3842674557064,33.3410558600419],[-96.384137453937,33.3410758657107],[-96.3839974535203,33.3411058630651],[-96.3838874584174,33.3411158613482],[-96.3837774514287,33.3411258601172],[-96.3832274557575,33.3412058564362],[-96.381517450433,33.341455859002],[-96.3800574537273,33.3416058617673],[-96.3784974521265,33.341825860467],[-96.3780374541564,33.3418958601088],[-96.3772974513841,33.342005859243],[-96.3766974484136,33.3420958626312],[-96.3764174539129,33.3421258633185],[-96.3759874502987,33.3421658603784],[-96.3756774505881,33.342195856308],[-96.3755074516776,33.3422158645102],[-96.3749874573322,33.3423258598501],[-96.3744174490453,33.3424058653808],[-96.3742374529934,33.3424258588576],[-96.3738974540992,33.342455858048],[-96.3733274537119,33.3425258602897],[-96.3728774522479,33.3425758621032],[-96.3719674518991,33.3426858575366],[-96.3714074507084,33.3427458660478],[-96.3712574549361,33.3427658631904],[-96.3710474473754,33.3428058573188],[-96.3693474476872,33.3429958567308],[-96.368367449486,33.3431058617866],[-96.3677074494388,33.3431858623511],[-96.3666774538861,33.3433258625978],[-96.3660774498601,33.3433858639553],[-96.3655974448118,33.3434358637105],[-96.3640874486354,33.3436358625564],[-96.363087446106,33.343755860898],[-96.3617674457894,33.3439258593445],[-96.360057444736,33.3441058623323],[-96.3590974485324,33.3442058621404],[-96.3582774513523,33.3443258592315],[-96.3578574454746,33.3443758595517],[-96.3572674465323,33.3444458625386],[-96.35573744513,33.3446258616408],[-96.3540874479016,33.3448258622889],[-96.3528274458421,33.3449758651266],[-96.351627444187,33.3451158634587],[-96.3495674487433,33.3453658638443],[-96.3458374411917,33.3458358645479],[-96.3418574421808,33.3463058633228],[-96.3364374430733,33.3469558619078],[-96.3331774368725,33.3473658607684],[-96.3277074397042,33.3480058655623],[-96.3261674385404,33.3481958595843],[-96.3246574426754,33.3483958675856],[-96.3245174404929,33.3484058650414],[-96.3242074423446,33.3484258674922],[-96.3229774373904,33.3485958645053],[-96.3210074390109,33.3488358684552],[-96.318327438917,33.3491758681488],[-96.3178474365731,33.3492158672028],[-96.3174674359491,33.3492458679164],[-96.3134374389133,33.3497158639173],[-96.312327436105,33.3498358663177],[-96.3115774376375,33.3499558666535],[-96.3112274388463,33.3500058651011],[-96.3107574410246,33.3500158633355],[-96.3105074344579,33.3500258675076],[-96.3099374400647,33.3500958644845],[-96.3089674399316,33.3502258655057],[-96.3064974334116,33.3504958659326],[-96.3050474339451,33.3506558643844],[-96.3032674294783,33.3508758675745],[-96.3007274382127,33.3511958691424],[-96.2974374363803,33.3516158655363],[-96.2956574351565,33.3518558624514],[-96.2954174332964,33.3518758672623],[-96.2953374287577,33.3020958554508],[-96.295357425374,33.2812958559969],[-96.2953674254365,33.2501658486723],[-96.2952574288858,33.25003584493],[-96.2952674222426,33.2467258462509],[-96.2953274280369,33.2343658439879],[-96.2954174237623,33.2132358383798],[-96.2954674173941,33.1962858368728],[-96.2955274197839,33.1858258318055],[-96.2955574184833,33.1751958303851],[-96.2956674215663,33.1667658339803],[-96.2957374163528,33.1585958247381],[-96.2958074163555,33.1512958272353],[-96.295897415339,33.1433258270002],[-96.2959674175385,33.1384858231727],[-96.2960674160616,33.1268258206338],[-96.2961074186134,33.1052558204093],[-96.2961874198804,33.1000658160864],[-96.2962774197767,33.0888758143096],[-96.2963574155018,33.074245811201],[-96.2964474121332,33.065935809399],[-96.2965274144845,33.0587558132502],[-96.2966374167288,33.0488258094308],[-96.2967274120614,33.0384958083762],[-96.2968174150613,33.0292258038466],[-96.2969174096272,33.017605804836],[-96.2970174132008,33.0067158051886],[-96.2970249326864,33.0062811663425],[-96.2972274152406,32.9945758017584],[-96.2974274070491,32.9814957979353],[-96.3042774105301,32.9815157972893],[-96.3154674145252,32.9815558004341],[-96.3382674186841,32.9817457948828],[-96.3415374242573,32.9817857947068],[-96.34165742594,32.9817857969888],[-96.3428361293507,32.9817984809044],[-96.3509774168433,32.9818857933347],[-96.3614874286839,32.9819957942452],[-96.3665674241364,32.9820557956979],[-96.3720374303537,32.9820657892902],[-96.3722474285092,32.9820657939662],[-96.3750774256698,32.9820657924159],[-96.3810874304463,32.9820957927455],[-96.4054774350863,32.9821457935878],[-96.4163174432646,32.9822057910425],[-96.4192874364307,32.9822057923863],[-96.4266974467648,32.9822757925905],[-96.4297874432982,32.9823157891538],[-96.4348574393481,32.9823657948939],[-96.4382774453932,32.9823557896532],[-96.439597447061,32.9823457916555],[-96.444117446304,32.9823257901437],[-96.4530874492771,32.9822957899403],[-96.4597274477536,32.9822857921778],[-96.4643774533933,32.9822757909013],[-96.4708374554677,32.9822457875884],[-96.4761474573527,32.9822157910504],[-96.4836374542458,32.9821757842193],[-96.4959874619292,32.9821557886873],[-96.4975874554774,32.982145788838],[-96.500247465547,32.9821357889071],[-96.5033774632968,32.9821857882644],[-96.510877464816,32.9823257868143],[-96.5160074686671,32.9824257900687],[-96.5163274665611,32.982425786606],[-96.5168874693244,32.9824357913047],[-96.5173674675136,32.9824457910311],[-96.517677462391,32.9824457862567],[-96.5293974710182,32.982635784833],[-96.5437474728789,32.9828557886303],[-96.5468174755986,32.9829057856469],[-96.5562874800484,32.9830657869067],[-96.5618343572605,32.9831746336716],[-96.5659774810104,32.9832557827672],[-96.5715474813838,32.9833457848141],[-96.5771474836972,32.9834257833349],[-96.5860674846527,32.9835557841433],[-96.5941274904698,32.9836757847384],[-96.5984574838097,32.983755780404],[-96.6173874943746,32.9840757831815],[-96.6222174931681,32.9841657820554],[-96.6320574935885,32.9843557798318],[-96.640327503256,32.9844757782296],[-96.6444074966866,32.9845357844013],[-96.6615775007024,32.9847657802374],[-96.6647775037235,32.9848157855855],[-96.6719575026,32.9849257833451],[-96.6772675085273,32.9850057807561],[-96.6887475034144,32.9851557795318],[-96.7084675099363,32.985445778798],[-96.7152075140357,32.9855457832202],[-96.7289575198794,32.9857457798229],[-96.7397275182316,32.9859057755375],[-96.7460675251514,32.9860057803709],[-96.767097529924,32.9862857785115],[-96.7799075312421,32.9864457763074],[-96.7924075404802,32.9866457800262],[-96.8001475399255,32.9867657775152],[-96.8221175448319,32.9870957750214],[-96.8267075416051,32.9871857766702],[-96.8346875509545,32.9873057755259],[-96.8412875527927,32.9874157724026],[-96.8439875464179,32.987455770933],[-96.8438875491018,32.9927257763766],[-96.8437875461999,32.9992757744285],[-96.8437775532396,33.0019157768664],[-96.8437275509073,33.0036557810801],[-96.8436475496396,33.0072257753386],[-96.8435375544108,33.011695778135],[-96.8434407451327,33.0158510544379],[-96.8434075489312,33.0172757804472],[-96.8433775506402,33.0235557784367],[-96.8432775517281,33.0290457841361],[-96.8431175567665,33.0408357818174],[-96.8429575499138,33.0486057898712],[-96.842807547491,33.0549157881241],[-96.8426975521199,33.0609057877884],[-96.8425675549271,33.0664957922378],[-96.8424375534126,33.0719657881472],[-96.8422775524391,33.079365788997],[-96.8421975574371,33.0834057955863],[-96.842067552902,33.0894258000307],[-96.8419075487189,33.0953757941667],[-96.8417675601061,33.1049557948536],[-96.8415675587566,33.1105657979754],[-96.841487558131,33.1147658028186],[-96.8413475557941,33.1197157989533],[-96.841277559251,33.1272358002059],[-96.8411575568816,33.1319358003333],[-96.8410575533992,33.1361058021604],[-96.8408875580975,33.1418258021744],[-96.8407175602054,33.1485658023463],[-96.8405175584848,33.1553758093231],[-96.8403475536605,33.1634858079278],[-96.8401775596273,33.1700458098537],[-96.8400375539942,33.1768258086717],[-96.839877563454,33.1821258100399],[-96.8397075581817,33.1887158125176],[-96.8394975633425,33.1958858150024],[-96.8393175610061,33.2031658180393],[-96.8390775603222,33.2108858191477],[-96.8388675633886,33.2175258182393],[-96.8386575607653,33.2237358180949],[-96.838487563371,33.2296658232984],[-96.8383675669824,33.2341758192204],[-96.8382475604647,33.2407158222905],[-96.8381575628038,33.2458358232072],[-96.838037560324,33.2541558206574],[-96.8378575635811,33.2596358296225],[-96.8376775656976,33.2653458252249],[-96.837547569336,33.2718658266856],[-96.8374275658381,33.2787158305724],[-96.8372575640254,33.2848858273872],[-96.837117563718,33.2905758325867],[-96.8369575699785,33.2965758283174],[-96.836837569938,33.3026358288774],[-96.8368075713078,33.307545833806],[-96.8366875659389,33.3117858344256],[-96.8365775661603,33.3159558362639],[-96.836437572876,33.3215058385624],[-96.8358675666364,33.3431558418231],[-96.8356075672587,33.3515258431267],[-96.8353775658087,33.3598958391841],[-96.8348375656615,33.3793958475999],[-96.8343175709411,33.3965458539104],[-96.8340275735917,33.4053358532406],[-96.8310575726093,33.4052858516713],[-96.8271775745627,33.4051758556252],[-96.826367571473,33.4051458527963],[-96.8253375718389,33.4051158535162],[-96.8238575701204,33.4051058565298],[-96.8229875734168,33.4051058531538],[-96.8192375727684,33.4049958547353],[-96.8183375696318,33.4049758506056],[-96.8161375646482,33.4049358548409],[-96.8138775648082,33.4048958549848],[-96.8137975641989,33.404895854036],[-96.8125875682896,33.4048758504088],[-96.8087275664543,33.4047658581342],[-96.8045575657642,33.4046458563875],[-96.7995075625571,33.4045758543807],[-96.7961775584613,33.4044858508818],[-96.7904475607888,33.4043358550187],[-96.7844575630305,33.4041958580406],[-96.7791275623499,33.4040658553658],[-96.7747575600234,33.4039758591204],[-96.7720075585965,33.4039258584339],[-96.7678875530175,33.4038058567555],[-96.76266755389,33.4036658526423],[-96.7570275516322,33.4035558573297],[-96.7528275525584,33.403505858264],[-96.7479175578486,33.4033958548793],[-96.74612755059,33.4033558602603],[-96.7433975543332,33.4032958561424],[-96.7406375452887,33.403245852967],[-96.7368675483598,33.4031958539936],[-96.7355575523289,33.4031958602059],[-96.734757543521,33.4031658598756],[-96.7343775497972,33.4031558580339],[-96.7317675489763,33.4030858575817],[-96.7312475473631,33.4030658567267],[-96.730257551125,33.4030458559859],[-96.7295175410289,33.4030158554995],[-96.7291875458247,33.4030158620924],[-96.7258875470158,33.4029258557507],[-96.7253375452202,33.4029458609184],[-96.7242975395948,33.4029158542045],[-96.7227275400961,33.4028758590926],[-96.7208875423105,33.4028358551291],[-96.7186975500287,33.4027758599254],[-96.7143975385025,33.4027058582875],[-96.712747539985,33.4026558553285],[-96.7126875429852,33.4026558590256],[-96.7119375367615,33.4026358538006],[-96.711067543727,33.4026358569275],[-96.7086475405409,33.402575861067],[-96.7058575386892,33.4024958560656],[-96.7050075396746,33.4024858588104],[-96.7042075402339,33.402445858065],[-96.7040475397474,33.402445853971],[-96.7036975426231,33.4024758598389],[-96.7023775414452,33.4024158545273],[-96.7001875395911,33.4023558619099],[-96.6961675386088,33.4022358555371],[-96.6950175358854,33.4022258605291],[-96.6944375365643,33.4022158581013],[-96.6886975334921,33.4020758606214],[-96.6842475309558,33.4019858588013],[-96.6802975350992,33.4019158554056],[-96.6796675296477,33.401905854067],[-96.6792975392983,33.4018958611443],[-96.6737875331634,33.401775859236],[-96.6716275313796,33.4017058554438],[-96.6714775352964,33.4017058556828],[-96.6684275327674,33.4016058606022],[-96.6679975307261,33.4016158628509],[-96.6670975321083,33.4015758626114],[-96.6663475246234,33.4015658607055],[-96.6632375289695,33.4015158619314],[-96.6564175276675,33.401335861272],[-96.6521675261494,33.4012558554436],[-96.6465675223276,33.4011258616375],[-96.6443375280365,33.4010858582371],[-96.644237527166,33.4010858632131],[-96.6412075271117,33.4010258578118],[-96.6365875171902,33.4008958652861],[-96.6341375176617,33.400825862561],[-96.6274575188391,33.4007258622871],[-96.6230675219474,33.4006358635225],[-96.620097513673,33.4005958635495],[-96.6164675171335,33.4005558649751],[-96.6149275179369,33.4005458630124],[-96.6127175141225,33.4005258608205],[-96.6101375180412,33.4004958654958],[-96.6072675151015,33.4004658615181],[-96.6055675160309,33.4004458574851],[-96.6035175109953,33.4004258652775],[-96.5997075114781,33.400355862451],[-96.5926675122782,33.4002858626595],[-96.5904275121111,33.400255865511],[-96.5903575090819,33.4002558619008],[-96.5890175094631,33.400235864195],[-96.5833375093313,33.4001758605696],[-96.5765875098424,33.4000658632191],[-96.5747275080353,33.4000658659738],[-96.5726675035607,33.400045863079],[-96.5717575012733,33.4000258604563],[-96.5693875058667,33.3999858666171],[-96.5681175027901,33.3999658651403],[-96.5661975035612,33.3999058675277],[-96.5629375037577,33.3998558640926],[-96.5614075015342,33.3998458641132],[-96.5588175004548,33.3998158640735],[-96.5560575017009,33.3997558643875],[-96.5541974982333,33.3997058664663],[-96.5535675004217,33.3997158676515],[-96.5526674997689,33.3997258652162],[-96.5521075039835,33.3997358622575],[-96.5516974980363,33.3997458674334],[-96.5491075014323,33.3997358647817],[-96.5459775003701,33.3996558659639],[-96.5453974973379,33.3996458666112],[-96.5444574962971,33.3996258649557],[-96.5419674979953,33.3995658638091],[-96.5407374991346,33.3995358619915],[-96.5403274963303,33.3995358629466],[-96.5401075022165,33.39953586337],[-96.5399174927841,33.3995258638281],[-96.5395374951176,33.3995158650635],[-96.5393174968241,33.399535867041],[-96.538897500865,33.3995158656574],[-96.5386374945954,33.3995058605541],[-96.5382674962821,33.3995158652688],[-96.5379774913184,33.3995058706812],[-96.5376074923523,33.3994958651165],[-96.5371374969485,33.3994958678632],[-96.5363974970623,33.3994858632624],[-96.536317491857,33.3994558663166],[-96.5359674912126,33.3994658668922],[-96.5355674930401,33.399465866572],[-96.5350574999613,33.3994658633056],[-96.5349674952097,33.3994658647055],[-96.5348974924476,33.3994658695903],[-96.5345475000618,33.3994558645124],[-96.533587493859,33.3994458662021],[-96.5328474994184,33.3994058661806],[-96.5327674993879,33.3994258666084],[-96.5326774958476,33.3994358616641],[-96.5323774929265,33.3994358634239],[-96.5317174950348,33.399415865523],[-96.5315774970394,33.399435863287],[-96.5313674933602,33.3994358662286],[-96.5309974935007,33.3994258637505],[-96.5305174931573,33.3994158635979],[-96.5301774989547,33.3994058697125],[-96.5295274981715,33.3993758667618],[-96.5293474895332,33.3994058656299],[-96.5289874952013,33.3994058640481],[-96.5284174942776,33.3993758677263],[-96.5283274966714,33.3993858626913],[-96.528247496726,33.3994058613086],[-96.5269874918819,33.3993658698866],[-96.5255474921718,33.3993558649899],[-96.5245874930092,33.3993358648082],[-96.5228874940927,33.3993058620661],[-96.5226874938287,33.3993158663067],[-96.5225474928137,33.3993258610444],[-96.5209074935937,33.3992858707773],[-96.5203674944995,33.3992858680406],[-96.5195174959315,33.3992758682768],[-96.5176774903139,33.399235864118],[-96.5169074929811,33.3992258647161],[-96.5142674879451,33.3991858696628],[-96.5130074874307,33.399165866933],[-96.5100574957258,33.3991358632318],[-96.5074174867418,33.3990958681193],[-96.506727487952,33.3990958648834],[-96.505427488393,33.3990758662891],[-96.5021374895637,33.3990158633603],[-96.5004174875082,33.3989758676186],[-96.5003174869404,33.3990158674095],[-96.5001974829371,33.3990558682155],[-96.5000774845979,33.3990558689603],[-96.4999774834186,33.399045871285],[-96.497757484345,33.3990258646313],[-96.4921174899491,33.3989758667893],[-96.4899474849852,33.3989658706416],[-96.4853574841895,33.3988758682373],[-96.483667478156,33.3988758692294],[-96.4828274866106,33.398865867166],[-96.4818074851124,33.3988558667952],[-96.4810574824831,33.3988558669991],[-96.4798674799944,33.3988458679938],[-96.4781274861864,33.3988258656258],[-96.4763574806856,33.3988058638701],[-96.4747174839305,33.3987858691923],[-96.4738874839852,33.3987758677202],[-96.4727874800785,33.3987658666017],[-96.4721474790719,33.39875586378],[-96.4707274791854,33.3987258639567],[-96.4703774789584,33.3987458702603],[-96.4694474764575,33.3987458663466],[-96.4677574755025,33.3986958718357],[-96.4673174824853,33.3987258672591],[-96.4661374763291,33.3986958686952],[-96.465737472366,33.3986958695405],[-96.4645174798204,33.3987158663158],[-96.4640274773846,33.3986958625486],[-96.4613874786246,33.398655871397],[-96.4599374778176,33.3986458686123],[-96.4582274764431,33.3986258667753],[-96.4577274755313,33.3986158708],[-96.4564274808835,33.3986058657898],[-96.4552374794096,33.3986158665153],[-96.4540274767838,33.3985958689144],[-96.4525474745456,33.398585872266],[-96.4518474736495,33.3985758665106],[-96.4513774778508,33.3985658743213],[-96.4505874700675,33.3985558648025],[-96.4499474775206,33.3985658671945],[-96.449477479067,33.3985758653466],[-96.4479274747297,33.3985558703367],[-96.4458374723184,33.398515868982],[-96.4447474728802,33.3985158673567],[-96.4437074729413,33.3984758721611],[-96.4431274736865,33.3984558680484],[-96.4402674671837,33.3984258714967],[-96.4395574729335,33.3984158720964],[-96.4383274732845,33.3984058713911],[-96.4367674709543,33.3983858679545],[-96.4358674679472,33.3983858733238],[-96.433247465092,33.3983658670013],[-96.4306874681999,33.3983558684955],[-96.4281874727843,33.3982958693737],[-96.4271074703081,33.3983358708385],[-96.425887464632,33.3983158730969],[-96.4253074684687,33.3983058691842],[-96.4213974684934,33.3982558744545],[-96.4194374672595,33.3982558690444],[-96.417877467432,33.3982458724645],[-96.4122974713313,33.3981658701546],[-96.4080374632905,33.3980758673928],[-96.4057374623229,33.3981058704792],[-96.4048774600247,33.3980958739134],[-96.4031874601131,33.398075871281],[-96.4022174613836,33.3980558754565],[-96.4015174585234,33.3980358758867],[-96.3994474559127,33.3980158715937],[-96.3988474637222,33.3980058708905],[-96.3981074613877,33.3980058710905],[-96.3977274621333,33.3979958723345],[-96.396777457617,33.3979958725495],[-96.3956774575225,33.3979958721398],[-96.3935174584806,33.3979658662591],[-96.39252746293,33.3979558691983],[-96.3895774587701,33.3978858741907],[-96.3893174610524,33.3979158730207],[-96.3889474600469,33.3979658715014],[-96.3885274576175,33.3979558770521],[-96.3882274590666,33.3979358740451],[-96.3874574613697,33.3979358708378],[-96.3845874551436,33.3978858758776]]]},"properties":{"FIPS_ST_CNTY_CD":"48085","CNTY_NM":"Collin"}},{"type":"Feature","geometry":{"type":"Polygon","coordinates":[[[-96.9437575993325,33.4162158474155],[-96.943247600589,33.4162358533618],[-96.9385075968664,33.4160758507046],[-96.937357598257,33.4160358472419],[-96.9357975998942,33.4159858487979],[-96.9313475961908,33.4159058504003],[-96.9297375976394,33.4158358517343],[-96.9288975994337,33.4157958472696],[-96.9271475970764,33.4157458467927],[-96.924137597728,33.4156558465983],[-96.9222075945633,33.4156058508662],[-96.9210975913796,33.4155758523494],[-96.9167275969829,33.415455849037],[-96.9159975911908,33.4154058476429],[-96.9146976002999,33.4153458519691],[-96.909417594472,33.4152258493131],[-96.9051475888923,33.4150658549833],[-96.9031375863584,33.4150358500767],[-96.9019875878898,33.4150158544894],[-96.899807592801,33.4149358517015],[-96.8960575948058,33.4147958500836],[-96.8950275928576,33.4147758521981],[-96.8942275899821,33.4147658502506],[-96.8916975886084,33.4146958551723],[-96.8837675853843,33.4144858508764],[-96.8807175893864,33.4143858515907],[-96.8754975841884,33.4142558533341],[-96.8753475868788,33.4142158518798],[-96.8752375763858,33.4141858497737],[-96.8739475837999,33.4141658482696],[-96.8679875816195,33.4140358528308],[-96.8608475857546,33.4138758482509],[-96.8516975736003,33.4136958529289],[-96.8513075744409,33.4136858511612],[-96.848067581176,33.413615856297],[-96.8466575753021,33.4135858564902],[-96.8437175749903,33.4135158586488],[-96.8412475778965,33.4134758559463],[-96.841277573764,33.4114758543246],[-96.8413475746853,33.4055258559622],[-96.839847573594,33.4054858530145],[-96.8392475716253,33.4054758508236],[-96.8350975772163,33.4053558561364],[-96.8340275735917,33.4053358532406],[-96.8343175709411,33.3965458539104],[-96.8348375656307,33.3793958485024],[-96.8353775658395,33.3598958382816],[-96.8356075672587,33.3515258431267],[-96.8358675666364,33.3431558418231],[-96.8364375728452,33.3215058394649],[-96.8365775661603,33.3159558362639],[-96.8366875659696,33.3117858335231],[-96.8368075713078,33.307545833806],[-96.836837569938,33.3026358288774],[-96.8369575700093,33.2965758274148],[-96.837117563718,33.2905758325867],[-96.8372575640254,33.2848858273872],[-96.8374275658073,33.278715831475],[-96.837547569336,33.2718658266856],[-96.8376775656976,33.2653458252249],[-96.8378575646554,33.2596358296483],[-96.838037560324,33.2541558206574],[-96.8381575628038,33.2458358232072],[-96.8382475604647,33.2407158222905],[-96.8383675669824,33.2341758192204],[-96.838487563371,33.2296658232984],[-96.8386575607653,33.2237358180949],[-96.8388675633886,33.2175258182393],[-96.8390775592484,33.2108858191219],[-96.8393175610061,33.2031658180393],[-96.8394975633425,33.1958858150024],[-96.839707558151,33.1887158134203],[-96.839877563454,33.1821258100399],[-96.8400375539942,33.1768258086717],[-96.8401775596273,33.1700458098537],[-96.8403475536605,33.1634858079278],[-96.8405175584848,33.1553758093231],[-96.840717560236,33.1485658014436],[-96.8408875581281,33.1418258012717],[-96.8410575533992,33.1361058021604],[-96.8411575569123,33.1319357994306],[-96.8412775581782,33.12723580018],[-96.8413475557941,33.1197157989533],[-96.841487558131,33.1147658028186],[-96.8415675587566,33.1105657979754],[-96.8417675601061,33.1049557948536],[-96.8419075487189,33.0953757941667],[-96.842067552902,33.0894258000307],[-96.8421975574065,33.0834057964891],[-96.8422775524391,33.079365788997],[-96.8424375534126,33.0719657881472],[-96.8425675559993,33.0664957922636],[-96.8426975521199,33.0609057877884],[-96.842807546419,33.0549157880984],[-96.8429575499138,33.0486057898712],[-96.8431175567665,33.0408357818174],[-96.8432775527999,33.0290457841618],[-96.8433775517118,33.0235557784625],[-96.8434075489312,33.0172757804472],[-96.8434407451633,33.0158510535351],[-96.8435375544108,33.011695778135],[-96.8436475496396,33.0072257753386],[-96.8437275509073,33.0036557810801],[-96.8437775532396,33.0019157768664],[-96.8437875462305,32.9992757735257],[-96.8438875491018,32.9927257763766],[-96.8439875464179,32.987455770933],[-96.8715775599926,32.9878457750298],[-96.9059175619594,32.9882757724676],[-96.9155575679577,32.9884157716131],[-96.942587573309,32.9888057678655],[-97.0078067837386,32.9894660310131],[-97.0310190132985,32.9896932055814],[-97.0334196607171,32.9897100270911],[-97.0452039346575,32.9897920372769],[-97.0614854826398,32.9899033965748],[-97.0735553931952,32.9899846397955],[-97.1010361895806,32.9901648174066],[-97.1149210673635,32.9902536740552],[-97.1255319806429,32.9903205817757],[-97.1333677446915,32.9903694466206],[-97.1515444249434,32.9904809892401],[-97.1570123908368,32.9905141366336],[-97.1664978989817,32.9905708812842],[-97.1671052013163,32.9905744759679],[-97.1718756680755,32.9906024495022],[-97.1785305095603,32.9906413915716],[-97.1795029559173,32.9906471243],[-97.1878640911848,32.990695825507],[-97.1890234659589,32.9907024372995],[-97.1933403554713,32.9907270596842],[-97.2165931341495,32.9908578476063],[-97.2229980322448,32.9908930038292],[-97.2249035773196,32.9909036793799],[-97.2288602439653,32.9909251961824],[-97.2347236006691,32.9909568996338],[-97.2348150136327,32.9909573891319],[-97.2476553274204,32.9910258907195],[-97.2542057846047,32.9910603591746],[-97.2548538610142,32.9910635687293],[-97.2636322851883,32.9911090976632],[-97.2723556442396,32.9911537569045],[-97.2892903689995,32.9912387705161],[-97.2988404354201,32.9912857414312],[-97.3003552440793,32.9912930585276],[-97.3046280665745,32.9913136946189],[-97.3280225477488,32.99142439566],[-97.3561811610232,32.9915517825497],[-97.3581642479616,32.9915605456713],[-97.3753829810163,32.9916351994829],[-97.3780629474189,32.9916465730145],[-97.3819467712312,32.9916629615381],[-97.3868269234042,32.9916833878097],[-97.3903546008304,32.9916980482541],[-97.3926014967209,32.9917073297585],[-97.3965484282452,32.9917262789089],[-97.3985259243574,32.9917314809579],[-97.3984958846348,32.9927438260001],[-97.3983934004585,32.9961971435065],[-97.3982776949823,33.0000957474937],[-97.3982276910344,33.0001457534146],[-97.3966476901821,33.0512257600286],[-97.3948176974141,33.1095657748872],[-97.3940977028365,33.1335557788807],[-97.3937776951447,33.1452757789891],[-97.3924376994716,33.1906957878979],[-97.3913177009497,33.227915797376],[-97.3906777013746,33.250065800139],[-97.389148904271,33.281901080755],[-97.3890377046329,33.2842158088588],[-97.3889077091153,33.2871658064567],[-97.3886677019119,33.2934758109085],[-97.3884877031785,33.2970258070656],[-97.3883277089991,33.299605806917],[-97.3882077061899,33.3023158091697],[-97.3881577025815,33.3030258097252],[-97.3879277064061,33.3079158074842],[-97.3877777070801,33.3111158085579],[-97.3872177089906,33.3269358115241],[-97.3868977091493,33.3353558203566],[-97.3867377111648,33.3384958136323],[-97.3865477150202,33.3437058162578],[-97.3862877110166,33.3509758196414],[-97.3857777148255,33.3646558190105],[-97.3854177130054,33.3741758196562],[-97.3853777117282,33.3751558250729],[-97.3853277112059,33.3759258251935],[-97.3852677056043,33.3779758277588],[-97.385217712143,33.3786958238785],[-97.3851377109311,33.380845825255],[-97.3848477136536,33.3872758246515],[-97.3848021017296,33.3885900361216],[-97.3844277074759,33.3993758259307],[-97.3842177111777,33.4045958288464],[-97.3840877104143,33.4072958255389],[-97.3839077082484,33.4109058291751],[-97.3837377146061,33.4151758274136],[-97.3835277104403,33.4200858322163],[-97.383137717045,33.4304358339278],[-97.3810677126625,33.4303758301182],[-97.379537715668,33.4303258291865],[-97.3757477118885,33.4301958332486],[-97.3755577104469,33.430175835441],[-97.3752077054373,33.4301258316487],[-97.3722977070598,33.430065829128],[-97.3646477115983,33.4297958376012],[-97.3611277124884,33.4296758322215],[-97.3596077076674,33.429635836714],[-97.356707711354,33.4295458378192],[-97.3542177010153,33.4294658301792],[-97.3528477045236,33.4294158318451],[-97.351607702878,33.4293858374742],[-97.3487977031205,33.4293058321593],[-97.3450177065646,33.4291658372394],[-97.3396877060735,33.428995833176],[-97.3372977014784,33.4289158308422],[-97.328937699932,33.4286458387785],[-97.3273776952653,33.4285958388482],[-97.3267254488937,33.4285737746121],[-97.3247177007079,33.4285058389532],[-97.3181476963595,33.428265835503],[-97.3163576929458,33.4282058358899],[-97.3156076983352,33.4281858371134],[-97.3134176967291,33.4281158327385],[-97.3133476990396,33.4281158367486],[-97.3075576923328,33.4279258376931],[-97.3051976912105,33.427845837989],[-97.3035976917154,33.4277958356519],[-97.298067689349,33.4276258348447],[-97.2978676920966,33.4276258383173],[-97.2975176936946,33.4276158352231],[-97.2941276935775,33.4275058397072],[-97.2940076900765,33.4274858349121],[-97.292637693029,33.4274458370565],[-97.2910576867687,33.4273858368467],[-97.2909076915078,33.4273858360726],[-97.2871576844233,33.4272558382517],[-97.2855276853383,33.4272158332367],[-97.2847376913365,33.427185838632],[-97.281707683704,33.42705583748],[-97.2795376857584,33.4270058404483],[-97.2794576870984,33.4270058333415],[-97.2766076889972,33.4269358372955],[-97.2753176851594,33.4268958332488],[-97.2743376886412,33.4268658369589],[-97.2734976794625,33.4268258384168],[-97.27038768404,33.4267458386518],[-97.2693676858127,33.4267058406802],[-97.267967689075,33.4266658375707],[-97.2667276870063,33.4266158345596],[-97.2659776818387,33.4265958365127],[-97.2654376801419,33.4265658308672],[-97.2651276824463,33.4265758391437],[-97.264717687168,33.4265758355789],[-97.2640276862221,33.4265258387174],[-97.2615076846494,33.4264958336439],[-97.2558476801058,33.426215840112],[-97.2520776795842,33.4261158434414],[-97.2504476759373,33.4260758394767],[-97.2502376837388,33.4260058388405],[-97.2496576779411,33.4260058387155],[-97.2491676759582,33.4259958341499],[-97.2487776756536,33.4260058370935],[-97.2477876795405,33.425985838706],[-97.2457576822857,33.4259458403089],[-97.2437376775822,33.4258758385679],[-97.2429876763752,33.4258658364961],[-97.2424776770794,33.4258558415537],[-97.2397776770136,33.425775836534],[-97.2380276773641,33.4257358375068],[-97.2354576778588,33.4256758367916],[-97.2314476703062,33.4255358414617],[-97.2287376715858,33.4254458351262],[-97.2252976759534,33.4253558393827],[-97.2197676717252,33.4252158408097],[-97.2109376680802,33.4249958364259],[-97.2024376659809,33.4247458456472],[-97.1968576639462,33.4246058424315],[-97.1932076636186,33.4245158415847],[-97.1833076620527,33.4241958382973],[-97.1732276585486,33.4239258383778],[-97.1636176578172,33.4236558405494],[-97.1615376523302,33.4235758428126],[-97.1578676552105,33.4234858438767],[-97.1576976572645,33.4234758388364],[-97.1519876496711,33.4233358412472],[-97.1455776496922,33.4231858433776],[-97.1435976542451,33.4231458432028],[-97.1422276562942,33.4231158445786],[-97.1373576549484,33.4229658417992],[-97.132357652148,33.4227958369763],[-97.1266676499653,33.4225858465461],[-97.1227076489357,33.4224558448205],[-97.1174676484382,33.4222758445368],[-97.115827644347,33.4222158457738],[-97.1157576470486,33.4222158442119],[-97.1131076461826,33.4221358426852],[-97.1108876416383,33.4220258464308],[-97.1099176372464,33.4219858425889],[-97.1042076412968,33.4217758483632],[-97.0998376407237,33.4216058390747],[-97.0946276401245,33.4214558397647],[-97.0922276359038,33.4213658460929],[-97.0891276365928,33.4212458473196],[-97.0848976380948,33.4211558467344],[-97.0822876399738,33.4210258439162],[-97.0806176388385,33.4209358449985],[-97.0733676330037,33.420725846068],[-97.0686976329441,33.4205758451711],[-97.0619276331638,33.4203258483187],[-97.0596276293136,33.4202658437953],[-97.0578276330038,33.4201858438142],[-97.0536276294531,33.4200458412868],[-97.052437626698,33.4200058422401],[-97.0517976308756,33.4199958489912],[-97.0504776279356,33.4199358463152],[-97.0497776302565,33.4199158444714],[-97.0493576308434,33.4199058486024],[-97.0486276244098,33.419895850289],[-97.0433976302829,33.4196858518443],[-97.0399076268654,33.4195558484684],[-97.0383676261643,33.4195058499201],[-97.0373376231298,33.4194658478238],[-97.0340576198322,33.4193358470153],[-97.030407627598,33.4191858503592],[-97.026857624379,33.4190958471993],[-97.026167622282,33.4190358464972],[-97.0237376187278,33.4189658494494],[-97.0214876148749,33.4188758524094],[-97.020607621001,33.4188558456416],[-97.0190776187299,33.418815848218],[-97.0176976180802,33.4187558450418],[-97.0171876224431,33.4187358502191],[-97.0165376153352,33.418725851193],[-97.0112076173097,33.4185358472405],[-97.0087276237545,33.4184658501707],[-97.0080176200897,33.4184358454115],[-97.0070076164243,33.4183958482551],[-97.0067176189077,33.4183858439602],[-97.0064876167767,33.4183658503809],[-97.0038176198445,33.4182958476213],[-97.0004776133664,33.4181558494338],[-97.0001376157002,33.4182058511918],[-96.9994076176919,33.4181858456907],[-96.9990576197658,33.4181658529626],[-96.99763761905,33.4181058474092],[-96.9969676112541,33.4180858482295],[-96.9935976144772,33.417965845447],[-96.9933376148612,33.4179558505856],[-96.987087617997,33.4177358480105],[-96.9839176070707,33.4176158502488],[-96.9825576052104,33.4175658501989],[-96.9784276052701,33.4174258488746],[-96.9744376087737,33.4172858498475],[-96.972307610572,33.417205846589],[-96.9696876078072,33.4171158473232],[-96.9680276070901,33.4170658497291],[-96.9662076095695,33.4170058493125],[-96.9636076072836,33.4169058474531],[-96.9625176031291,33.4168758502193],[-96.9610076064361,33.416815848664],[-96.960067603733,33.4167958509887],[-96.9594176020264,33.4167858465552],[-96.9577276080372,33.4167158499421],[-96.9552376010458,33.4166158517469],[-96.9547175991794,33.4165958489508],[-96.9544776066218,33.4165858508919],[-96.9537076048153,33.4165658522868],[-96.9518475998424,33.4165058509798],[-96.9483076024532,33.4163958472693],[-96.9457476006555,33.4162958517658],[-96.9437575993325,33.4162158474155]]]},"properties":{"FIPS_ST_CNTY_CD":"48121","CNTY_NM":"Denton"}},{"type":"Feature","geometry":{"type":"Polygon","coordinates":[[[-97.3830177141734,33.4328458316179],[-97.3831377191725,33.4304358348731],[-97.3835277083131,33.420085831271],[-97.3837377145806,33.4151758283162],[-97.3839077071466,33.4109058300564],[-97.3840877104143,33.4072958255389],[-97.3842177079238,33.404595829685],[-97.3844277064252,33.3993758250067],[-97.3848021049066,33.3885900379909],[-97.384847711527,33.3872758237062],[-97.3851377120069,33.3808458252763],[-97.3852177142439,33.3786958257265],[-97.3852677035035,33.3779758259108],[-97.3853277144589,33.3759258243549],[-97.3853777117028,33.3751558259755],[-97.3854177108029,33.3741758214187],[-97.3857777148255,33.3646558190105],[-97.3862877077899,33.3509758195774],[-97.386547712793,33.3437058189231],[-97.3867377089886,33.3384958144924],[-97.3868977102754,33.3353558185725],[-97.3872177089398,33.3269358133295],[-97.3877777081805,33.3111158076765],[-97.3879277064823,33.3079158047762],[-97.3881577057558,33.3030258115946],[-97.3882077040146,33.3023158100298],[-97.388327711149,33.2996058069596],[-97.3884877031785,33.2970258070656],[-97.388667698738,33.2934758090391],[-97.3889077069149,33.2871658082195],[-97.3890377002577,33.2842158114817],[-97.389148904271,33.281901080755],[-97.3906777024489,33.2500658001603],[-97.3913176955537,33.2279157981723],[-97.3924376993957,33.1906957906062],[-97.3937776961673,33.1452757808159],[-97.3940977007157,33.1335557779353],[-97.3948176952939,33.1095657739418],[-97.3966476902073,33.0512257591258],[-97.3982276878451,33.0001457524479],[-97.3982776950327,33.0000957456879],[-97.398393397244,32.9961971434429],[-97.3984958857566,32.9927438242155],[-97.398525926475,32.9917314819033],[-97.4023301435476,32.9916836876787],[-97.4066620672505,32.9918086406837],[-97.414727890692,32.9919942462557],[-97.4247576954401,32.9921057526423],[-97.4283576924547,32.9922257512454],[-97.4293176932357,32.992265746341],[-97.4315076979865,32.9923357554124],[-97.4399376970252,32.9924557519368],[-97.4444576997631,32.9925257485693],[-97.4594477001386,32.9927357464675],[-97.4731377086956,32.9929557464538],[-97.495127711798,32.9933057493787],[-97.5001177154953,32.9934357504044],[-97.5002877151009,32.9934857464872],[-97.5003477149578,32.9934957468526],[-97.5012677156208,32.9935157494242],[-97.5036477160407,32.9935557467618],[-97.511277722688,32.9937757458909],[-97.5196077155289,32.9939257489851],[-97.5237077212023,32.993995743216],[-97.5357577241513,32.9939957462548],[-97.5441277266629,32.9940457489276],[-97.5660777274854,32.9944657431409],[-97.5897777337635,32.9948757482655],[-97.6205077419818,32.9954357399412],[-97.6460677579643,32.9958957416821],[-97.6641577573918,32.9961957412234],[-97.711917771223,32.9971057366979],[-97.7303277729395,32.9974257362822],[-97.7376477723189,32.9975757373903],[-97.7502177730847,32.9978457327491],[-97.7503277813845,32.9978757346016],[-97.7503977795173,32.9978957381526],[-97.7661877818027,32.998205737604],[-97.7735977833351,32.9984057339956],[-97.7811677842779,32.9985557320475],[-97.7953177843666,32.9988457369142],[-97.8007577939215,32.9989657320765],[-97.8140777901129,32.9992557321926],[-97.8231977952595,32.9994357374056],[-97.8292377915681,32.9995657349434],[-97.8398278004582,32.9997857313724],[-97.8490677999204,32.9999557327604],[-97.8526677959494,33.0000457268559],[-97.8552378028351,33.0001057322154],[-97.8594878077217,33.0001457361918],[-97.8643078078112,33.0001857310163],[-97.9169578195018,33.0011257267178],[-97.9182778212632,33.0011457298534],[-97.9215378148699,33.0012057295628],[-97.9214378275272,33.0124257323143],[-97.9213478256967,33.0209257369808],[-97.9212178207591,33.0314357380453],[-97.9211478207965,33.0365357388107],[-97.9210878202558,33.0419157409682],[-97.9210178233808,33.046355737891],[-97.9209578256074,33.0520857427012],[-97.9208978218199,33.0558157391425],[-97.9208478270514,33.0598057427667],[-97.9207578302647,33.0646857471787],[-97.9206778278616,33.0732657493073],[-97.9206178259138,33.0760257441674],[-97.9205278211086,33.0837657473277],[-97.9204578223348,33.0884057486084],[-97.9203778251676,33.0973657444615],[-97.9203078255864,33.101685748135],[-97.9202278292876,33.1064757513484],[-97.9201578293322,33.1139357486775],[-97.920037831608,33.1289557513613],[-97.919927833163,33.1392157550016],[-97.919837825197,33.1480857577809],[-97.9197578283533,33.1562457513788],[-97.9196778323178,33.1643057613861],[-97.9196278233026,33.168495763268],[-97.9195678298653,33.1738057607974],[-97.9194978331954,33.1823157619075],[-97.9194378293996,33.1863457687634],[-97.9193778320641,33.1929157660007],[-97.9193078283747,33.1991357646306],[-97.9192578350359,33.2036257669247],[-97.9191578280277,33.2135457705099],[-97.9190978272916,33.2223457708431],[-97.9190178338764,33.2279257710327],[-97.918967835106,33.2343057755219],[-97.9188878356458,33.2411557716024],[-97.91880782748,33.2475757783573],[-97.9188078329996,33.2554357758151],[-97.9188278350134,33.2556957793609],[-97.918847839736,33.2580057825714],[-97.9188878329102,33.2611057790293],[-97.9189378341168,33.2654157804299],[-97.9189478409883,33.2685257735029],[-97.9189678388047,33.2693257816279],[-97.9189978408802,33.2718557809968],[-97.9190178348807,33.2760457842387],[-97.9190078384719,33.2832157755684],[-97.9187838166011,33.3235719492443],[-97.9184978481153,33.3750357967179],[-97.9184478423641,33.3751558037328],[-97.9184478405363,33.3769657984526],[-97.9181778487752,33.4333958118035],[-97.9181778461625,33.4337658111929],[-97.8754078305782,33.4338258155357],[-97.8752078374566,33.43389581367],[-97.8057278169971,33.4339258165028],[-97.7811578185395,33.4339358135522],[-97.7504478028877,33.4339458201817],[-97.7502377958418,33.4339158164006],[-97.7501078042421,33.433885818717],[-97.6965177911526,33.433845819014],[-97.6595977830851,33.4338758183991],[-97.6322277799436,33.4338858287816],[-97.6302377734186,33.4338858253497],[-97.6301077727605,33.4338858272217],[-97.629335490581,33.433884181058],[-97.6254477741919,33.4338758270728],[-97.6229977701722,33.4339658236848],[-97.6043577669873,33.4339658233307],[-97.6038077659412,33.4339658297939],[-97.5888777664659,33.4339658272329],[-97.5416577487528,33.4339158287912],[-97.5340977564217,33.4339158221192],[-97.5336377449714,33.4339158273806],[-97.5189577460254,33.4338858285872],[-97.5109977390159,33.4338658245854],[-97.4937877424762,33.4338058334117],[-97.4871077396227,33.4337158294726],[-97.4869177317675,33.4337158286963],[-97.48657774512,33.4337158276693],[-97.4859677401627,33.4336958247393],[-97.4851177410521,33.4336958277845],[-97.48360773825,33.4336558301509],[-97.4832077327671,33.4336458254076],[-97.4825677441624,33.4336358323558],[-97.4813977329706,33.4336558241946],[-97.4809777366528,33.4336358276796],[-97.4808277366287,33.4336658310124],[-97.4794977342181,33.4336358294378],[-97.4785077371464,33.4336358288057],[-97.477967742418,33.4336358270425],[-97.4777077360708,33.4336358294163],[-97.4775477363252,33.4336458305839],[-97.4773177319694,33.4336358307654],[-97.4770377390612,33.4336358316319],[-97.4764377381895,33.4336058243823],[-97.4759677425115,33.433605829505],[-97.4758477377322,33.433625825107],[-97.4753177385604,33.4336058298173],[-97.4742477394286,33.433585828847],[-97.4741977288638,33.4335958338607],[-97.4738377369446,33.4335958305878],[-97.4734277384802,33.4335858332969],[-97.4720777401204,33.4335758305078],[-97.4720177352619,33.4335758266898],[-97.4711477343755,33.4335658307255],[-97.4707477357149,33.4335658305776],[-97.4701977327247,33.4335458285322],[-97.4690877385453,33.4335458356699],[-97.4685377355542,33.4335358274305],[-97.4677277371114,33.4335158306783],[-97.4631077317023,33.4334758314431],[-97.4628877347195,33.4334758370658],[-97.4627377320918,33.4334758293926],[-97.4608377320724,33.4334358315698],[-97.4602877295131,33.4334258295578],[-97.4364386125057,33.4332516422181],[-97.4356855724272,33.4332460755431],[-97.4348224518894,33.4332396835557],[-97.4345757819816,33.4332378580871],[-97.4336306842048,33.4332308511823],[-97.432730467553,33.4332241735829],[-97.4305436670016,33.4332079234199],[-97.4289366021375,33.433195960518],[-97.4280512492257,33.4331893618513],[-97.4125336390597,33.4330727286836],[-97.4125077190779,33.4330758380873],[-97.4122415400585,33.4330705122612],[-97.3992089371008,33.4329711140687],[-97.3989892496714,33.4329694288785],[-97.3892947015119,33.4328946372092],[-97.3892877128308,33.4328958381978],[-97.3892456358702,33.4328942631423],[-97.3884877187079,33.4328658342907],[-97.3877677102345,33.4328458316788],[-97.3862977182768,33.4328158312723],[-97.3861977101784,33.4328458285286],[-97.3861177129674,33.4328658347672],[-97.3856977145059,33.4328558333765],[-97.3849977142922,33.4328258337301],[-97.3846477143486,33.4328458375311],[-97.3845464374495,33.4328577473169],[-97.3830177141734,33.4328458316179]]]},"properties":{"FIPS_ST_CNTY_CD":"48497","CNTY_NM":"Wise"}},{"type":"Feature","geometry":{"type":"Polygon","coordinates":[[[-95.8617673122928,33.2192958571441],[-95.861887309839,33.2096758622166],[-95.862047311756,33.1953758568033],[-95.8621373121927,33.1845858503696],[-95.8622673106577,33.1720258531481],[-95.8624073050309,33.1597358523362],[-95.8624973082521,33.1517358485969],[-95.862617312641,33.1406658468648],[-95.8626973075156,33.1323758427331],[-95.8627273101753,33.125955845173],[-95.8627755616258,33.1205291576536],[-95.8629873091553,33.0967058362568],[-95.8631273051119,33.0875858327097],[-95.8632973039487,33.0755758310917],[-95.8636873058256,33.0447158298144],[-95.8637873026802,33.0382458262762],[-95.8638172999235,33.0340958279342],[-95.8637573045484,33.0310858245474],[-95.8635972988728,33.0230458231822],[-95.8636073046275,33.0108458193376],[-95.8634472999693,33.0054458220735],[-95.8632173061391,32.9994058181143],[-95.8629172980655,32.990265815424],[-95.8627372984132,32.9846558136154],[-95.8625373005688,32.9794458130925],[-95.9453473199643,32.979805813478],[-95.9507873221501,32.9643358095319],[-95.9668173246825,32.9181958021505],[-95.9696873254551,32.9102058020763],[-95.9724173175038,32.9025357988776],[-95.9725173197313,32.9022757986959],[-95.9725873248611,32.9020657975926],[-95.9726673248437,32.9018757939758],[-95.9728173232289,32.9017157999633],[-95.9728973221193,32.9016157933287],[-95.9728373241171,32.9014057983087],[-95.9725473163314,32.9011957988542],[-95.9722273178369,32.9009657958507],[-95.9722173239839,32.9007657983781],[-95.9722473280617,32.9006657932503],[-95.972347324501,32.9005557960038],[-95.9724473219131,32.9004657964941],[-95.972797322192,32.9003457961861],[-95.9730273208219,32.9002457982711],[-95.9731673252416,32.9002357937512],[-95.9733473246379,32.9002257948294],[-95.9735773212392,32.9001157943043],[-95.9736573178741,32.9000357957228],[-95.9737873243731,32.8999357953039],[-95.9738273229368,32.8995757975091],[-95.9735873196269,32.8993957933808],[-95.9732873213556,32.8992457943592],[-95.9731573210014,32.899175796971],[-95.9728573226253,32.8990957928145],[-95.9727273223802,32.8989557963444],[-95.9727073248333,32.8986157985907],[-95.9728073261737,32.8983157956699],[-95.9729573215167,32.8980757936777],[-95.9731273216141,32.8978757916289],[-95.9731773180468,32.8978057969318],[-95.9732673203013,32.8976857912153],[-95.9733473217143,32.8976257943251],[-95.9734173203842,32.8975957959409],[-95.9736673197581,32.8975557956287],[-95.9739173224227,32.8976557968157],[-95.9740573237895,32.8977557946836],[-95.9742173231273,32.8977657973336],[-95.9743373181541,32.8977857920363],[-95.9744873253923,32.8977157945028],[-95.9746573229257,32.8975357955039],[-95.9745973266286,32.8971857971205],[-95.9744173186859,32.8969857976555],[-95.9742973213403,32.8966957916495],[-95.9742173203918,32.8964157926541],[-95.9741773234715,32.8961557935836],[-95.9742373186814,32.8958157949608],[-95.9743973234899,32.8954657977421],[-95.9745173186884,32.8952657944748],[-95.9745573232593,32.8952057922264],[-95.974847322857,32.8949457929296],[-95.9750873221863,32.8947957921973],[-95.9753573163645,32.8946257959214],[-95.9755173192218,32.8946057932792],[-95.9756373186655,32.8945957948416],[-95.97590731934,32.8946557954391],[-95.9760173236562,32.8946757974626],[-95.9761873246002,32.8947257960291],[-95.9763473243525,32.8946357926183],[-95.9767273225605,32.8943157946286],[-95.9772173242151,32.8938957941488],[-95.9773173252917,32.8937957911672],[-95.9775073215777,32.8935957951402],[-95.9776673233714,32.8933757906568],[-95.9777273181116,32.8930557898823],[-95.9776973192407,32.892715792419],[-95.9776773205298,32.8926257957042],[-95.977637319003,32.8925157955294],[-95.9776373216288,32.8924457895466],[-95.9775173198083,32.8923257927229],[-95.9774673254944,32.8922857901247],[-95.977277320885,32.8922657877562],[-95.9771773236395,32.8922657898096],[-95.9769773257056,32.8922857977746],[-95.9768573188714,32.8922957926127],[-95.9766973206736,32.8922557951965],[-95.9765373194887,32.8921457950004],[-95.9763973189546,32.8919757913249],[-95.9763673181358,32.8917657946592],[-95.9764373200944,32.891565788442],[-95.9765073235122,32.8914357910666],[-95.9766873199522,32.8913257904063],[-95.9768373258422,32.8912157917343],[-95.9769373226544,32.8911657898359],[-95.9770373266148,32.8911157935051],[-95.9772173223803,32.8910557913333],[-95.9773173198049,32.89102579157],[-95.9774473231358,32.8909157883764],[-95.9774673256266,32.8907457921131],[-95.9773673197971,32.8903657934757],[-95.9771073216501,32.8899857917101],[-95.9770173231229,32.8898057921985],[-95.9769673227388,32.8895357942559],[-95.9770273206091,32.8891957942527],[-95.9770373221876,32.8889557937318],[-95.9771773219636,32.8885857911866],[-95.9772573187178,32.8882757942527],[-95.9772773205594,32.8879157921339],[-95.9772773210046,32.8877857920828],[-95.9773173198669,32.8876357907661],[-95.9773673233241,32.8875757916201],[-95.9774073184636,32.8875357895993],[-95.977447327591,32.8874857971661],[-95.9775073201976,32.8874257936384],[-95.977587318529,32.8873057911759],[-95.9776573220378,32.8872257968247],[-95.9776973217381,32.8871557907278],[-95.9777673223112,32.8870257905505],[-95.9778673232691,32.8869157897638],[-95.977967323706,32.8867157909481],[-95.978027324455,32.8864257930738],[-95.9780873217799,32.8861857898759],[-95.9781573263554,32.886155790123],[-95.9782173211978,32.8861357885351],[-95.9783173242468,32.8861357969141],[-95.9783973220647,32.8861357914901],[-95.9786573201921,32.8862057895155],[-95.9787573181618,32.8862057928816],[-95.978917320586,32.8860957911941],[-95.9789473183788,32.8860057944256],[-95.9791973241742,32.8860457933967],[-95.9793973249141,32.8862057918945],[-95.9794673277725,32.8863357875077],[-95.9795873245485,32.8863957937739],[-95.97978732426,32.8863957954992],[-95.9799673202437,32.886315791773],[-95.9800973209617,32.8862557941933],[-95.9805573201459,32.8860257906824],[-95.9810073267825,32.8857857947316],[-95.9811873228123,32.8856857914392],[-95.9813073221031,32.8856457912267],[-95.9815973218137,32.8855157958753],[-95.9818173268805,32.8854657876854],[-95.9819773258259,32.8855057911008],[-95.9820473209033,32.8855257928701],[-95.9823673207459,32.8856357922496],[-95.9824473242816,32.8856357908698],[-95.9825573232451,32.8856257943843],[-95.9827173245906,32.8855857944273],[-95.982837319853,32.8855357919452],[-95.9830873223328,32.8854257872636],[-95.9832673203852,32.8851457927292],[-95.9833473241105,32.8848657963984],[-95.9833573254712,32.8845657923723],[-95.9832973249606,32.8842757929144],[-95.9830073297285,32.8835957942163],[-95.982887325758,32.8832257881635],[-95.9827773199202,32.8829357936611],[-95.9827673229842,32.8826457961331],[-95.9827873200277,32.8821857898663],[-95.982877321881,32.8818857899814],[-95.9829773239097,32.8816457903608],[-95.9832073264295,32.8813957894936],[-95.9833773260732,32.8812957904637],[-95.9834973246509,32.8812257913483],[-95.9838773220784,32.8810757883447],[-95.9842873247728,32.8809157909387],[-95.9846273236161,32.8808357949119],[-95.985037321896,32.8807457933889],[-95.985697327989,32.8805257932126],[-95.9862573250745,32.8803457903207],[-95.9864473230476,32.880205792972],[-95.9865673217478,32.8800357922317],[-95.9866273237581,32.8798857912653],[-95.9866373247331,32.8795657892334],[-95.9865773222752,32.8793157918297],[-95.9865173196439,32.8789857942741],[-95.9863373213078,32.8784057881411],[-95.986237327077,32.8781257895587],[-95.9862273209885,32.8779357922318],[-95.9862373196728,32.8775857899848],[-95.9862873237704,32.8774557907547],[-95.9864173241519,32.8772357921397],[-95.9865673235666,32.8770857924417],[-95.9867773221459,32.8769357916488],[-95.9869573235023,32.8768157890279],[-95.9870273256073,32.8767257887368],[-95.9871773280249,32.8765457887066],[-95.9873173241051,32.8763557922026],[-95.9874173257748,32.876135793161],[-95.9874273262836,32.8759557873217],[-95.9873173278032,32.8757957863583],[-95.9871773208452,32.8756157938539],[-95.9869073251369,32.8754257874222],[-95.9868173201542,32.8753857925898],[-95.9865773256805,32.8752457891166],[-95.9863573191363,32.875155790511],[-95.9862573193168,32.8750157945056],[-95.986227321322,32.8747057899915],[-95.9862973234284,32.8743457910607],[-95.9864473211851,32.8739957872913],[-95.9865173277513,32.8738757874972],[-95.9865473210133,32.8738157891473],[-95.9866173291951,32.8733757897064],[-95.9866073291675,32.8731357887039],[-95.9865773191798,32.8730857872904],[-95.9864073237893,32.8728457855252],[-95.9861573277618,32.8725957905885],[-95.9859373261131,32.8723757845898],[-95.985617324897,32.8723257894863],[-95.9852473237975,32.8722857927431],[-95.9848973288844,32.872235791588],[-95.9844673228766,32.871915791125],[-95.984117319784,32.8716457886172],[-95.9838673200344,32.87150579093],[-95.9837073220735,32.8714057845074],[-95.9833173206715,32.871135791035],[-95.9832073227871,32.8710657926045],[-95.9828873237254,32.8708057914727],[-95.9826773233648,32.8704557899689],[-95.9825273212258,32.870165787129],[-95.9824773183687,32.8697757845265],[-95.9823773276702,32.8696157913602],[-95.9822673217295,32.8695057873329],[-95.9821773244029,32.869465790058],[-95.9820173215913,32.8694657899125],[-95.9819473266869,32.8694957874203],[-95.981827327994,32.8695457898111],[-95.9816773218384,32.8695457903057],[-95.9814573265309,32.8694657928379],[-95.9813173189876,32.8693057880889],[-95.9811673230308,32.8689757907796],[-95.9810773163418,32.8688357862744],[-95.9809673219528,32.8687457876705],[-95.9808773218127,32.8686957884694],[-95.9805973212662,32.8686657863232],[-95.9801773197943,32.8686657827931],[-95.9800073211884,32.8686157917178],[-95.979947320068,32.8685957848247],[-95.9798873226235,32.8684957880544],[-95.9798873211531,32.8683357881893],[-95.9799273231427,32.868105788276],[-95.9800073229712,32.8678957871103],[-95.980077319088,32.8677457862349],[-95.9802373251818,32.8674957882118],[-95.9802973245507,32.867265786961],[-95.9802573234877,32.8671357909042],[-95.980177317169,32.8669657850044],[-95.9800173228316,32.8668257843743],[-95.9795973187759,32.8665757921791],[-95.9793973213153,32.8664857907104],[-95.9789773196795,32.866205788294],[-95.9786573238857,32.8659157896468],[-95.9785173238388,32.8657857905162],[-95.97842732135,32.8656557910464],[-95.978337323915,32.8655157889261],[-95.9781173258104,32.8651657865598],[-95.9776373238129,32.8647657874931],[-95.9769073240315,32.8643457914195],[-95.9763773201971,32.8640657888239],[-95.9760473251857,32.8638557906472],[-95.9755973193546,32.8634757889786],[-95.9754773233989,32.8633957897538],[-95.9753173212607,32.8633057871183],[-95.9751673165913,32.8631557910643],[-95.9750273166015,32.8630157894574],[-95.974767324937,32.8626957892277],[-95.9746373174431,32.8623657832118],[-95.9745373205393,32.8620557871159],[-95.9743473167157,32.8618457826715],[-95.9741673162309,32.8617057873641],[-95.9740573186342,32.8616757877133],[-95.9738173215405,32.8616357818849],[-95.973597324055,32.8616257893226],[-95.973377324854,32.8616057845309],[-95.9733173159584,32.8614857897911],[-95.9731973196089,32.8614457884524],[-95.9731373187795,32.8614257881107],[-95.9729773152884,32.8614157872748],[-95.9728973167884,32.8613457864992],[-95.9727073211697,32.8611657870863],[-95.9724273164148,32.8609657915777],[-95.9722673181554,32.8608957860061],[-95.9721873184628,32.8608557858049],[-95.9719373172913,32.860785785931],[-95.971817316857,32.8607757860505],[-95.97163732279,32.8607257877964],[-95.9712473213182,32.8605757874132],[-95.9710673172472,32.8605257880408],[-95.9709073111576,32.860345788738],[-95.9707173219671,32.8600557873229],[-95.9706473169025,32.8597057874163],[-95.9707073158945,32.8593957863265],[-95.9707573136566,32.8591157932732],[-95.9708673191027,32.8588457873338],[-95.970867319922,32.8585557849326],[-95.9708173172203,32.8583657875475],[-95.9706173198103,32.8582557865786],[-95.9704173143549,32.8581457841307],[-95.9700473197985,32.8580457861241],[-95.9697373194216,32.8580657834941],[-95.9695973202833,32.8580957911845],[-95.969367318185,32.8581457895169],[-95.9692573197895,32.8581857880219],[-95.9691473157964,32.8582257898795],[-95.9688773150246,32.8582557885228],[-95.9688173191925,32.8582357889345],[-95.9686473188053,32.8581857846629],[-95.9683273200477,32.8579557868217],[-95.9680673197752,32.8578857841387],[-95.9679173161004,32.8577757889886],[-95.9678673158336,32.8576757875475],[-95.9678673150421,32.8575957912368],[-95.9679373198645,32.8575257838707],[-95.9679973131967,32.8574657848128],[-95.9680773187608,32.8573357880707],[-95.9680973155113,32.8572057884127],[-95.968037315377,32.8570557914678],[-95.9679973187236,32.8569257884481],[-95.9680373198995,32.8568557904172],[-95.9680673211578,32.8567657890145],[-95.9680973189907,32.8567057860071],[-95.968147315017,32.856645789225],[-95.9682973177877,32.8565557857134],[-95.9683973186341,32.8564757881567],[-95.9685573186212,32.8564357870219],[-95.9686473207264,32.8563757900323],[-95.9686873135721,32.8562557873925],[-95.9686873162651,32.8561557854959],[-95.9685573200638,32.8560057869463],[-95.9683573151261,32.8558957882131],[-95.9682973217499,32.8558557881584],[-95.9681573172484,32.8558057904972],[-95.9677973139878,32.855675787255],[-95.967427315904,32.8554657871427],[-95.9671773200365,32.8552857852837],[-95.9669673183712,32.8550257838666],[-95.9666773191777,32.8546457916024],[-95.9663373133681,32.8542657873078],[-95.9661973201641,32.8541757881289],[-95.965997314874,32.8541557875206],[-95.9658473143166,32.8541757849387],[-95.9656273153289,32.8542157880304],[-95.9651573199311,32.8542457887303],[-95.9647473216442,32.8542057882275],[-95.9644673203718,32.854185784298],[-95.9643373163789,32.8541657825999],[-95.9640973209301,32.8541057831361],[-95.9638573146033,32.8540357899785],[-95.9637873197856,32.8540157889851],[-95.9635373146899,32.8538757889884],[-95.9633673162718,32.8537657892584],[-95.962737317491,32.8535057892632],[-95.9623473172418,32.8532257882461],[-95.9622273163847,32.8531357879408],[-95.9618973177716,32.8528757839095],[-95.9618073177639,32.852805789881],[-95.9615473140107,32.8526457918169],[-95.961437316772,32.8524857888666],[-95.961307317667,32.8522357868985],[-95.9613873134626,32.8519357906217],[-95.9613773178499,32.8516257866018],[-95.9612173153172,32.851445783405],[-95.9610373190363,32.8513457876408],[-95.9609673170722,32.8513457824241],[-95.9608473164086,32.8513357882896],[-95.9605373168157,32.8513157853171],[-95.9604073162785,32.8512957868708],[-95.9600973146842,32.8512657898501],[-95.9597373177688,32.8511757875694],[-95.9595373143687,32.8511257845006],[-95.9591873126202,32.8509557838512],[-95.9590673146863,32.8508857861954],[-95.9590073141888,32.8508557832961],[-95.9588173133314,32.8507357835957],[-95.9586073178088,32.8505557866579],[-95.9584473155555,32.8502757824512],[-95.958287316143,32.8500457862017],[-95.9583173102063,32.8498357866812],[-95.9583173116755,32.8495857893278],[-95.9583773101118,32.8493557840728],[-95.9584573118343,32.8491657874368],[-95.9585673092252,32.8489257832836],[-95.9586273118892,32.8485157862778],[-95.9585773190811,32.8482957853551],[-95.9585073084371,32.8481557857061],[-95.9584173136194,32.8480257887991],[-95.9583273180887,32.8479257860539],[-95.9581273200311,32.8478757860749],[-95.958017313273,32.8478457871079],[-95.9579573183523,32.8478157819608],[-95.9578173171681,32.8477357882158],[-95.9577973203694,32.8475357817987],[-95.9577473097585,32.8471957845792],[-95.9576973161835,32.847025785852],[-95.9576873149871,32.846895785496],[-95.9578173148924,32.8466457840258],[-95.9579473148097,32.8464457888717],[-95.9579773131693,32.8463057823996],[-95.9579773118781,32.8461857861738],[-95.957907317283,32.8461257854001],[-95.9578373171744,32.8460457867031],[-95.9576973100248,32.8459757854477],[-95.9574973110281,32.8459057847516],[-95.9573973156668,32.8458857851847],[-95.9572273172848,32.8458557869903],[-95.9569873092548,32.845665789158],[-95.9567973149908,32.8453957880575],[-95.9566673191678,32.8451357876319],[-95.9565373145993,32.845035785785],[-95.9563973106825,32.8449857871784],[-95.9561673178248,32.8449157885294],[-95.9560473138049,32.8449457877695],[-95.9559073166298,32.8449657822727],[-95.9556673143517,32.844995785101],[-95.9554573149766,32.8450157835429],[-95.9552473132362,32.8450957820318],[-95.9550173169524,32.8451757846479],[-95.9546173136733,32.8452857863113],[-95.954397311063,32.8453257819305],[-95.9542373104327,32.8453657837332],[-95.9541473140589,32.8453657881143],[-95.9540073115883,32.8453457858641],[-95.9536773072996,32.8453857875607],[-95.9535473126332,32.8454057866467],[-95.9534673130756,32.8454257888909],[-95.9532673130118,32.8455457886336],[-95.9530573150576,32.8456857878858],[-95.9527173182927,32.8459457890602],[-95.9524273148204,32.8459857843314],[-95.9521573135022,32.8459457859903],[-95.9519173117795,32.8458557874188],[-95.9518173101117,32.8457557905367],[-95.9516873122345,32.8455857859678],[-95.9516073161591,32.8452657846026],[-95.9514673094385,32.8449957843704],[-95.9513573135868,32.8449057902318],[-95.9512973189253,32.8449057889093],[-95.951177310768,32.8448857805988],[-95.9510873124039,32.8448957875633],[-95.9510173178487,32.8449057891034],[-95.9508473163691,32.8449857850586],[-95.9507173112803,32.8450457846999],[-95.9505673154192,32.8451557857006],[-95.9504673129342,32.845235784766],[-95.9502373118615,32.8452757807215],[-95.9501473155585,32.8452657875368],[-95.9499573105735,32.8451657913737],[-95.9498273126095,32.8449557828772],[-95.949627314479,32.8446457865718],[-95.9495873101941,32.8445457836429],[-95.9495173112874,32.8444057850286],[-95.9493473092897,32.8439357851124],[-95.9492773157803,32.8435057835654],[-95.949287313848,32.843265785575],[-95.9493473106769,32.8430457885567],[-95.9493973108817,32.8428757855626],[-95.9493473108918,32.8425657877926],[-95.9492073176913,32.8424057867558],[-95.9491273103943,32.8423857850437],[-95.9490373100437,32.8423657860785],[-95.9488873144345,32.8424057897617],[-95.9487573086612,32.8424357830575],[-95.948467314358,32.8424857861937],[-95.9483373129937,32.8425757889454],[-95.9482073160086,32.8426657835714],[-95.9478873091739,32.8428657866599],[-95.9477873107532,32.8429057855739],[-95.947697307457,32.8429457835889],[-95.947547315763,32.8430057864218],[-95.9473373121311,32.8430857886232],[-95.9470573097166,32.8432057878599],[-95.9466773112359,32.8433657900916],[-95.9465773131498,32.8434557867297],[-95.9464373072396,32.8436157818086],[-95.9463473129042,32.8438157852353],[-95.946317309049,32.8439857858917],[-95.9464073122357,32.8441157869338],[-95.9465373103273,32.8441857838208],[-95.9465973098889,32.8442257822039],[-95.9467073109429,32.844275786898],[-95.9468573114221,32.8443157842477],[-95.9469373130254,32.8443457846547],[-95.947127310584,32.8444557818143],[-95.9472773091299,32.8445557873726],[-95.9473073173868,32.8446857881015],[-95.9472973137756,32.8447857857641],[-95.9471473095255,32.844905782072],[-95.946977310685,32.8449657844331],[-95.9468873152761,32.8449757822937],[-95.9467673131281,32.8449857844281],[-95.9464473135345,32.8449357851016],[-95.9463473123848,32.8449057810688],[-95.9461873129215,32.8448557898398],[-95.9459373093901,32.8447957839842],[-95.9458073103419,32.8447657866481],[-95.9456373153633,32.8447457871428],[-95.9455273131391,32.8447257850234],[-95.9454273102974,32.8447257819033],[-95.9452973123463,32.844725788486],[-95.945137313772,32.8447257837227],[-95.9450473114029,32.8447257861696],[-95.9448573128183,32.8448057854985],[-95.9446873067255,32.8448857870413],[-95.9445473146577,32.8449657820624],[-95.9443473064297,32.8450757834039],[-95.9441573136263,32.8451557909575],[-95.9440373111507,32.8451657860777],[-95.9438573121963,32.8451757889636],[-95.9437773077419,32.8451457847884],[-95.9436473070964,32.8450757869144],[-95.9434773109456,32.8449157862803],[-95.9433073150506,32.8444757832947],[-95.9431573058989,32.8442257831137],[-95.9429973081359,32.8440557882685],[-95.9429573108465,32.8439357872361],[-95.9428973088568,32.8437757855528],[-95.9429073072778,32.8435157843285],[-95.942987304118,32.843365787502],[-95.9430273093228,32.8433057820128],[-95.9430873073991,32.8432057835689],[-95.9432573141463,32.8430557839385],[-95.9434173132617,32.8429057869122],[-95.9435173167565,32.8427157881317],[-95.9435373077424,32.8425557898741],[-95.9434573100751,32.8423957873372],[-95.9433273143615,32.8422857815809],[-95.9431873108461,32.8421157876079],[-95.9431873108066,32.8419157836841],[-95.9432173097368,32.841725785337],[-95.9431973115293,32.841485782721],[-95.9430073120129,32.8413157856407],[-95.9429073070945,32.8412857831591],[-95.9427673103659,32.8412957886207],[-95.9426973091556,32.841315784868],[-95.9425573074412,32.8413457824042],[-95.9424873124211,32.8414357889181],[-95.942377310048,32.8415857817083],[-95.9422273149231,32.841735782873],[-95.9420773140478,32.8420557813956],[-95.9419873127515,32.8423057853142],[-95.9418673076627,32.8424857849886],[-95.9417373113922,32.842605786026],[-95.9416473067064,32.8426457835377],[-95.9415473098199,32.8426957835297],[-95.9414273088328,32.8427257804242],[-95.9413373079302,32.8427457872117],[-95.9411973101592,32.8427657831805],[-95.9410373063816,32.842605790212],[-95.9409673122781,32.842525791013],[-95.9409273133756,32.8423657897292],[-95.9410973108942,32.8420857859563],[-95.9413573107996,32.8415657859505],[-95.9414673099141,32.8413857875514],[-95.941487309747,32.8412157848224],[-95.9414373087302,32.8410757888095],[-95.9413873075629,32.8410057876204],[-95.941277308107,32.8408957845283],[-95.9411273122246,32.8408557824069],[-95.9409073127451,32.8408357834678],[-95.9405673109298,32.8409257835183],[-95.940297307866,32.8410057825637],[-95.9400673076375,32.8411857865543],[-95.9397573136169,32.8414857827368],[-95.9393773091416,32.8420357856243],[-95.9390973067153,32.8424157831431],[-95.9389573088111,32.8425857875048],[-95.9388773109601,32.8427157860249],[-95.9386773124129,32.842855783739],[-95.9385673101233,32.8429257846273],[-95.938467311996,32.8429857816736],[-95.9382473101927,32.8429857843795],[-95.9380073076181,32.8429057850863],[-95.9378573036771,32.8428057881363],[-95.9375573146578,32.8424657846088],[-95.9372473051412,32.8420757842868],[-95.9371673082045,32.8418857838444],[-95.9371673088844,32.8415657866499],[-95.9372173075311,32.8410557876775],[-95.9371073074277,32.8408057837493],[-95.9370473116787,32.8407857878121],[-95.9369273117499,32.8407357826206],[-95.9367473114016,32.8406757832127],[-95.9364573132138,32.8406157824569],[-95.9361573077297,32.8405857833706],[-95.9359773134233,32.8405757837594],[-95.9357273076205,32.8405457838986],[-95.9355973041434,32.840505785548],[-95.9353073052963,32.8404557852155],[-95.9351973063007,32.8404257856699],[-95.9349873111971,32.8403757879166],[-95.9349073094082,32.8402857860883],[-95.9347773118491,32.8400857827551],[-95.934747305255,32.8400057898075],[-95.9347173101045,32.839895786274],[-95.9346973090533,32.8397957841026],[-95.93470730531,32.8396557851195],[-95.9347673066997,32.8394757874927],[-95.9348373068317,32.8392857861573],[-95.9348573096305,32.8390757835042],[-95.9349473048336,32.8388457884508],[-95.9349873122379,32.8387857843],[-95.9350473082668,32.8387057851481],[-95.9351173064465,32.8385957880391],[-95.9351773124977,32.8384957839436],[-95.9352373133799,32.8383757816952],[-95.9352873086819,32.8382657874254],[-95.9353073082471,32.8381257877744],[-95.9352373114204,32.8379457878669],[-95.9350073051423,32.8376957830249],[-95.9348273033685,32.8376057840832],[-95.9345173109144,32.8374857850694],[-95.934357304829,32.8373557828135],[-95.9342973117056,32.8371957870268],[-95.9357873082263,32.8371957844482],[-95.9382973071093,32.8372157850649],[-95.9404073063812,32.8372257879057],[-95.9764473176375,32.8376157874714],[-95.989414022883,32.8377575609569],[-96.0003173236221,32.8378757820826],[-96.0103573300395,32.8379457851202],[-96.0255173306088,32.8380457834127],[-96.0592973365831,32.8383357796454],[-96.0767073468877,32.8384857774062],[-96.1188373554178,32.839135776641],[-96.1276473559174,32.8392957805279],[-96.1655973696451,32.8398457760684],[-96.250167395695,32.8410857764949],[-96.2502173914526,32.8408757723583],[-96.2534673898541,32.8409357724672],[-96.260787388823,32.8410857704067],[-96.2696373991661,32.8412457706371],[-96.2759873951515,32.8413757702548],[-96.2968474036655,32.8416957711022],[-96.297327401025,32.841705771578],[-96.2973374004344,32.848065771176],[-96.2973574017564,32.874845778713],[-96.2973374023496,32.877375775641],[-96.2973574093515,32.9343057832786],[-96.2974174076556,32.9565757920446],[-96.2974245183842,32.9742987603454],[-96.2974274070491,32.9814957979353],[-96.2972274152047,32.9945758026611],[-96.2970249326864,33.0062811663425],[-96.2970174132008,33.0067158051886],[-96.2969174096272,33.017605804836],[-96.2968174150613,33.0292258038466],[-96.2967274120614,33.0384958083762],[-96.2966374167647,33.0488258085282],[-96.2965274144845,33.0587558132502],[-96.2964474121332,33.065935809399],[-96.2963574155377,33.0742458102984],[-96.2962774197767,33.0888758143096],[-96.2961874198085,33.1000658178916],[-96.2961074186134,33.1052558204093],[-96.2960674160616,33.1268258206338],[-96.2959674175385,33.1384858231727],[-96.295897415339,33.1433258270002],[-96.2958074152826,33.151295827205],[-96.2957374163528,33.1585958247381],[-96.2956674215663,33.1667658339803],[-96.2955574206657,33.1751958295431],[-96.2955274197839,33.1858258318055],[-96.2954674173941,33.1962858368728],[-96.2954174238342,33.2132358365747],[-96.295327426963,33.2343658439577],[-96.2952674222426,33.2467258462509],[-96.2952574288858,33.25003584493],[-96.2953674254365,33.2501658486723],[-96.295357425374,33.2812958559969],[-96.2953374287937,33.3020958545484],[-96.2954174332964,33.3518758672623],[-96.2947274323163,33.3519558670382],[-96.2931074352321,33.3521558636831],[-96.2916574310319,33.3523258684484],[-96.2905874268965,33.3524558652393],[-96.2887474306893,33.352685865101],[-96.2866374312532,33.3529558718342],[-96.2865274275494,33.3529558679019],[-96.2862074292782,33.3529858664551],[-96.2860974313087,33.3530058666653],[-96.2859674309036,33.3530158650321],[-96.2857774286415,33.3530458648733],[-96.285627424824,33.3530658699521],[-96.2855174339372,33.3530758699709],[-96.2851374316517,33.3531258718612],[-96.2850574348904,33.3531358696626],[-96.2849674299797,33.3531458680307],[-96.2848774250135,33.3531558672395],[-96.2845874345141,33.3531858686275],[-96.2842074269292,33.3532258668916],[-96.2833974278628,33.3533458693343],[-96.2832074326131,33.3533658684971],[-96.282687427719,33.3534258685941],[-96.2823274311876,33.3534658667717],[-96.2821674330058,33.3534758679278],[-96.2815974271507,33.3535658702575],[-96.2813074246452,33.353585869647],[-96.281137425493,33.353595870101],[-96.2808574300126,33.3536558642206],[-96.2801274253994,33.3537358688094],[-96.2798374323757,33.3537658660809],[-96.2797274254052,33.3537858670974],[-96.2792874319033,33.3538358669359],[-96.2788774316898,33.3538758685694],[-96.2783974281216,33.3539458656559],[-96.2768874289308,33.3541258640805],[-96.276487431348,33.3541758680441],[-96.2758174280283,33.3542658684608],[-96.2755374301447,33.3543058713449],[-96.2401074207518,33.3592358708199],[-96.2392774197564,33.3593458687644],[-96.23876741903,33.3594158678358],[-96.2383374145521,33.3594658699908],[-96.2380074226886,33.3595158674223],[-96.2375974153964,33.3595858734123],[-96.2373874140313,33.3596158710105],[-96.237267420263,33.3596258662011],[-96.2368974158403,33.3596758693738],[-96.2362974207108,33.3597458720077],[-96.2360574174113,33.3597858761373],[-96.2358874210101,33.3598258738603],[-96.2357074212411,33.3598358710846],[-96.2354174149835,33.3598458740337],[-96.2352174143147,33.3599058684373],[-96.2347174208145,33.3599558704365],[-96.2345774179388,33.3599758678931],[-96.2344374157594,33.3599858706319],[-96.2341274201973,33.3600358714985],[-96.2336174151727,33.3600958732764],[-96.2333774131279,33.3601258707902],[-96.2329774160026,33.3601758703805],[-96.2327574206857,33.3602058704121],[-96.2317374154952,33.3603358697845],[-96.2309074147425,33.360455872438],[-96.230667414973,33.3604858705466],[-96.2302674156191,33.3605358691494],[-96.2298174171313,33.3605958735096],[-96.2295574150379,33.3606358755823],[-96.2293774109824,33.360655876768],[-96.2287374163136,33.3607158743293],[-96.2286074192778,33.3607458727043],[-96.2284474167092,33.3607858759192],[-96.2280474140878,33.3608258749553],[-96.2277274118813,33.3608658735136],[-96.2275074113267,33.3609058692546],[-96.2272774151865,33.3609458711889],[-96.2267574142414,33.3610058721714],[-96.2264074145817,33.3610458696291],[-96.2260274171934,33.3610958762324],[-96.225317411403,33.3611958761501],[-96.2251474146332,33.3612258727918],[-96.2249074097175,33.3612658694225],[-96.2246774197748,33.3612858705973],[-96.2241274175386,33.3613458691112],[-96.2236374111877,33.3614258753577],[-96.2234474198394,33.3614558696451],[-96.2228274155751,33.361545867846],[-96.2224674163171,33.3615858709755],[-96.2222074174812,33.3616158741065],[-96.221137411389,33.3617758748948],[-96.2207874112309,33.3618158710967],[-96.2204174126222,33.3618558692124],[-96.220157412785,33.3618958755725],[-96.2199274116598,33.3619358755106],[-96.2195274109284,33.3619858706823],[-96.2191874158547,33.3620258759446],[-96.2186374193154,33.3621158746217],[-96.2182474095905,33.3621758680819],[-96.2179874088136,33.3622158746946],[-96.2177274125839,33.362235873615],[-96.217367414574,33.3622758711018],[-96.2161474188396,33.3624658721798],[-96.2157874134187,33.3624958705498],[-96.2155374087572,33.3625158738322],[-96.2151374126674,33.3625858686797],[-96.2146974120912,33.3626158730852],[-96.2146374123843,33.3626458726871],[-96.2145474106053,33.3626758678349],[-96.214087407932,33.3627258730689],[-96.2137474170196,33.3627558753313],[-96.2130274080399,33.3628558664802],[-96.2123874114929,33.3629558740007],[-96.2121374122036,33.3629758755562],[-96.2118574060018,33.3630058760381],[-96.2114974136429,33.3630558686892],[-96.2112174172741,33.3630958735831],[-96.2110974086726,33.3631058709081],[-96.2109374139577,33.3631158712489],[-96.2107874086835,33.3631458705408],[-96.2106274128843,33.3631858715548],[-96.2103774104088,33.3632058706096],[-96.2101474071242,33.3632258733517],[-96.2098374101526,33.3632758727233],[-96.2094974142843,33.3633358704722],[-96.209187408859,33.3633658697733],[-96.2087874137708,33.3634158761703],[-96.2086074068808,33.3634258743868],[-96.2081174101139,33.3634958761223],[-96.2077774084645,33.3635458737667],[-96.2076174098436,33.3635658700588],[-96.2063074083161,33.3637458721756],[-96.2058774091038,33.3637858742356],[-96.2055674072736,33.363815869711],[-96.205387408778,33.3638458774911],[-96.205167407123,33.3638858760524],[-96.2042374117608,33.3640058730103],[-96.2037474079539,33.3640658746405],[-96.2033974090369,33.3641058738845],[-96.2031674141904,33.3641758777994],[-96.2030174089878,33.364175872645],[-96.2028574111894,33.3641858721948],[-96.2026574062363,33.3642058725494],[-96.2025374087409,33.3642258724736],[-96.201347412734,33.3644058722838],[-96.201097408308,33.3644358710595],[-96.2006674059406,33.3644858716065],[-96.2004574088318,33.3645258725526],[-96.2003274103989,33.3645458739613],[-96.2001674049992,33.3645558754717],[-96.1997974087386,33.3646058696473],[-96.1994774097266,33.3646658736659],[-96.1990874036589,33.3646958758929],[-96.1988774065529,33.3647158705715],[-96.19815740659,33.3648358738246],[-96.1978274096066,33.3648658779203],[-96.1964174110126,33.3650658728362],[-96.1959974097722,33.3651058749044],[-96.1953974054534,33.3652058718601],[-96.1948974064219,33.3652658766683],[-96.1944874112303,33.3653158747597],[-96.1939974090955,33.3653958732236],[-96.1933574055273,33.3654758737852],[-96.1929674028247,33.3655458747767],[-96.1920874118868,33.3656458732197],[-96.1915374086584,33.3657158715874],[-96.1908674021903,33.3658358707667],[-96.1905574052447,33.3658658729342],[-96.1899774056522,33.3659258767375],[-96.1898474027419,33.3659458741058],[-96.1894974028446,33.3659958720707],[-96.1884274048949,33.3661358755216],[-96.1878374109439,33.3662258721523],[-96.1873174099572,33.36628587248],[-96.186587404913,33.3663758775588],[-96.1862074054251,33.3664358752591],[-96.1859474067307,33.3664758753598],[-96.1839674035655,33.3667258766259],[-96.1837774020973,33.3667558772432],[-96.1834774091379,33.3668058754465],[-96.1831874000018,33.3668358727902],[-96.1829974098858,33.3668658726232],[-96.1816174037141,33.3670358761551],[-96.1808573987188,33.367115873977],[-96.1803773991456,33.3671958772825],[-96.1795774078823,33.3672958745648],[-96.1784374016301,33.3674558761887],[-96.1780874063585,33.3674958766785],[-96.1767773994385,33.3676658732546],[-96.1761673973047,33.3677458754311],[-96.1759974019613,33.3677758816552],[-96.1754673990795,33.3678458735109],[-96.1743074002774,33.367985876369],[-96.1736474036701,33.3680758731177],[-96.1729173983972,33.3681658763379],[-96.1716374053866,33.368355880128],[-96.1705474077778,33.3685058771856],[-96.169417399035,33.3686558759682],[-96.1669074022258,33.3689858793551],[-96.1662574035702,33.369085874704],[-96.1643273996315,33.3693458754655],[-96.1638074029879,33.3693958768901],[-96.1635574000863,33.3694358784744],[-96.1632973997634,33.3694858760013],[-96.1627674019684,33.369555877043],[-96.1620973973229,33.3696358764045],[-96.1613473981092,33.3697358745988],[-96.1611474009169,33.3697558741567],[-96.1609673981902,33.3697758776261],[-96.1595873980689,33.3699758727886],[-96.1588873988774,33.3700558772706],[-96.1585573973252,33.3701158799738],[-96.1577774000745,33.3702058788381],[-96.1575074011038,33.3702358768058],[-96.15715740085,33.3702658779124],[-96.1564673955859,33.370375873354],[-96.1561074018822,33.3704358779957],[-96.1557673957738,33.3704758797998],[-96.1554473971691,33.3705058769559],[-96.1546073921224,33.3706258780184],[-96.1539673999979,33.370695878039],[-96.153807396167,33.3707058770376],[-96.1535374037386,33.3707558765156],[-96.153327399087,33.3707958797599],[-96.1532174029324,33.3708158777943],[-96.1523273977187,33.3709158818688],[-96.1514973997874,33.3710158714131],[-96.1499273952334,33.3712158772652],[-96.1493273934942,33.3712858757736],[-96.1490373919985,33.3713258812375],[-96.1471873934797,33.371595875215],[-96.1468873974985,33.371625876357],[-96.1466673921001,33.371655871972],[-96.1458673973196,33.3717658744018],[-96.1438673953936,33.3720158756831],[-96.1431773970074,33.3721558735089],[-96.1422873942444,33.372265877516],[-96.1419973919485,33.3722958737452],[-96.1415173980679,33.3723358800125],[-96.1413673973918,33.3723658799102],[-96.1412673938728,33.3723958771469],[-96.1410573915477,33.3724258798983],[-96.1406473967765,33.3724758746645],[-96.1401673893081,33.3725458807775],[-96.1398273913493,33.3725958802183],[-96.1391873909313,33.3726658793324],[-96.1378773958993,33.3728558758007],[-96.1374773923015,33.3729058807283],[-96.1368373915778,33.3729958761661],[-96.1363173869022,33.3730658795515],[-96.1360073918262,33.3731058758238],[-96.1353373932406,33.3731958771984],[-96.1338273943245,33.3733958751418],[-96.1323673912767,33.3735958784583],[-96.1315273893015,33.3737058791919],[-96.1307073918486,33.3738158755627],[-96.1294273928221,33.373985879416],[-96.1279773951875,33.3741658795022],[-96.1268373886795,33.37431587435],[-96.1264273918891,33.3743658767277],[-96.1259173905816,33.3744358795979],[-96.1247073915388,33.3745958833507],[-96.1235473880178,33.3747458782004],[-96.1232973867405,33.3747758817083],[-96.1229973878994,33.3748158769785],[-96.1227273943282,33.3748658790478],[-96.1225473939595,33.3748958768964],[-96.1218773877551,33.3749558737104],[-96.1215273848503,33.3750058789516],[-96.1209873886729,33.3750858803579],[-96.1205573831558,33.3751358801827],[-96.1201673922447,33.3751858748103],[-96.1178073883384,33.3755058805427],[-96.116057393807,33.375725879117],[-96.1150273884348,33.3758658835216],[-96.114967388967,33.37586587672],[-96.1137873837966,33.3760258774635],[-96.1129173876987,33.3761458785206],[-96.1121173814199,33.3762358795969],[-96.1111773853587,33.376365879922],[-96.1100973827146,33.3765058761611],[-96.1069073873377,33.3769358794851],[-96.1051273832378,33.3771758820017],[-96.1033273885848,33.3774158786447],[-96.1002473818016,33.3778158806288],[-96.0964273838561,33.3783158799981],[-96.0957473854316,33.3784058773793],[-96.0941073779074,33.3786258827212],[-96.0899573821322,33.3791658805691],[-96.0889773822782,33.3792958835563],[-96.0881573803465,33.3794258811423],[-96.0854273812472,33.3797858805661],[-96.0848873766915,33.3798458828449],[-96.0842773806817,33.3799258831549],[-96.0827873818921,33.3801158795352],[-96.0816573802402,33.3802758789621],[-96.0803873807637,33.3804358788283],[-96.0785773771244,33.3806758782322],[-96.0757773767551,33.3810358837501],[-96.0735073790367,33.3813358802362],[-96.0718273791399,33.3815558869294],[-96.0686273763604,33.3819658826819],[-96.0684973767565,33.3819858836295],[-96.0682873723946,33.3820258820942],[-96.0679373727922,33.382075882058],[-96.0670873750651,33.382165884555],[-96.064427371607,33.3825358841971],[-96.0636773753791,33.3826258836927],[-96.0609273775903,33.3829858810478],[-96.057987377247,33.3833858779619],[-96.0547173712233,33.383795886871],[-96.0540173687618,33.3838958821953],[-96.0529573710227,33.3840458820718],[-96.0523973782524,33.3840958799238],[-96.0503573714868,33.3843758852084],[-96.0489673727518,33.3845558842554],[-96.0479873668589,33.3846958837956],[-96.0461373701947,33.384925886912],[-96.0450073714609,33.3850958856463],[-96.042497369205,33.3854258877254],[-96.0414473662321,33.3855458834109],[-96.0399673718973,33.3857558877614],[-96.0382373695567,33.3859758836463],[-96.0367273688267,33.3861658907113],[-96.035997367191,33.3862658894648],[-96.0350073663174,33.3863958854908],[-96.0336973660464,33.3865758880616],[-96.0319873657338,33.3868058827812],[-96.0305973706289,33.3869858834488],[-96.0293973661589,33.3871458818231],[-96.0277073629786,33.387375881839],[-96.026657367652,33.3875058843488],[-96.0260073651755,33.3875858861708],[-96.0249073674983,33.3877358816139],[-96.0229673670149,33.3880058841289],[-96.0220773663385,33.3881058859734],[-96.0214073629617,33.3881758874113],[-96.018517361015,33.3885758829825],[-96.0161373636014,33.3889058904871],[-96.0136773646868,33.389225885043],[-96.0124473610887,33.3893758917819],[-96.0117473608453,33.3894658831377],[-96.0103473649143,33.3896358878967],[-96.0088073623164,33.389865887265],[-96.0072873638447,33.3900858888064],[-96.0043473590931,33.3904758841472],[-96.0025673599474,33.3907258891918],[-96.0008973562926,33.3909458892841],[-96.0004773601864,33.3910158887718],[-96.0002973642611,33.39103588282],[-96.0001073521445,33.3910658876101],[-95.9999673557625,33.3910758882731],[-95.9984573592832,33.3912858878704],[-95.9981973588055,33.3913158858521],[-95.9978773598727,33.3913658851134],[-95.995467354055,33.391695882449],[-95.9942373552578,33.3918658919401],[-95.9844973483146,33.3931558895113],[-95.9827673520419,33.3933758874852],[-95.9781973513213,33.3939658882051],[-95.9706973520785,33.3948958853133],[-95.9628773488545,33.3958958900696],[-95.9581273494583,33.3965258932689],[-95.9579473472737,33.3965458894676],[-95.9556273543321,33.3968458919257],[-95.9550373481352,33.3969158928125],[-95.9539273503906,33.3970758928325],[-95.9511173459116,33.3974358910246],[-95.951027345126,33.397445889392],[-95.9491073441912,33.3976858918562],[-95.9456273519593,33.3981858890425],[-95.944007343136,33.3984058900641],[-95.9410073433715,33.3988258918565],[-95.9397573442083,33.3989858903433],[-95.9387173437186,33.3991258898333],[-95.9356773432061,33.399535890301],[-95.9355873460599,33.3995558871101],[-95.9321873419308,33.4000358901479],[-95.931657340781,33.4001158967087],[-95.9311173413454,33.4002158947376],[-95.9266873422832,33.4007558910339],[-95.9214173347163,33.4014758901392],[-95.9173373363033,33.4019458913099],[-95.9137773332291,33.4024358912395],[-95.9101073322724,33.4029058933226],[-95.9099373351318,33.4029258937365],[-95.9023773363133,33.4038858975651],[-95.8954373307503,33.4047958971052],[-95.8948573351439,33.4048458917915],[-95.8944773375859,33.4048758954139],[-95.8924073344133,33.40516589162],[-95.8922973308453,33.4051858936876],[-95.8891173305216,33.405615892875],[-95.8826173286625,33.406425898231],[-95.8790873322611,33.4068958930822],[-95.8789473243783,33.4069058978437],[-95.8762573274143,33.4072658990572],[-95.8753373241408,33.4073958971285],[-95.8752773285126,33.4073958940501],[-95.8740073277666,33.4075958968536],[-95.8714173206849,33.4079258994735],[-95.8690173247915,33.4082358966255],[-95.8674973295096,33.408415895743],[-95.8640473226736,33.4088759013693],[-95.8612073240621,33.4092558938117],[-95.8599573243319,33.4094158985961],[-95.8596522343932,33.4094512709663],[-95.8586976278983,33.4095619478839],[-95.8585773202086,33.4095758974295],[-95.8587373290059,33.3951158954567],[-95.8589502830277,33.3840486442531],[-95.8591173165201,33.3753658879485],[-95.8594073225576,33.3610458869616],[-95.8597073167812,33.3470358803078],[-95.8599573207385,33.3360658801375],[-95.8599973166677,33.3345958859757],[-95.8604673232924,33.313505879587],[-95.860637323805,33.3011258767718],[-95.8605373147067,33.2996858784389],[-95.8605473154549,33.2987958765858],[-95.8606674058846,33.2944467594331],[-95.8607773176437,33.29046586984],[-95.8611973159933,33.2704658725536],[-95.8612773171001,33.2619058711881],[-95.861387319288,33.2535658703587],[-95.8614173142721,33.2510158698836],[-95.8613673177215,33.2494958617599],[-95.8614873154218,33.2430358645824],[-95.8614973177251,33.2423558621045],[-95.8615973102019,33.2325758616602],[-95.8617573115507,33.2203858639185],[-95.8617673122928,33.2192958571441]]]},"properties":{"FIPS_ST_CNTY_CD":"48231","CNTY_NM":"Hunt"}},{"type":"Feature","geometry":{"type":"Polygon","coordinates":[[[-97.0311212726793,32.9845706181832],[-97.0313106705791,32.9812037328199],[-97.0315547143687,32.976053691322],[-97.0317138115253,32.9726959466358],[-97.0319511127695,32.9673754848232],[-97.0322275961851,32.9611757614298],[-97.0322375983808,32.9536957618931],[-97.0322875949644,32.9415257569286],[-97.032317592327,32.9324957518156],[-97.0324075904082,32.9227657547475],[-97.0326375935158,32.9060557534442],[-97.03285758838,32.8863157441985],[-97.0330075853852,32.8751757432754],[-97.0332275950125,32.86440574655],[-97.0334275858947,32.8553157417958],[-97.03367758762,32.8448457409049],[-97.0338475893454,32.8372557358709],[-97.0341375901667,32.8218657327522],[-97.0342404611638,32.8169737196696],[-97.034317586122,32.8133057300016],[-97.0346175819766,32.7970257317692],[-97.0347675836917,32.790235726704],[-97.0350075875315,32.777965726449],[-97.0352275850531,32.7694157220921],[-97.0352368012199,32.7688609223201],[-97.0354675845337,32.7549657206747],[-97.0359175802686,32.721945714996],[-97.0360175791624,32.7114757138655],[-97.0368175808632,32.6591357077383],[-97.0377475731481,32.5917656939505],[-97.0384175714255,32.5485356844469],[-97.0869653197069,32.5492556455262],[-97.0869675881863,32.5492556798621],[-97.1088875856457,32.5496156784828],[-97.1128475930296,32.5497156770304],[-97.1177575905996,32.5498356773817],[-97.1381424358415,32.5502233535666],[-97.1472575973155,32.5503956750571],[-97.1614176005261,32.5505756825778],[-97.1660076060107,32.5506256747033],[-97.1690176014328,32.5506656816813],[-97.2010576094203,32.5511956777478],[-97.2180576188566,32.5514556719779],[-97.2501276231316,32.5519456778153],[-97.250357624484,32.551915678766],[-97.2533276293832,32.5519656738619],[-97.2559176233707,32.5519856727899],[-97.2768176274827,32.5522556726681],[-97.2848576342769,32.5523156747413],[-97.2903776355827,32.5523856755579],[-97.2991476325909,32.552475670869],[-97.3067476411245,32.552555668766],[-97.3115076413228,32.5526056721294],[-97.317737640032,32.5526756742863],[-97.3267376439293,32.5527756680457],[-97.3390576436238,32.5528956685485],[-97.3614376561996,32.5531756705641],[-97.3750776551742,32.5533456712645],[-97.3753476547771,32.5533156712537],[-97.3880876627964,32.5534456713553],[-97.406147664582,32.5536156659921],[-97.4131276612933,32.5537256655655],[-97.4258676701502,32.5539256665582],[-97.4357076717951,32.5541156684647],[-97.4505576772846,32.554375666911],[-97.4593876755266,32.5545256638893],[-97.4637176792647,32.5545956701889],[-97.4828076868193,32.5549156634877],[-97.4892076867031,32.5550056619865],[-97.4907476820758,32.5550456656262],[-97.500557687205,32.55520566551],[-97.5287176942831,32.5551256640297],[-97.5439177025561,32.5550756565668],[-97.5506077007233,32.5550556605617],[-97.5504977045965,32.5679356625619],[-97.5504377043749,32.5760956637636],[-97.5503677000901,32.5841756692506],[-97.5503377057422,32.5884656681577],[-97.5502977076008,32.5973656725088],[-97.5502577009384,32.6031056752809],[-97.5501777055514,32.6114556732607],[-97.5501877074157,32.6161756737009],[-97.5502077075057,32.6198156760799],[-97.5501777046102,32.6245756779648],[-97.5502077046077,32.6252356763244],[-97.5501734393522,32.6296900862404],[-97.5501477025714,32.6330356767261],[-97.5501077069248,32.6390956796784],[-97.5500377106886,32.645945680761],[-97.5500177131317,32.6537456843024],[-97.5499677114494,32.6580056825415],[-97.5499477108599,32.6626856788544],[-97.5499177036075,32.6668656829542],[-97.5498377077703,32.6746856873714],[-97.5498277115721,32.6795156899457],[-97.5493477082118,32.7085656891915],[-97.5492677104395,32.7147956934394],[-97.5492077111237,32.7211056873006],[-97.5487686367892,32.7450999205545],[-97.5484377094769,32.7631757066626],[-97.5482277103464,32.7766356997268],[-97.547717719403,32.8056457060289],[-97.5465677202048,32.8635757218866],[-97.546327723209,32.8750957224846],[-97.5462177200704,32.8751657217772],[-97.5461277241087,32.882835724379],[-97.5461125083976,32.8836994219753],[-97.5458827944764,32.8967381311404],[-97.5453877253755,32.9248257352552],[-97.5452133330156,32.9332371479535],[-97.5451039443121,32.9385124761968],[-97.5450377223019,32.9417057338367],[-97.5445477287771,32.9668057355241],[-97.5443734600254,32.9781101925169],[-97.5443283161378,32.9810381065641],[-97.544127725639,32.9940457471017],[-97.5357577241513,32.9939957462548],[-97.5237077211303,32.9939957459248],[-97.5196077166004,32.9939257490053],[-97.5112777205932,32.9937757440444],[-97.5036477160891,32.9935557449559],[-97.5012677124306,32.9935157484601],[-97.5003477149094,32.9934957486585],[-97.5002877182669,32.9934857483543],[-97.5001177134251,32.9934357476547],[-97.4951277107751,32.9933057475524],[-97.4731377076241,32.9929557464332],[-97.4594477043998,32.9927357474533],[-97.4444577029032,32.9925257513406],[-97.4399377002891,32.9924557501936],[-97.4315076969649,32.9923357535856],[-97.4293176964002,32.9922657482098],[-97.4283576925294,32.9922257485366],[-97.4247576965615,32.9921057508575],[-97.4147278917634,32.9919942462768],[-97.4066620661791,32.9918086406625],[-97.4023301467619,32.9916836877423],[-97.3985259243574,32.9917314809579],[-97.3965484293167,32.9917262789301],[-97.3926014967209,32.9917073297585],[-97.3903545997591,32.9916980482328],[-97.3868269234042,32.9916833878097],[-97.3819467712058,32.991662962441],[-97.3780629474189,32.9916465730145],[-97.3753829799449,32.9916351994615],[-97.3581642479616,32.9915605456713],[-97.3561811610232,32.9915517825497],[-97.3280225466774,32.9914243956382],[-97.3046280665745,32.9913136946189],[-97.3003552451508,32.9912930585496],[-97.2988404354201,32.9912857414312],[-97.2892903689732,32.991238771419],[-97.2723556442396,32.9911537569045],[-97.2636322851883,32.9911090976632],[-97.2548538610142,32.9910635687293],[-97.2542057846047,32.9910603591746],[-97.2476553274471,32.9910258898166],[-97.2348150136327,32.9909573891319],[-97.2347236006691,32.9909568996338],[-97.2288602439653,32.9909251961824],[-97.2249035773196,32.9909036793799],[-97.2229980322448,32.9908930038292],[-97.2165931330781,32.9908578475836],[-97.1933403554713,32.9907270596842],[-97.189023464942,32.9907024354708],[-97.1878640911848,32.990695825507],[-97.1795029559173,32.9906471243],[-97.1785305095876,32.9906413906688],[-97.1718756680481,32.990602450405],[-97.1671052023876,32.990574475991],[-97.1664978989817,32.9905708812842],[-97.1570123908368,32.9905141366336],[-97.1515444249434,32.9904809892401],[-97.1333677446915,32.9903694466206],[-97.1255319795716,32.9903205817523],[-97.1149210684348,32.9902536740787],[-97.1010361885092,32.990164817383],[-97.0735553931952,32.9899846397955],[-97.0614854826682,32.989903395672],[-97.0452039335861,32.9897920372528],[-97.0334196606596,32.9897100288968],[-97.0310190132985,32.9896932055814],[-97.0309216754691,32.9880213350003],[-97.0311212726793,32.9845706181832]]]},"properties":{"FIPS_ST_CNTY_CD":"48439","CNTY_NM":"Tarrant"}},{"type":"Feature","geometry":{"type":"Polygon","coordinates":[[[-96.7455774984892,32.5466256935284],[-96.7502175036252,32.5466556995889],[-96.7503474998394,32.5467256971526],[-96.7630475009626,32.5467856922875],[-96.7918975060089,32.5469756946941],[-96.8104575156467,32.5470956944348],[-96.8174428200423,32.5471450803338],[-96.8174637967563,32.5471452273615],[-96.8267790654605,32.5472105029941],[-96.8267924102123,32.5472105959151],[-96.836177518007,32.5472756870089],[-96.8548875242625,32.547385694994],[-96.8749675248336,32.5475056900366],[-96.8849275324339,32.5475656850481],[-96.8871175332557,32.5475756920095],[-96.8914975342478,32.5475956897182],[-96.892937536172,32.5475756904762],[-96.8937775388908,32.5475756924108],[-96.897327535487,32.5475956889821],[-96.9024275366982,32.5476056866299],[-96.9137175369275,32.5476456894342],[-96.92172754046,32.5476856919107],[-96.9260675444386,32.5477056839419],[-96.9291375405765,32.5477256892276],[-96.9353075445315,32.5477556849762],[-96.9526875484518,32.5478856848854],[-96.9627475483207,32.5479356893872],[-96.9715649644219,32.5479996113923],[-96.9765775537713,32.5480356855101],[-96.9812536285648,32.5480679934865],[-96.9984975586325,32.5481856874719],[-97.0104775637803,32.5482756852733],[-97.0200175684628,32.5483456806227],[-97.0251875691115,32.5483756829892],[-97.0384175714255,32.5485356844469],[-97.0377475731481,32.5917656939505],[-97.0368175808632,32.6591357077383],[-97.0360175791624,32.7114757138655],[-97.0359175802686,32.721945714996],[-97.0354675845337,32.7549657206747],[-97.0352368012199,32.7688609223201],[-97.0352275850531,32.7694157220921],[-97.0350075875315,32.777965726449],[-97.0347675836917,32.790235726704],[-97.0346175819766,32.7970257317692],[-97.034317586122,32.8133057300016],[-97.0342404611638,32.8169737196696],[-97.0341375901667,32.8218657327522],[-97.0338475893454,32.8372557358709],[-97.03367758762,32.8448457409049],[-97.0334275858947,32.8553157417958],[-97.0332275950125,32.86440574655],[-97.0330075853852,32.8751757432754],[-97.03285758838,32.8863157441985],[-97.0326375935158,32.9060557534442],[-97.0324075904082,32.9227657547475],[-97.032317592327,32.9324957518156],[-97.0322875949644,32.9415257569286],[-97.0322375983808,32.9536957618931],[-97.0322275961851,32.9611757614298],[-97.0319511127695,32.9673754848232],[-97.0317138115253,32.9726959466358],[-97.0315547143687,32.976053691322],[-97.0313106705791,32.9812037328199],[-97.0311212726793,32.9845706181832],[-97.0309216754691,32.9880213350003],[-97.0310190132985,32.9896932055814],[-97.0078067837386,32.9894660310131],[-96.9425875743803,32.9888057678905],[-96.9155575679876,32.9884157707102],[-96.9059175630006,32.9882757733956],[-96.8715775599926,32.9878457750298],[-96.8439875464179,32.987455770933],[-96.8412875527927,32.9874157724026],[-96.8346875509545,32.9873057755259],[-96.8267075416051,32.9871857766702],[-96.8221175448319,32.9870957750214],[-96.8001475399255,32.9867657775152],[-96.7924075404802,32.9866457800262],[-96.7799075312421,32.9864457763074],[-96.767097529924,32.9862857785115],[-96.7460675251514,32.9860057803709],[-96.7397275182316,32.9859057755375],[-96.7289575198794,32.9857457798229],[-96.7152075140357,32.9855457832202],[-96.7084675099363,32.985445778798],[-96.6887475034144,32.9851557795318],[-96.6772675085273,32.9850057807561],[-96.6719575026,32.9849257833451],[-96.6647775037235,32.9848157855855],[-96.6615775007024,32.9847657802374],[-96.6444074966866,32.9845357844013],[-96.640327503256,32.9844757782296],[-96.6320574935885,32.9843557798318],[-96.6222174931681,32.9841657820554],[-96.6173874943746,32.9840757831815],[-96.5984574838097,32.983755780404],[-96.5941274904698,32.9836757847384],[-96.5860674846527,32.9835557841433],[-96.5771474836972,32.9834257833349],[-96.5715474813838,32.9833457848141],[-96.5659774810104,32.9832557827672],[-96.5618343572605,32.9831746336716],[-96.5562874800484,32.9830657869067],[-96.5468174755986,32.9829057856469],[-96.5437474728789,32.9828557886303],[-96.5293974710182,32.982635784833],[-96.517677462391,32.9824457862567],[-96.5173674675136,32.9824457910311],[-96.5168874693244,32.9824357913047],[-96.5170674594439,32.9680357858053],[-96.5171674673146,32.9579857833837],[-96.5173374631187,32.9471257800464],[-96.5173474662258,32.9462557803148],[-96.5172674659914,32.946085785306],[-96.5171674662229,32.9458757775752],[-96.5172374625442,32.941565781148],[-96.517407461263,32.9412657785301],[-96.517737468146,32.9235557768045],[-96.5179574646067,32.9130257767348],[-96.5181374589842,32.904115771068],[-96.5182674592547,32.8936257658984],[-96.5182674630222,32.8916057732905],[-96.5183074561189,32.888465766759],[-96.5183074589806,32.8840757649832],[-96.5183574614199,32.8770657692403],[-96.5185174613689,32.8632357652125],[-96.5185974565307,32.8548857625865],[-96.5187174529783,32.8444557621275],[-96.5187674552541,32.8386657601273],[-96.5188174559988,32.8319257545827],[-96.5189074532647,32.8244157564074],[-96.5189244882168,32.8225892223896],[-96.5189474585439,32.820125756789],[-96.5190174538164,32.8139157559208],[-96.5190574533257,32.8104057582584],[-96.5191674574265,32.8007957521049],[-96.5192374555866,32.7941457522533],[-96.5193674547703,32.7840457494911],[-96.5193874554711,32.7809457495605],[-96.5194274522573,32.7752457454421],[-96.5195374574582,32.7651457477176],[-96.5195774493707,32.7598657517385],[-96.5196174527445,32.755085741991],[-96.5196474496855,32.7501057433358],[-96.5198174533546,32.7393057415443],[-96.5201374515399,32.7194157361551],[-96.520587453306,32.694395729274],[-96.520707448512,32.6860257306269],[-96.5208574486491,32.6798257277602],[-96.5214674453708,32.6448257223814],[-96.5218174434524,32.6252057179206],[-96.5218674401136,32.6250757179657],[-96.5219874457742,32.6188457154458],[-96.523327440111,32.5453457030385],[-96.5260174447045,32.5453557081479],[-96.5298774404023,32.5453857051904],[-96.5299974413338,32.5453857010245],[-96.5315174380256,32.5453957012938],[-96.5384674439964,32.5454257036442],[-96.5434174442444,32.5454557022347],[-96.5526774484952,32.5455157032811],[-96.5606874506461,32.5455657020621],[-96.5655874514859,32.5455957023508],[-96.5707574545951,32.5456157009418],[-96.5779174530265,32.5456557028422],[-96.5876274601931,32.5457156993877],[-96.5920074613072,32.5457356998788],[-96.6049474650748,32.5457957016431],[-96.6141874645204,32.5458556978473],[-96.6328474698029,32.5459756968266],[-96.6468374711083,32.5460656963914],[-96.6549674785663,32.5461256959119],[-96.6668274742718,32.5461656943591],[-96.6742774804639,32.5462157004488],[-96.6868074810194,32.5463056938342],[-96.6924374838505,32.5463256964181],[-96.6963674875538,32.5463356997584],[-96.7188974858822,32.5464856969746],[-96.7365474951023,32.546595697091],[-96.7397574958994,32.5466057004143],[-96.7455774984892,32.5466256935284]]]},"properties":{"FIPS_ST_CNTY_CD":"48113","CNTY_NM":"Dallas"}}]}